"","Pond","Date","Julianday","CharacteristicID","ResultValue"
"1","1",1993-05-20,"140","Temp_degC","14.3"
"2","1",1993-05-20,"140","DO_mg.L","10.83"
"3","1",1993-05-20,"140","SPC_mS.cm","2.04"
"4","1",1993-05-20,"140","pH_hydro","7.98"
"5","1",1993-05-27,"147","Temp_degC","12.9"
"6","1",1993-05-27,"147","DO_mg.L","10.95"
"7","1",1993-05-27,"147","SPC_mS.cm","2.09"
"8","1",1993-05-27,"147","pH_hydro","8.23"
"9","1",1993-06-09,"160","Temp_degC","19.9"
"10","1",1993-06-09,"160","DO_mg.L","12.31"
"11","1",1993-06-09,"160","SPC_mS.cm","2.13"
"12","1",1993-06-09,"160","pH_hydro","8.83"
"13","1",1993-06-23,"174","Temp_degC","17.5"
"14","1",1993-06-23,"174","DO_mg.L","12.34"
"15","1",1993-06-23,"174","SPC_mS.cm","2.23"
"16","1",1993-06-23,"174","pH_hydro","10.40"
"17","1",1993-07-08,"189","Temp_degC","20.5"
"18","1",1993-07-08,"189","DO_mg.L","15.61"
"19","1",1993-07-08,"189","SPC_mS.cm","2.14"
"20","1",1993-07-08,"189","pH_hydro","8.72"
"21","1",1993-07-22,"203","Temp_degC","20.2"
"22","1",1993-07-22,"203","DO_mg.L","10.61"
"23","1",1993-07-22,"203","SPC_mS.cm","2.13"
"24","1",1993-07-22,"203","pH_hydro","8.89"
"25","1",1993-08-04,"216","Temp_degC","20.3"
"26","1",1993-08-04,"216","DO_mg.L","13.27"
"27","1",1993-08-04,"216","SPC_mS.cm","2.23"
"28","1",1993-08-04,"216","pH_hydro","8.88"
"29","1",1993-08-18,"230","Temp_degC","17.6"
"30","1",1993-08-18,"230","DO_mg.L","5.56"
"31","1",1993-08-18,"230","SPC_mS.cm","2.21"
"32","1",1993-08-18,"230","pH_hydro","8.08"
"33","1",1993-08-27,"239","Temp_degC","19.3"
"34","1",1993-08-27,"239","DO_mg.L","9.33"
"35","1",1993-08-27,"239","SPC_mS.cm","2.25"
"36","1",1993-08-27,"239","pH_hydro","8.69"
"37","1",1993-09-15,"258","Temp_degC","10.4"
"38","1",1993-09-15,"258","DO_mg.L","13.64"
"39","1",1993-09-15,"258","SPC_mS.cm","2.17"
"40","1",1993-09-15,"258","pH_hydro","8.93"
"41","1",1993-10-14,"287","Temp_degC","5.8"
"42","1",1993-10-14,"287","DO_mg.L","NC"
"43","1",1993-10-14,"287","SPC_mS.cm","2.42"
"44","1",1993-10-14,"287","pH_hydro","8.86"
"45","25",1993-05-20,"140","Temp_degC","16.9"
"46","25",1993-05-20,"140","DO_mg.L","7.04"
"47","25",1993-05-20,"140","SPC_mS.cm","1.31"
"48","25",1993-05-20,"140","pH_hydro","7.56"
"49","25",1993-05-27,"147","Temp_degC","10.8"
"50","25",1993-05-27,"147","DO_mg.L","8.01"
"51","25",1993-05-27,"147","SPC_mS.cm","1.56"
"52","25",1993-05-27,"147","pH_hydro","7.76"
"53","25",1993-06-10,"161","Temp_degC","21.0"
"54","25",1993-06-10,"161","DO_mg.L","8.24"
"55","25",1993-06-10,"161","SPC_mS.cm","1.75"
"56","25",1993-06-10,"161","pH_hydro","7.50"
"57","25",1993-06-23,"174","Temp_degC","17.5"
"58","25",1993-06-23,"174","DO_mg.L","12.14"
"59","25",1993-06-23,"174","SPC_mS.cm","1.84"
"60","25",1993-06-23,"174","pH_hydro","9.03"
"61","25",1993-07-08,"189","Temp_degC","22.1"
"62","25",1993-07-08,"189","DO_mg.L","12.93"
"63","25",1993-07-08,"189","SPC_mS.cm","1.64"
"64","25",1993-07-08,"189","pH_hydro","8.44"
"65","25",1993-07-21,"202","Temp_degC","19.6"
"66","25",1993-07-21,"202","DO_mg.L","11.31"
"67","25",1993-07-21,"202","SPC_mS.cm","1.71"
"68","25",1993-07-21,"202","pH_hydro","8.04"
"69","25",1993-08-04,"216","Temp_degC","19.3"
"70","25",1993-08-04,"216","DO_mg.L","8.03"
"71","25",1993-08-04,"216","SPC_mS.cm","1.80"
"72","25",1993-08-04,"216","pH_hydro","7.94"
"73","25",1993-08-18,"230","Temp_degC","18.1"
"74","25",1993-08-18,"230","DO_mg.L","7.20"
"75","25",1993-08-18,"230","SPC_mS.cm","1.80"
"76","25",1993-08-18,"230","pH_hydro","7.74"
"77","25",1993-08-27,"239","Temp_degC","16.9"
"78","25",1993-08-27,"239","DO_mg.L","6.22"
"79","25",1993-08-27,"239","SPC_mS.cm","1.83"
"80","25",1993-08-27,"239","pH_hydro","7.60"
"81","25",1993-09-15,"258","Temp_degC","9.9"
"82","25",1993-09-15,"258","DO_mg.L","14.06"
"83","25",1993-09-15,"258","SPC_mS.cm","1.64"
"84","25",1993-09-15,"258","pH_hydro","8.39"
"85","25",1993-10-14,"287","Temp_degC","5.0"
"86","25",1993-10-14,"287","DO_mg.L","NC"
"87","25",1993-10-14,"287","SPC_mS.cm","1.81"
"88","25",1993-10-14,"287","pH_hydro","8.40"
"89","37",1993-05-27,"147","Temp_degC","15.4"
"90","37",1993-05-27,"147","DO_mg.L","4.76"
"91","37",1993-05-27,"147","SPC_mS.cm","0.83"
"92","37",1993-05-27,"147","pH_hydro","7.12"
"93","50",1993-05-20,"140","Temp_degC","19.1"
"94","50",1993-05-20,"140","DO_mg.L","3.42"
"95","50",1993-05-20,"140","SPC_mS.cm","3.22"
"96","50",1993-05-20,"140","pH_hydro","7.38"
"97","50",1993-05-27,"147","Temp_degC","13.5"
"98","50",1993-05-27,"147","DO_mg.L","4.08"
"99","50",1993-05-27,"147","SPC_mS.cm","3.65"
"100","50",1993-05-27,"147","pH_hydro","7.42"
"101","50",1993-06-10,"161","Temp_degC","25.5"
"102","50",1993-06-10,"161","DO_mg.L","6.57"
"103","50",1993-06-10,"161","SPC_mS.cm","2.10"
"104","50",1993-06-10,"161","pH_hydro","7.72"
"105","50",1993-06-23,"174","Temp_degC","21.2"
"106","50",1993-06-23,"174","DO_mg.L","12.74"
"107","50",1993-06-23,"174","SPC_mS.cm","5.84"
"108","50",1993-06-23,"174","pH_hydro","Error"
"109","50",1993-07-08,"189","Temp_degC","23.7"
"110","50",1993-07-08,"189","DO_mg.L","5.58"
"111","50",1993-07-08,"189","SPC_mS.cm","4.13"
"112","50",1993-07-08,"189","pH_hydro","7.13"
"113","50",1993-07-21,"202","Temp_degC","21.0"
"114","50",1993-07-21,"202","DO_mg.L","8.31"
"115","50",1993-07-21,"202","SPC_mS.cm","4.59"
"116","50",1993-07-21,"202","pH_hydro","7.17"
"117","50",1993-08-04,"216","Temp_degC","19.4"
"118","50",1993-08-04,"216","DO_mg.L","2.27"
"119","50",1993-08-04,"216","SPC_mS.cm","4.96"
"120","50",1993-08-04,"216","pH_hydro","7.30"
"121","50",1993-08-18,"230","Temp_degC","19.1"
"122","50",1993-08-18,"230","DO_mg.L","4.28"
"123","50",1993-08-18,"230","SPC_mS.cm","4.58"
"124","50",1993-08-18,"230","pH_hydro","7.28"
"125","50",1993-08-27,"239","Temp_degC","18.8"
"126","50",1993-08-27,"239","DO_mg.L","3.28"
"127","50",1993-08-27,"239","SPC_mS.cm","4.70"
"128","50",1993-08-27,"239","pH_hydro","7.59"
"129","50",1993-09-15,"258","Temp_degC","12.5"
"130","50",1993-09-15,"258","DO_mg.L","2.32"
"131","50",1993-09-15,"258","SPC_mS.cm","4.94"
"132","50",1993-09-15,"258","pH_hydro","7.22"
"133","60",1993-05-27,"147","Temp_degC","22.3"
"134","60",1993-05-27,"147","DO_mg.L","8.72"
"135","60",1993-05-27,"147","SPC_mS.cm","0.43"
"136","60",1993-05-27,"147","pH_hydro","7.04"
"137","60",1993-07-08,"189","Temp_degC","22.2"
"138","60",1993-07-08,"189","DO_mg.L","3.21"
"139","60",1993-07-08,"189","SPC_mS.cm","0.11"
"140","60",1993-07-08,"189","pH_hydro","7.02"
"141","65",1993-05-20,"140","Temp_degC","16.7"
"142","65",1993-05-20,"140","DO_mg.L","7.15"
"143","65",1993-05-20,"140","SPC_mS.cm","3.35"
"144","65",1993-05-20,"140","pH_hydro","7.79"
"145","65",1993-05-27,"147","Temp_degC","12.6"
"146","65",1993-05-27,"147","DO_mg.L","8.34"
"147","65",1993-05-27,"147","SPC_mS.cm","3.51"
"148","65",1993-05-27,"147","pH_hydro","7.94"
"149","65",1993-06-09,"160","Temp_degC","20.0"
"150","65",1993-06-09,"160","DO_mg.L","6.71"
"151","65",1993-06-09,"160","SPC_mS.cm","3.71"
"152","65",1993-06-09,"160","pH_hydro","7.94"
"153","65",1993-06-23,"174","Temp_degC","17.1"
"154","65",1993-06-23,"174","DO_mg.L","10.15"
"155","65",1993-06-23,"174","SPC_mS.cm","4.01"
"156","65",1993-06-23,"174","pH_hydro","7.69"
"157","65",1993-07-08,"189","Temp_degC","21.0"
"158","65",1993-07-08,"189","DO_mg.L","6.61"
"159","65",1993-07-08,"189","SPC_mS.cm","3.40"
"160","65",1993-07-08,"189","pH_hydro","8.09"
"161","65",1993-07-22,"203","Temp_degC","20.2"
"162","65",1993-07-22,"203","DO_mg.L","6.09"
"163","65",1993-07-22,"203","SPC_mS.cm","3.49"
"164","65",1993-07-22,"203","pH_hydro","7.94"
"165","65",1993-08-04,"216","Temp_degC","18.1"
"166","65",1993-08-04,"216","DO_mg.L","6.06"
"167","65",1993-08-04,"216","SPC_mS.cm","3.74"
"168","65",1993-08-04,"216","pH_hydro","7.84"
"169","65",1993-08-18,"230","Temp_degC","17.5"
"170","65",1993-08-18,"230","DO_mg.L","3.35"
"171","65",1993-08-18,"230","SPC_mS.cm","3.66"
"172","65",1993-08-18,"230","pH_hydro","7.75"
"173","65",1993-08-27,"239","Temp_degC","17.5"
"174","65",1993-08-27,"239","DO_mg.L","2.52"
"175","65",1993-08-27,"239","SPC_mS.cm","3.78"
"176","65",1993-08-27,"239","pH_hydro","7.66"
"177","65",1993-09-15,"258","Temp_degC","9.6"
"178","65",1993-09-15,"258","DO_mg.L","10.79"
"179","65",1993-09-15,"258","SPC_mS.cm","3.44"
"180","65",1993-09-15,"258","pH_hydro","8.34"
"181","65",1993-10-14,"287","Temp_degC","4.8"
"182","65",1993-10-14,"287","DO_mg.L","NC"
"183","65",1993-10-14,"287","SPC_mS.cm","4.06"
"184","65",1993-10-14,"287","pH_hydro","8.28"
"185","66",1993-05-20,"140","Temp_degC","23.7"
"186","66",1993-05-20,"140","DO_mg.L","9.44"
"187","66",1993-05-20,"140","SPC_mS.cm","43.00"
"188","66",1993-05-20,"140","pH_hydro","8.16"
"189","66",1993-05-27,"147","Temp_degC","21.5"
"190","66",1993-05-27,"147","DO_mg.L","13.41"
"191","66",1993-05-27,"147","SPC_mS.cm","46.50"
"192","66",1993-05-27,"147","pH_hydro","8.58"
"193","66",1993-07-08,"189","Temp_degC","29.4"
"194","66",1993-07-08,"189","DO_mg.L",NA
"195","66",1993-07-08,"189","SPC_mS.cm","21.30"
"196","66",1993-07-08,"189","pH_hydro","9.25"
"197","66",1993-07-22,"203","Temp_degC","21.7"
"198","66",1993-07-22,"203","DO_mg.L","8.06"
"199","66",1993-07-22,"203","SPC_mS.cm","23.10"
"200","66",1993-07-22,"203","pH_hydro","9.35"
"201","66",1993-08-04,"216","Temp_degC","23.7"
"202","66",1993-08-04,"216","DO_mg.L","13.02"
"203","66",1993-08-04,"216","SPC_mS.cm","30.60"
"204","66",1993-08-04,"216","pH_hydro","9.68"
"205","66",1993-08-18,"230","Temp_degC","20.1"
"206","66",1993-08-18,"230","DO_mg.L","10.11"
"207","66",1993-08-18,"230","SPC_mS.cm","28.80"
"208","66",1993-08-18,"230","pH_hydro","9.52"
"209","66",1993-08-27,"239","Temp_degC","21.1"
"210","66",1993-08-27,"239","DO_mg.L","13.06"
"211","66",1993-08-27,"239","SPC_mS.cm","32.50"
"212","66",1993-08-27,"239","pH_hydro","9.82"
"213","66",1993-09-15,"258","Temp_degC","12.0"
"214","66",1993-09-15,"258","DO_mg.L","9.12"
"215","66",1993-09-15,"258","SPC_mS.cm","26.90"
"216","66",1993-09-15,"258","pH_hydro","9.16"
"217","66",1993-10-14,"287","Temp_degC","4.8"
"218","66",1993-10-14,"287","DO_mg.L","NC"
"219","66",1993-10-14,"287","SPC_mS.cm","35.10"
"220","66",1993-10-14,"287","pH_hydro","8.70"
"221","67",1993-05-27,"147","Temp_degC","16.8"
"222","67",1993-05-27,"147","DO_mg.L","8.64"
"223","67",1993-05-27,"147","SPC_mS.cm","6.04"
"224","67",1993-05-27,"147","pH_hydro","8.06"
"225","67",1993-06-09,"160","Temp_degC","21.4"
"226","67",1993-06-09,"160","DO_mg.L","4.56"
"227","67",1993-06-09,"160","SPC_mS.cm","7.20"
"228","67",1993-06-09,"160","pH_hydro","8.02"
"229","67",1993-06-23,"174","Temp_degC","18.0"
"230","67",1993-06-23,"174","DO_mg.L","9.81"
"231","67",1993-06-23,"174","SPC_mS.cm","8.25"
"232","67",1993-06-23,"174","pH_hydro","9.84"
"233","67",1993-07-08,"189","Temp_degC","24.5"
"234","67",1993-07-08,"189","DO_mg.L","10.18"
"235","67",1993-07-08,"189","SPC_mS.cm","5.50"
"236","67",1993-07-08,"189","pH_hydro","8.24"
"237","67",1993-07-22,"203","Temp_degC","21.5"
"238","67",1993-07-22,"203","DO_mg.L","8.65"
"239","67",1993-07-22,"203","SPC_mS.cm","5.68"
"240","67",1993-07-22,"203","pH_hydro","8.03"
"241","67",1993-08-04,"216","Temp_degC","21.2"
"242","67",1993-08-04,"216","DO_mg.L","8.37"
"243","67",1993-08-04,"216","SPC_mS.cm","2.34"
"244","67",1993-08-04,"216","pH_hydro","7.94"
"245","67",1993-08-18,"230","Temp_degC","18.0"
"246","67",1993-08-18,"230","DO_mg.L","4.56"
"247","67",1993-08-18,"230","SPC_mS.cm","6.41"
"248","67",1993-08-18,"230","pH_hydro","7.84"
"249","67",1993-08-27,"239","Temp_degC","17.5"
"250","67",1993-08-27,"239","DO_mg.L","3.95"
"251","67",1993-08-27,"239","SPC_mS.cm","6.87"
"252","67",1993-08-27,"239","pH_hydro","7.84"
"253","67",1993-09-15,"258","Temp_degC","9.1"
"254","67",1993-09-15,"258","DO_mg.L","11.61"
"255","67",1993-09-15,"258","SPC_mS.cm","1.45"
"256","67",1993-09-15,"258","pH_hydro","8.42"
"257","67",1993-10-14,"287","Temp_degC","6.2"
"258","67",1993-10-14,"287","DO_mg.L","NC"
"259","67",1993-10-14,"287","SPC_mS.cm","7.46"
"260","67",1993-10-14,"287","pH_hydro","Error"
"261","86",1993-05-27,"147","Temp_degC","10.4"
"262","86",1993-05-27,"147","DO_mg.L","4.34"
"263","86",1993-05-27,"147","SPC_mS.cm","0.34"
"264","86",1993-05-27,"147","pH_hydro","6.97"
"265","86",1993-06-09,"160","Temp_degC","18.9"
"266","86",1993-06-09,"160","DO_mg.L","2.82"
"267","86",1993-06-09,"160","SPC_mS.cm","0.36"
"268","86",1993-06-09,"160","pH_hydro","6.81"
"269","86",1993-06-23,"174","Temp_degC","17.4"
"270","86",1993-06-23,"174","DO_mg.L","4.49"
"271","86",1993-06-23,"174","SPC_mS.cm","0.38"
"272","86",1993-06-23,"174","pH_hydro","7.30"
"273","86",1993-07-08,"189","Temp_degC","17.5"
"274","86",1993-07-08,"189","DO_mg.L","1.09"
"275","86",1993-07-08,"189","SPC_mS.cm","0.36"
"276","86",1993-07-08,"189","pH_hydro","7.03"
"277","86",1993-07-22,"203","Temp_degC","17.8"
"278","86",1993-07-22,"203","DO_mg.L","1.74"
"279","86",1993-07-22,"203","SPC_mS.cm","0.36"
"280","86",1993-07-22,"203","pH_hydro","6.63"
"281","86",1993-08-04,"216","Temp_degC","16.5"
"282","86",1993-08-04,"216","DO_mg.L","3.08"
"283","86",1993-08-04,"216","SPC_mS.cm","0.39"
"284","86",1993-08-04,"216","pH_hydro","6.97"
"285","86",1993-08-18,"230","Temp_degC","17.1"
"286","86",1993-08-18,"230","DO_mg.L","5.50"
"287","86",1993-08-18,"230","SPC_mS.cm","0.37"
"288","86",1993-08-18,"230","pH_hydro","6.94"
"289","86",1993-08-27,"239","Temp_degC","14.7"
"290","86",1993-08-27,"239","DO_mg.L","2.44"
"291","86",1993-08-27,"239","SPC_mS.cm","0.42"
"292","86",1993-08-27,"239","pH_hydro","6.90"
"293","86",1993-09-14,"258","Temp_degC","9.1"
"294","86",1993-09-14,"258","DO_mg.L","7.50"
"295","86",1993-09-14,"258","SPC_mS.cm","0.40"
"296","86",1993-09-14,"258","pH_hydro","7.51"
"297","86",1993-10-14,"287","Temp_degC","5.4"
"298","86",1993-10-14,"287","DO_mg.L","NC"
"299","86",1993-10-14,"287","SPC_mS.cm","0.56"
"300","86",1993-10-14,"287","pH_hydro","7.09"
"301","90",1993-05-27,"147","Temp_degC","15.3"
"302","90",1993-05-27,"147","DO_mg.L","9.90"
"303","90",1993-05-27,"147","SPC_mS.cm","17.10"
"304","90",1993-05-27,"147","pH_hydro","7.70"
"305","90",1993-06-10,"161","Temp_degC","27.0"
"306","90",1993-06-10,"161","DO_mg.L","14.15"
"307","90",1993-06-10,"161","SPC_mS.cm","7.22"
"308","90",1993-06-10,"161","pH_hydro","8.83"
"309","90",1993-06-23,"174","Temp_degC","21.6"
"310","90",1993-06-23,"174","DO_mg.L","12.16"
"311","90",1993-06-23,"174","SPC_mS.cm","18.90"
"312","90",1993-06-23,"174","pH_hydro","8.95"
"313","90",1993-07-08,"189","Temp_degC","23.5"
"314","90",1993-07-08,"189","DO_mg.L","6.50"
"315","90",1993-07-08,"189","SPC_mS.cm","3.35"
"316","90",1993-07-08,"189","pH_hydro","7.69"
"317","90",1993-07-21,"202","Temp_degC","23.4"
"318","90",1993-07-21,"202","DO_mg.L","8.57"
"319","90",1993-07-21,"202","SPC_mS.cm","6.88"
"320","90",1993-07-21,"202","pH_hydro","7.73"
"321","90",1993-08-04,"216","Temp_degC","20.4"
"322","90",1993-08-04,"216","DO_mg.L","9.36"
"323","90",1993-08-04,"216","SPC_mS.cm","8.73"
"324","90",1993-08-04,"216","pH_hydro","7.64"
"325","90",1993-08-18,"230","Temp_degC","20.8"
"326","90",1993-08-18,"230","DO_mg.L","4.08"
"327","90",1993-08-18,"230","SPC_mS.cm","8.12"
"328","90",1993-08-18,"230","pH_hydro","7.34"
"329","90",1993-08-27,"239","Temp_degC","18.2"
"330","90",1993-08-27,"239","DO_mg.L","9.66"
"331","90",1993-08-27,"239","SPC_mS.cm","9.51"
"332","90",1993-08-27,"239","pH_hydro","7.28"
"333","90",1993-09-15,"258","Temp_degC","13.0"
"334","90",1993-09-15,"258","DO_mg.L","9.96"
"335","90",1993-09-15,"258","SPC_mS.cm","9.12"
"336","90",1993-09-15,"258","pH_hydro","7.55"
"337","90",1993-10-14,"287","Temp_degC","7.6"
"338","90",1993-10-14,"287","DO_mg.L","NC"
"339","90",1993-10-14,"287","SPC_mS.cm","11.38"
"340","90",1993-10-14,"287","pH_hydro","Error"
"341","4857",1993-05-20,"140","Temp_degC","14.7"
"342","4857",1993-05-20,"140","DO_mg.L","8.54"
"343","4857",1993-05-20,"140","SPC_mS.cm","0.46"
"344","4857",1993-05-20,"140","pH_hydro","7.64"
"345","4857",1993-05-27,"147","Temp_degC","11.9"
"346","4857",1993-05-27,"147","DO_mg.L","8.75"
"347","4857",1993-05-27,"147","SPC_mS.cm","0.62"
"348","4857",1993-05-27,"147","pH_hydro","7.83"
"349","4857",1993-06-09,"160","Temp_degC","19.2"
"350","4857",1993-06-09,"160","DO_mg.L","7.35"
"351","4857",1993-06-09,"160","SPC_mS.cm","0.66"
"352","4857",1993-06-09,"160","pH_hydro","7.77"
"353","4857",1993-06-23,"174","Temp_degC","15.9"
"354","4857",1993-06-23,"174","DO_mg.L","8.70"
"355","4857",1993-06-23,"174","SPC_mS.cm","0.72"
"356","4857",1993-06-23,"174","pH_hydro","8.70"
"357","4857",1993-07-08,"189","Temp_degC","21.5"
"358","4857",1993-07-08,"189","DO_mg.L","10.41"
"359","4857",1993-07-08,"189","SPC_mS.cm","0.72"
"360","4857",1993-07-08,"189","pH_hydro","8.22"
"361","4857",1993-07-22,"203","Temp_degC","20.0"
"362","4857",1993-07-22,"203","DO_mg.L","8.48"
"363","4857",1993-07-22,"203","SPC_mS.cm","0.76"
"364","4857",1993-07-22,"203","pH_hydro","8.08"
"365","4857",1993-08-04,"216","Temp_degC","19.5"
"366","4857",1993-08-04,"216","DO_mg.L","11.70"
"367","4857",1993-08-04,"216","SPC_mS.cm","0.80"
"368","4857",1993-08-04,"216","pH_hydro","8.50"
"369","4857",1993-08-18,"230","Temp_degC","17.0"
"370","4857",1993-08-18,"230","DO_mg.L","7.55"
"371","4857",1993-08-18,"230","SPC_mS.cm","0.83"
"372","4857",1993-08-18,"230","pH_hydro","7.97"
"373","4857",1993-08-27,"239","Temp_degC","16.3"
"374","4857",1993-08-27,"239","DO_mg.L","5.35"
"375","4857",1993-08-27,"239","SPC_mS.cm","0.86"
"376","4857",1993-08-27,"239","pH_hydro","7.80"
"377","4857",1993-09-15,"258","Temp_degC","8.8"
"378","4857",1993-09-15,"258","DO_mg.L","9.77"
"379","4857",1993-09-15,"258","SPC_mS.cm","0.83"
"380","4857",1993-09-15,"258","pH_hydro","8.30"
"381","4857",1993-10-14,"287","Temp_degC","4.2"
"382","4857",1993-10-14,"287","DO_mg.L","NC"
"383","4857",1993-10-14,"287","SPC_mS.cm","0.97"
"384","4857",1993-10-14,"287","pH_hydro","8.18"
"385","Gursky's",1993-05-20,"140","Temp_degC","13.9"
"386","Gursky's",1993-05-20,"140","DO_mg.L","7.20"
"387","Gursky's",1993-05-20,"140","SPC_mS.cm","0.79"
"388","Gursky's",1993-05-20,"140","pH_hydro","8.07"
"389","Gursky's",1993-05-27,"147","Temp_degC","12.5"
"390","Gursky's",1993-05-27,"147","DO_mg.L","7.45"
"391","Gursky's",1993-05-27,"147","SPC_mS.cm","0.81"
"392","Gursky's",1993-05-27,"147","pH_hydro","8.03"
"393","Gursky's",1993-06-09,"160","Temp_degC","17.3"
"394","Gursky's",1993-06-09,"160","DO_mg.L","7.55"
"395","Gursky's",1993-06-09,"160","SPC_mS.cm","0.83"
"396","Gursky's",1993-06-09,"160","pH_hydro","8.10"
"397","Gursky's",1993-06-25,"175","Temp_degC","14.5"
"398","Gursky's",1993-06-25,"175","DO_mg.L","7.94"
"399","Gursky's",1993-06-25,"175","SPC_mS.cm","0.87"
"400","Gursky's",1993-06-25,"175","pH_hydro","8.29"
"401","Gursky's",1993-07-08,"189","Temp_degC","18.0"
"402","Gursky's",1993-07-08,"189","DO_mg.L","12.10"
"403","Gursky's",1993-07-08,"189","SPC_mS.cm","0.83"
"404","Gursky's",1993-07-08,"189","pH_hydro","8.44"
"405","Gursky's",1993-07-21,"202","Temp_degC","19.0"
"406","Gursky's",1993-07-21,"202","DO_mg.L","9.77"
"407","Gursky's",1993-07-21,"202","SPC_mS.cm","0.83"
"408","Gursky's",1993-07-21,"202","pH_hydro","8.57"
"409","Gursky's",1993-08-04,"216","Temp_degC","18.3"
"410","Gursky's",1993-08-04,"216","DO_mg.L","2.99"
"411","Gursky's",1993-08-04,"216","SPC_mS.cm","0.83"
"412","Gursky's",1993-08-04,"216","pH_hydro","8.29"
"413","Gursky's",1993-08-19,"231","Temp_degC","18.2"
"414","Gursky's",1993-08-19,"231","DO_mg.L","6.91"
"415","Gursky's",1993-08-19,"231","SPC_mS.cm","0.83"
"416","Gursky's",1993-08-19,"231","pH_hydro","8.36"
"417","Gursky's",1993-08-27,"239","Temp_degC","17.6"
"418","Gursky's",1993-08-27,"239","DO_mg.L","7.53"
"419","Gursky's",1993-08-27,"239","SPC_mS.cm","0.83"
"420","Gursky's",1993-08-27,"239","pH_hydro","8.63"
"421","Gursky's",1993-09-15,"258","Temp_degC","10.5"
"422","Gursky's",1993-09-15,"258","DO_mg.L","9.79"
"423","Gursky's",1993-09-15,"258","SPC_mS.cm","0.79"
"424","Gursky's",1993-09-15,"258","pH_hydro","8.78"
"425","Gursky's",1993-10-14,"287","Temp_degC","5.6"
"426","Gursky's",1993-10-14,"287","DO_mg.L","NC"
"427","Gursky's",1993-10-14,"287","SPC_mS.cm","0.87"
"428","Gursky's",1993-10-14,"287","pH_hydro","Error"
"429","1A",1994-05-10,"130","Temp_degC","14.5"
"430","1A",1994-05-10,"130","DO_mg.L","7.18"
"431","1A",1994-05-10,"130","SPC_mS.cm","1.65"
"432","1A",1994-05-10,"130","pH_hydro","7.98"
"433","1A",1994-05-24,"144","Temp_degC","16.7"
"434","1A",1994-05-24,"144","DO_mg.L","8.11"
"435","1A",1994-05-24,"144","SPC_mS.cm","1.65"
"436","1A",1994-05-24,"144","pH_hydro","7.52"
"437","1A",1994-06-07,"158","Temp_degC","18.5"
"438","1A",1994-06-07,"158","DO_mg.L","9.02"
"439","1A",1994-06-07,"158","SPC_mS.cm","1.48"
"440","1A",1994-06-07,"158","pH_hydro","8.19"
"441","1A",1994-06-21,"172","Temp_degC","20.6"
"442","1A",1994-06-21,"172","DO_mg.L","9.98"
"443","1A",1994-06-21,"172","SPC_mS.cm","1.87"
"444","1A",1994-06-21,"172","pH_hydro","8.16"
"445","1A",1994-07-05,"186","Temp_degC","18.5"
"446","1A",1994-07-05,"186","DO_mg.L","8.55"
"447","1A",1994-07-05,"186","SPC_mS.cm","1.91"
"448","1A",1994-07-05,"186","pH_hydro","8.10"
"449","1A",1994-07-19,"200","Temp_degC","20.5"
"450","1A",1994-07-19,"200","DO_mg.L","7.33"
"451","1A",1994-07-19,"200","SPC_mS.cm","1.91"
"452","1A",1994-07-19,"200","pH_hydro","8.48"
"453","1A",1994-08-09,"221","Temp_degC","19.3"
"454","1A",1994-08-09,"221","DO_mg.L","5.73"
"455","1A",1994-08-09,"221","SPC_mS.cm","1.94"
"456","1A",1994-08-09,"221","pH_hydro","7.58"
"457","1A",1994-08-23,"235","Temp_degC","21.8"
"458","1A",1994-08-23,"235","DO_mg.L","10.69"
"459","1A",1994-08-23,"235","SPC_mS.cm","2.02"
"460","1A",1994-08-23,"235","pH_hydro","8.39"
"461","1A",1994-09-13,"256","Temp_degC","17.3"
"462","1A",1994-09-13,"256","DO_mg.L","13.17"
"463","1A",1994-09-13,"256","SPC_mS.cm","2.10"
"464","1A",1994-09-13,"256","pH_hydro","8.35"
"465","1A",1994-10-12,"285","Temp_degC","6.7"
"466","1A",1994-10-12,"285","DO_mg.L","9.35"
"467","1A",1994-10-12,"285","SPC_mS.cm","2.20"
"468","1A",1994-10-12,"285","pH_hydro","8.19"
"469","1B",1994-05-10,"130","Temp_degC","14.2"
"470","1B",1994-05-10,"130","DO_mg.L","7.58"
"471","1B",1994-05-10,"130","SPC_mS.cm","1.67"
"472","1B",1994-05-10,"130","pH_hydro","8.03"
"473","1B",1994-05-24,"144","Temp_degC","15.8"
"474","1B",1994-05-24,"144","DO_mg.L","7.15"
"475","1B",1994-05-24,"144","SPC_mS.cm","1.82"
"476","1B",1994-05-24,"144","pH_hydro","7.40"
"477","1B",1994-06-07,"158","Temp_degC","18.5"
"478","1B",1994-06-07,"158","DO_mg.L","8.69"
"479","1B",1994-06-07,"158","SPC_mS.cm","1.55"
"480","1B",1994-06-07,"158","pH_hydro","8.20"
"481","1B",1994-06-21,"172","Temp_degC","20.3"
"482","1B",1994-06-21,"172","DO_mg.L","9.54"
"483","1B",1994-06-21,"172","SPC_mS.cm","1.89"
"484","1B",1994-06-21,"172","pH_hydro","8.12"
"485","1B",1994-07-05,"186","Temp_degC","18.8"
"486","1B",1994-07-05,"186","DO_mg.L","10.76"
"487","1B",1994-07-05,"186","SPC_mS.cm","1.89"
"488","1B",1994-07-05,"186","pH_hydro","8.37"
"489","1B",1994-07-19,"200","Temp_degC","20.0"
"490","1B",1994-07-19,"200","DO_mg.L","7.27"
"491","1B",1994-07-19,"200","SPC_mS.cm","1.89"
"492","1B",1994-07-19,"200","pH_hydro","8.52"
"493","1B",1994-08-09,"221","Temp_degC","19.7"
"494","1B",1994-08-09,"221","DO_mg.L","6.47"
"495","1B",1994-08-09,"221","SPC_mS.cm","1.98"
"496","1B",1994-08-09,"221","pH_hydro","7.59"
"497","1B",1994-08-23,"235","Temp_degC","21.6"
"498","1B",1994-08-23,"235","DO_mg.L","10.57"
"499","1B",1994-08-23,"235","SPC_mS.cm","1.99"
"500","1B",1994-08-23,"235","pH_hydro","8.36"
"501","1B",1994-09-13,"256","Temp_degC","18.1"
"502","1B",1994-09-13,"256","DO_mg.L","11.62"
"503","1B",1994-09-13,"256","SPC_mS.cm","2.10"
"504","1B",1994-09-13,"256","pH_hydro","8.41"
"505","1B",1994-10-12,"285","Temp_degC","7.4"
"506","1B",1994-10-12,"285","DO_mg.L","9.56"
"507","1B",1994-10-12,"285","SPC_mS.cm","2.18"
"508","1B",1994-10-12,"285","pH_hydro","8.33"
"509","25",1994-05-10,"130","Temp_degC","12.8"
"510","25",1994-05-10,"130","DO_mg.L","7.87"
"511","25",1994-05-10,"130","SPC_mS.cm","1.00"
"512","25",1994-05-10,"130","pH_hydro","8.02"
"513","25",1994-05-24,"144","Temp_degC","16.9"
"514","25",1994-05-24,"144","DO_mg.L","7.39"
"515","25",1994-05-24,"144","SPC_mS.cm","1.08"
"516","25",1994-05-24,"144","pH_hydro","7.43"
"517","25",1994-06-07,"158","Temp_degC","18.2"
"518","25",1994-06-07,"158","DO_mg.L","5.31"
"519","25",1994-06-07,"158","SPC_mS.cm","1.18"
"520","25",1994-06-07,"158","pH_hydro","7.91"
"521","25",1994-06-21,"172","Temp_degC","22.2"
"522","25",1994-06-21,"172","DO_mg.L","9.13"
"523","25",1994-06-21,"172","SPC_mS.cm","1.57"
"524","25",1994-06-21,"172","pH_hydro","8.12"
"525","25",1994-07-05,"186","Temp_degC","18.5"
"526","25",1994-07-05,"186","DO_mg.L","4.84"
"527","25",1994-07-05,"186","SPC_mS.cm","1.63"
"528","25",1994-07-05,"186","pH_hydro","7.84"
"529","25",1994-07-19,"200","Temp_degC","19.5"
"530","25",1994-07-19,"200","DO_mg.L","2.91"
"531","25",1994-07-19,"200","SPC_mS.cm","1.70"
"532","25",1994-07-19,"200","pH_hydro","7.85"
"533","25",1994-08-09,"221","Temp_degC","17.5"
"534","25",1994-08-09,"221","DO_mg.L","4.14"
"535","25",1994-08-09,"221","SPC_mS.cm","1.78"
"536","25",1994-08-09,"221","pH_hydro","7.46"
"537","25",1994-08-23,"235","Temp_degC","22.9"
"538","25",1994-08-23,"235","DO_mg.L","3.48"
"539","25",1994-08-23,"235","SPC_mS.cm","1.85"
"540","25",1994-08-23,"235","pH_hydro","7.74"
"541","25",1994-09-13,"256","Temp_degC","17.6"
"542","25",1994-09-13,"256","DO_mg.L","6.36"
"543","25",1994-09-13,"256","SPC_mS.cm","2.02"
"544","25",1994-09-13,"256","pH_hydro","7.92"
"545","25",1994-10-11,"284","Temp_degC","8.5"
"546","25",1994-10-11,"284","DO_mg.L","10.31"
"547","25",1994-10-11,"284","SPC_mS.cm","2.07"
"548","25",1994-10-11,"284","pH_hydro","8.39"
"549","37",1994-05-11,"131","Temp_degC","14.0"
"550","37",1994-05-11,"131","DO_mg.L","4.91"
"551","37",1994-05-11,"131","SPC_mS.cm","0.38"
"552","37",1994-05-11,"131","pH_hydro","7.84"
"553","37",1994-05-24,"144","Temp_degC","17.5"
"554","37",1994-05-24,"144","DO_mg.L","3.83"
"555","37",1994-05-24,"144","SPC_mS.cm","0.39"
"556","37",1994-05-24,"144","pH_hydro","7.11"
"557","37",1994-06-08,"159","Temp_degC","15.2"
"558","37",1994-06-08,"159","DO_mg.L","0.95"
"559","37",1994-06-08,"159","SPC_mS.cm","0.37"
"560","37",1994-06-08,"159","pH_hydro","7.48"
"561","37",1994-06-22,"172","Temp_degC","23.3"
"562","37",1994-06-22,"172","DO_mg.L","4.03"
"563","37",1994-06-22,"172","SPC_mS.cm","0.48"
"564","37",1994-06-22,"172","pH_hydro","7.51"
"565","37",1994-07-06,"187","Temp_degC","18.4"
"566","37",1994-07-06,"187","DO_mg.L","4.54"
"567","37",1994-07-06,"187","SPC_mS.cm","0.50"
"568","37",1994-07-06,"187","pH_hydro","7.44"
"569","37",1994-07-19,"200","Temp_degC","20.4"
"570","37",1994-07-19,"200","DO_mg.L","5.21"
"571","37",1994-07-19,"200","SPC_mS.cm","0.49"
"572","37",1994-07-19,"200","pH_hydro","7.54"
"573","37",1994-08-09,"221","Temp_degC","18.0"
"574","37",1994-08-09,"221","DO_mg.L","7.81"
"575","37",1994-08-09,"221","SPC_mS.cm","0.51"
"576","37",1994-08-09,"221","pH_hydro","7.05"
"577","37",1994-08-23,"235","Temp_degC","20.8"
"578","37",1994-08-23,"235","DO_mg.L","4.76"
"579","37",1994-08-23,"235","SPC_mS.cm","0.54"
"580","37",1994-08-23,"235","pH_hydro","7.07"
"581","37",1994-09-14,"257","Temp_degC","14.4"
"582","37",1994-09-14,"257","DO_mg.L","5.36"
"583","37",1994-09-14,"257","SPC_mS.cm","0.83"
"584","37",1994-09-14,"257","pH_hydro","7.23"
"585","50",1994-05-11,"131","Temp_degC","13.5"
"586","50",1994-05-11,"131","DO_mg.L","4.20"
"587","50",1994-05-11,"131","SPC_mS.cm","2.87"
"588","50",1994-05-11,"131","pH_hydro","7.92"
"589","50",1994-05-24,"144","Temp_degC","20.9"
"590","50",1994-05-24,"144","DO_mg.L","6.40"
"591","50",1994-05-24,"144","SPC_mS.cm","3.29"
"592","50",1994-05-24,"144","pH_hydro","8.52"
"593","50",1994-06-07,"158","Temp_degC","18.8"
"594","50",1994-06-07,"158","DO_mg.L","9.35"
"595","50",1994-06-07,"158","SPC_mS.cm","3.49"
"596","50",1994-06-07,"158","pH_hydro","8.24"
"597","50",1994-06-21,"172","Temp_degC","25.5"
"598","50",1994-06-21,"172","DO_mg.L","10.15"
"599","50",1994-06-21,"172","SPC_mS.cm","4.47"
"600","50",1994-06-21,"172","pH_hydro","8.36"
"601","50",1994-07-05,"186","Temp_degC","19.8"
"602","50",1994-07-05,"186","DO_mg.L","8.39"
"603","50",1994-07-05,"186","SPC_mS.cm","5.16"
"604","50",1994-07-05,"186","pH_hydro","8.32"
"605","50",1994-07-19,"200","Temp_degC","21.5"
"606","50",1994-07-19,"200","DO_mg.L","9.24"
"607","50",1994-07-19,"200","SPC_mS.cm","4.85"
"608","50",1994-07-19,"200","pH_hydro","8.37"
"609","50",1994-08-09,"221","Temp_degC","19.3"
"610","50",1994-08-09,"221","DO_mg.L","7.26"
"611","50",1994-08-09,"221","SPC_mS.cm","5.88"
"612","50",1994-08-09,"221","pH_hydro","7.58"
"613","50",1994-08-23,"235","Temp_degC","22.7"
"614","50",1994-08-23,"235","DO_mg.L","5.70"
"615","50",1994-08-23,"235","SPC_mS.cm","6.55"
"616","50",1994-08-23,"235","pH_hydro","7.63"
"617","50",1994-09-13,"256","Temp_degC","18.9"
"618","50",1994-09-13,"256","DO_mg.L","9.65"
"619","50",1994-09-13,"256","SPC_mS.cm","7.40"
"620","50",1994-09-13,"256","pH_hydro","8.03"
"621","50",1994-10-11,"284","Temp_degC","8.6"
"622","50",1994-10-11,"284","DO_mg.L","10.99"
"623","50",1994-10-11,"284","SPC_mS.cm","8.43"
"624","50",1994-10-11,"284","pH_hydro","8.25"
"625","60",1994-05-11,"131","Temp_degC","18.1"
"626","60",1994-05-11,"131","DO_mg.L","6.57"
"627","60",1994-05-11,"131","SPC_mS.cm","0.35"
"628","60",1994-05-11,"131","pH_hydro","7.69"
"629","60",1994-06-08,"159","Temp_degC","15.2"
"630","60",1994-06-08,"159","DO_mg.L","1.11"
"631","60",1994-06-08,"159","SPC_mS.cm","0.31"
"632","60",1994-06-08,"159","pH_hydro","7.25"
"633","60",1994-06-22,"173","Temp_degC","23.9"
"634","60",1994-06-22,"173","DO_mg.L","4.10"
"635","60",1994-06-22,"173","SPC_mS.cm","0.39"
"636","60",1994-06-22,"173","pH_hydro","7.10"
"637","60",1994-07-06,"187","Temp_degC","17.8"
"638","60",1994-07-06,"187","DO_mg.L","4.16"
"639","60",1994-07-06,"187","SPC_mS.cm","0.39"
"640","60",1994-07-06,"187","pH_hydro","7.26"
"641","60",1994-07-19,"200","Temp_degC","21.1"
"642","60",1994-07-19,"200","DO_mg.L","5.85"
"643","60",1994-07-19,"200","SPC_mS.cm","0.35"
"644","60",1994-07-19,"200","pH_hydro","7.20"
"645","60",1994-08-10,"222","Temp_degC","19.8"
"646","60",1994-08-10,"222","DO_mg.L","4.59"
"647","60",1994-08-10,"222","SPC_mS.cm","0.37"
"648","60",1994-08-10,"222","pH_hydro","6.91"
"649","60",1994-08-23,"235","Temp_degC","25.1"
"650","60",1994-08-23,"235","DO_mg.L","6.43"
"651","60",1994-08-23,"235","SPC_mS.cm","0.35"
"652","60",1994-08-23,"235","pH_hydro","6.98"
"653","65",1994-05-11,"131","Temp_degC","15.3"
"654","65",1994-05-11,"131","DO_mg.L","9.53"
"655","65",1994-05-11,"131","SPC_mS.cm","2.71"
"656","65",1994-05-11,"131","pH_hydro","8.59"
"657","65",1994-05-25,"145","Temp_degC","15.2"
"658","65",1994-05-25,"145","DO_mg.L","5.09"
"659","65",1994-05-25,"145","SPC_mS.cm","2.68"
"660","65",1994-05-25,"145","pH_hydro","7.73"
"661","65",1994-06-08,"159","Temp_degC","15.2"
"662","65",1994-06-08,"159","DO_mg.L","4.92"
"663","65",1994-06-08,"159","SPC_mS.cm","2.31"
"664","65",1994-06-08,"159","pH_hydro","8.31"
"665","65",1994-06-22,"173","Temp_degC","22.4"
"666","65",1994-06-22,"173","DO_mg.L","7.37"
"667","65",1994-06-22,"173","SPC_mS.cm","2.88"
"668","65",1994-06-22,"173","pH_hydro","8.28"
"669","65",1994-07-06,"187","Temp_degC","17.9"
"670","65",1994-07-06,"187","DO_mg.L","5.54"
"671","65",1994-07-06,"187","SPC_mS.cm","3.04"
"672","65",1994-07-06,"187","pH_hydro","8.22"
"673","65",1994-07-20,"201","Temp_degC","18.9"
"674","65",1994-07-20,"201","DO_mg.L","4.11"
"675","65",1994-07-20,"201","SPC_mS.cm","2.99"
"676","65",1994-07-20,"201","pH_hydro","8.25"
"677","65",1994-08-10,"222","Temp_degC","18.3"
"678","65",1994-08-10,"222","DO_mg.L","3.76"
"679","65",1994-08-10,"222","SPC_mS.cm","3.31"
"680","65",1994-08-10,"222","pH_hydro","7.81"
"681","65",1994-08-24,"236","Temp_degC","19.0"
"682","65",1994-08-24,"236","DO_mg.L","4.66"
"683","65",1994-08-24,"236","SPC_mS.cm","3.54"
"684","65",1994-08-24,"236","pH_hydro","7.87"
"685","65",1994-09-14,"257","Temp_degC","16.0"
"686","65",1994-09-14,"257","DO_mg.L","6.03"
"687","65",1994-09-14,"257","SPC_mS.cm","3.83"
"688","65",1994-09-14,"257","pH_hydro","8.04"
"689","65",1994-10-12,"285","Temp_degC","6.7"
"690","65",1994-10-12,"285","DO_mg.L","8.88"
"691","65",1994-10-12,"285","SPC_mS.cm","4.15"
"692","65",1994-10-12,"285","pH_hydro","8.45"
"693","66",1994-05-11,"131","Temp_degC","17.3"
"694","66",1994-05-11,"131","DO_mg.L","8.84"
"695","66",1994-05-11,"131","SPC_mS.cm","25.95"
"696","66",1994-05-11,"131","pH_hydro","8.86"
"697","66",1994-05-25,"145","Temp_degC","16.0"
"698","66",1994-05-25,"145","DO_mg.L","5.09"
"699","66",1994-05-25,"145","SPC_mS.cm","9.73"
"700","66",1994-05-25,"145","pH_hydro","8.06"
"701","66",1994-06-08,"159","Temp_degC","13.4"
"702","66",1994-06-08,"159","DO_mg.L","8.79"
"703","66",1994-06-08,"159","SPC_mS.cm","19.20"
"704","66",1994-06-08,"159","pH_hydro","8.73"
"705","66",1994-06-22,"173","Temp_degC","24.7"
"706","66",1994-06-22,"173","DO_mg.L","10.34"
"707","66",1994-06-22,"173","SPC_mS.cm","22.60"
"708","66",1994-06-22,"173","pH_hydro","8.64"
"709","66",1994-07-06,"187","Temp_degC","17.6"
"710","66",1994-07-06,"187","DO_mg.L","9.52"
"711","66",1994-07-06,"187","SPC_mS.cm","24.45"
"712","66",1994-07-06,"187","pH_hydro","9.18"
"713","66",1994-07-20,"201","Temp_degC","17.7"
"714","66",1994-07-20,"201","DO_mg.L","8.22"
"715","66",1994-07-20,"201","SPC_mS.cm","24.70"
"716","66",1994-07-20,"201","pH_hydro","9.98"
"717","66",1994-08-10,"222","Temp_degC","18.7"
"718","66",1994-08-10,"222","DO_mg.L","8.06"
"719","66",1994-08-10,"222","SPC_mS.cm","28.15"
"720","66",1994-08-10,"222","pH_hydro","9.86"
"721","66",1994-08-24,"236","Temp_degC","17.4"
"722","66",1994-08-24,"236","DO_mg.L","4.04"
"723","66",1994-08-24,"236","SPC_mS.cm","31.05"
"724","66",1994-08-24,"236","pH_hydro","9.25"
"725","66",1994-09-14,"257","Temp_degC","16.0"
"726","66",1994-09-14,"257","DO_mg.L","7.70"
"727","66",1994-09-14,"257","SPC_mS.cm","34.20"
"728","66",1994-09-14,"257","pH_hydro","8.61"
"729","66",1994-10-12,"285","Temp_degC","4.6"
"730","66",1994-10-12,"285","DO_mg.L","9.22"
"731","66",1994-10-12,"285","SPC_mS.cm","39.85"
"732","66",1994-10-12,"285","pH_hydro","9.24"
"733","67",1994-05-11,"131","Temp_degC","15.5"
"734","67",1994-05-11,"131","DO_mg.L","9.14"
"735","67",1994-05-11,"131","SPC_mS.cm","3.39"
"736","67",1994-05-11,"131","pH_hydro","8.60"
"737","67",1994-06-08,"159","Temp_degC","15.2"
"738","67",1994-06-08,"159","DO_mg.L","5.83"
"739","67",1994-06-08,"159","SPC_mS.cm","3.07"
"740","67",1994-06-08,"159","pH_hydro","8.54"
"741","67",1994-06-22,"173","Temp_degC","21.8"
"742","67",1994-06-22,"173","DO_mg.L","6.18"
"743","67",1994-06-22,"173","SPC_mS.cm","3.80"
"744","67",1994-06-22,"173","pH_hydro","8.34"
"745","67",1994-07-06,"187","Temp_degC","17.5"
"746","67",1994-07-06,"187","DO_mg.L","6.16"
"747","67",1994-07-06,"187","SPC_mS.cm","4.00"
"748","67",1994-07-06,"187","pH_hydro","8.35"
"749","67",1994-07-20,"201","Temp_degC","19.0"
"750","67",1994-07-20,"201","DO_mg.L","1.66"
"751","67",1994-07-20,"201","SPC_mS.cm","4.14"
"752","67",1994-07-20,"201","pH_hydro","8.21"
"753","67",1994-08-10,"222","Temp_degC","18.4"
"754","67",1994-08-10,"222","DO_mg.L","3.09"
"755","67",1994-08-10,"222","SPC_mS.cm","4.55"
"756","67",1994-08-10,"222","pH_hydro","7.74"
"757","67",1994-08-24,"236","Temp_degC","18.4"
"758","67",1994-08-24,"236","DO_mg.L","0.74"
"759","67",1994-08-24,"236","SPC_mS.cm","4.97"
"760","67",1994-08-24,"236","pH_hydro","7.78"
"761","67",1994-09-14,"257","Temp_degC","14.9"
"762","67",1994-09-14,"257","DO_mg.L","6.05"
"763","67",1994-09-14,"257","SPC_mS.cm","5.48"
"764","67",1994-09-14,"257","pH_hydro","8.03"
"765","67",1994-10-12,"285","Temp_degC","6.4"
"766","67",1994-10-12,"285","DO_mg.L","1.78"
"767","67",1994-10-12,"285","SPC_mS.cm","6.14"
"768","67",1994-10-12,"285","pH_hydro","8.18"
"769","86",1994-05-11,"131","Temp_degC","14.6"
"770","86",1994-05-11,"131","DO_mg.L","3.67"
"771","86",1994-05-11,"131","SPC_mS.cm","0.34"
"772","86",1994-05-11,"131","pH_hydro","Error"
"773","86",1994-05-25,"145","Temp_degC","12.3"
"774","86",1994-05-25,"145","DO_mg.L","4.53"
"775","86",1994-05-25,"145","SPC_mS.cm","0.36"
"776","86",1994-05-25,"145","pH_hydro","7.34"
"777","86",1994-06-08,"159","Temp_degC","14.5"
"778","86",1994-06-08,"159","DO_mg.L","4.19"
"779","86",1994-06-08,"159","SPC_mS.cm","0.32"
"780","86",1994-06-08,"159","pH_hydro","7.76"
"781","86",1994-06-22,"173","Temp_degC","17.9"
"782","86",1994-06-22,"173","DO_mg.L","5.02"
"783","86",1994-06-22,"173","SPC_mS.cm","0.43"
"784","86",1994-06-22,"173","pH_hydro","7.36"
"785","86",1994-07-06,"187","Temp_degC","16.2"
"786","86",1994-07-06,"187","DO_mg.L","3.38"
"787","86",1994-07-06,"187","SPC_mS.cm","0.46"
"788","86",1994-07-06,"187","pH_hydro","7.31"
"789","86",1994-07-20,"201","Temp_degC","17.6"
"790","86",1994-07-20,"201","DO_mg.L","2.09"
"791","86",1994-07-20,"201","SPC_mS.cm","0.46"
"792","86",1994-07-20,"201","pH_hydro","7.29"
"793","86",1994-08-10,"222","Temp_degC","15.6"
"794","86",1994-08-10,"222","DO_mg.L","3.55"
"795","86",1994-08-10,"222","SPC_mS.cm","0.48"
"796","86",1994-08-10,"222","pH_hydro","7.12"
"797","86",1994-09-14,"257","Temp_degC","13.4"
"798","86",1994-09-14,"257","DO_mg.L","6.06"
"799","86",1994-09-14,"257","SPC_mS.cm","0.51"
"800","86",1994-09-14,"257","pH_hydro","7.45"
"801","86",1994-10-12,"285","Temp_degC","4.9"
"802","86",1994-10-12,"285","DO_mg.L","10.10"
"803","86",1994-10-12,"285","SPC_mS.cm","0.65"
"804","86",1994-10-12,"285","pH_hydro","7.89"
"805","90",1994-05-11,"131","Temp_degC","16.1"
"806","90",1994-05-11,"131","DO_mg.L","6.60"
"807","90",1994-05-11,"131","SPC_mS.cm","9.66"
"808","90",1994-05-11,"131","pH_hydro","4.47"
"809","90",1994-05-25,"145","Temp_degC","16.2"
"810","90",1994-05-25,"145","DO_mg.L","5.12"
"811","90",1994-05-25,"145","SPC_mS.cm","9.17"
"812","90",1994-05-25,"145","pH_hydro","7.68"
"813","90",1994-06-08,"159","Temp_degC","14.9"
"814","90",1994-06-08,"159","DO_mg.L","7.98"
"815","90",1994-06-08,"159","SPC_mS.cm","7.68"
"816","90",1994-06-08,"159","pH_hydro","8.39"
"817","90",1994-06-22,"173","Temp_degC","23.1"
"818","90",1994-06-22,"173","DO_mg.L","7.00"
"819","90",1994-06-22,"173","SPC_mS.cm","10.16"
"820","90",1994-06-22,"173","pH_hydro","8.22"
"821","90",1994-07-06,"187","Temp_degC","16.9"
"822","90",1994-07-06,"187","DO_mg.L","6.71"
"823","90",1994-07-06,"187","SPC_mS.cm","11.04"
"824","90",1994-07-06,"187","pH_hydro","8.39"
"825","90",1994-07-20,"201","Temp_degC","19.3"
"826","90",1994-07-20,"201","DO_mg.L","6.22"
"827","90",1994-07-20,"201","SPC_mS.cm","11.22"
"828","90",1994-07-20,"201","pH_hydro","8.49"
"829","90",1994-08-24,"236","Temp_degC","16.8"
"830","90",1994-08-24,"236","DO_mg.L","5.51"
"831","90",1994-08-24,"236","SPC_mS.cm","6.05"
"832","90",1994-08-24,"236","pH_hydro","7.52"
"833","90",1994-09-14,"257","Temp_degC","14.8"
"834","90",1994-09-14,"257","DO_mg.L","4.39"
"835","90",1994-09-14,"257","SPC_mS.cm","16.00"
"836","90",1994-09-14,"257","pH_hydro","8.21"
"837","90",1994-10-12,"285","Temp_degC","4.8"
"838","90",1994-10-12,"285","DO_mg.L","7.10"
"839","90",1994-10-12,"285","SPC_mS.cm","19.70"
"840","90",1994-10-12,"285","pH_hydro","8.40"
"841","109",1994-05-11,"131","Temp_degC","14.8"
"842","109",1994-05-11,"131","DO_mg.L","3.35"
"843","109",1994-05-11,"131","SPC_mS.cm","0.35"
"844","109",1994-05-11,"131","pH_hydro","7.04"
"845","109",1994-05-25,"145","Temp_degC","14.9"
"846","109",1994-05-25,"145","DO_mg.L","3.19"
"847","109",1994-05-25,"145","SPC_mS.cm","0.32"
"848","109",1994-05-25,"145","pH_hydro","7.13"
"849","109",1994-06-09,"160","Temp_degC","17.0"
"850","109",1994-06-09,"160","DO_mg.L","5.86"
"851","109",1994-06-09,"160","SPC_mS.cm","0.21"
"852","109",1994-06-09,"160","pH_hydro","6.65"
"853","109",1994-06-22,"173","Temp_degC","20.2"
"854","109",1994-06-22,"173","DO_mg.L","2.05"
"855","109",1994-06-22,"173","SPC_mS.cm","0.40"
"856","109",1994-06-22,"173","pH_hydro","7.07"
"857","109",1994-07-06,"187","Temp_degC","17.7"
"858","109",1994-07-06,"187","DO_mg.L","1.82"
"859","109",1994-07-06,"187","SPC_mS.cm","0.40"
"860","109",1994-07-06,"187","pH_hydro","7.08"
"861","109",1994-07-20,"201","Temp_degC","18.9"
"862","109",1994-07-20,"201","DO_mg.L","2.12"
"863","109",1994-07-20,"201","SPC_mS.cm","0.41"
"864","109",1994-07-20,"201","pH_hydro","6.91"
"865","109",1994-08-09,"221","Temp_degC","18.5"
"866","109",1994-08-09,"221","DO_mg.L","4.26"
"867","109",1994-08-09,"221","SPC_mS.cm","0.43"
"868","109",1994-08-09,"221","pH_hydro","6.96"
"869","109",1994-08-24,"236","Temp_degC","16.0"
"870","109",1994-08-24,"236","DO_mg.L","3.70"
"871","109",1994-08-24,"236","SPC_mS.cm","0.45"
"872","109",1994-08-24,"236","pH_hydro","7.00"
"873","109",1994-09-14,"257","Temp_degC","14.7"
"874","109",1994-09-14,"257","DO_mg.L","2.44"
"875","109",1994-09-14,"257","SPC_mS.cm","1.04"
"876","109",1994-09-14,"257","pH_hydro","7.28"
"877","4857",1994-05-11,"131","Temp_degC","13.4"
"878","4857",1994-05-11,"131","DO_mg.L","10.06"
"879","4857",1994-05-11,"131","SPC_mS.cm","0.82"
"880","4857",1994-05-11,"131","pH_hydro","8.44"
"881","4857",1994-05-25,"145","Temp_degC","17.7"
"882","4857",1994-05-25,"145","DO_mg.L","11.08"
"883","4857",1994-05-25,"145","SPC_mS.cm","0.77"
"884","4857",1994-05-25,"145","pH_hydro","8.15"
"885","4857",1994-06-08,"159","Temp_degC","17.9"
"886","4857",1994-06-08,"159","DO_mg.L","11.47"
"887","4857",1994-06-08,"159","SPC_mS.cm","0.68"
"888","4857",1994-06-08,"159","pH_hydro","8.82"
"889","4857",1994-06-21,"172","Temp_degC","19.9"
"890","4857",1994-06-21,"172","DO_mg.L","11.75"
"891","4857",1994-06-21,"172","SPC_mS.cm","0.77"
"892","4857",1994-06-21,"172","pH_hydro","8.87"
"893","4857",1994-07-05,"186","Temp_degC","18.0"
"894","4857",1994-07-05,"186","DO_mg.L","10.47"
"895","4857",1994-07-05,"186","SPC_mS.cm","0.79"
"896","4857",1994-07-05,"186","pH_hydro","9.05"
"897","4857",1994-07-19,"200","Temp_degC","18.8"
"898","4857",1994-07-19,"200","DO_mg.L","9.92"
"899","4857",1994-07-19,"200","SPC_mS.cm","0.77"
"900","4857",1994-07-19,"200","pH_hydro","9.64"
"901","4857",1994-08-09,"221","Temp_degC","17.6"
"902","4857",1994-08-09,"221","DO_mg.L","8.26"
"903","4857",1994-08-09,"221","SPC_mS.cm","0.63"
"904","4857",1994-08-09,"221","pH_hydro","8.62"
"905","4857",1994-08-23,"235","Temp_degC","21.8"
"906","4857",1994-08-23,"235","DO_mg.L","7.57"
"907","4857",1994-08-23,"235","SPC_mS.cm","0.84"
"908","4857",1994-08-23,"235","pH_hydro","9.06"
"909","4857",1994-09-13,"256","Temp_degC","17.5"
"910","4857",1994-09-13,"256","DO_mg.L","9.49"
"911","4857",1994-09-13,"256","SPC_mS.cm","0.96"
"912","4857",1994-09-13,"256","pH_hydro","8.35"
"913","4857",1994-10-11,"284","Temp_degC","8.4"
"914","4857",1994-10-11,"284","DO_mg.L","9.32"
"915","4857",1994-10-11,"284","SPC_mS.cm","1.06"
"916","4857",1994-10-11,"284","pH_hydro","8.46"
"917","6642",1994-05-25,"145","Temp_degC","16.0"
"918","6642",1994-05-25,"145","DO_mg.L","4.07"
"919","6642",1994-05-25,"145","SPC_mS.cm","0.96"
"920","6642",1994-05-25,"145","pH_hydro","7.72"
"921","6642",1994-06-08,"159","Temp_degC","17.1"
"922","6642",1994-06-08,"159","DO_mg.L","2.86"
"923","6642",1994-06-08,"159","SPC_mS.cm","1.01"
"924","6642",1994-06-08,"159","pH_hydro","7.76"
"925","6642",1994-06-22,"173","Temp_degC","18.4"
"926","6642",1994-06-22,"173","DO_mg.L","1.04"
"927","6642",1994-06-22,"173","SPC_mS.cm","1.14"
"928","6642",1994-06-22,"173","pH_hydro","7.61"
"929","6642",1994-07-06,"187","Temp_degC","17.1"
"930","6642",1994-07-06,"187","DO_mg.L","0.91"
"931","6642",1994-07-06,"187","SPC_mS.cm","1.17"
"932","6642",1994-07-06,"187","pH_hydro","7.78"
"933","6642",1994-07-20,"201","Temp_degC","17.6"
"934","6642",1994-07-20,"201","DO_mg.L","1.18"
"935","6642",1994-07-20,"201","SPC_mS.cm","1.21"
"936","6642",1994-07-20,"201","pH_hydro","7.61"
"937","6642",1994-08-10,"222","Temp_degC","16.8"
"938","6642",1994-08-10,"222","DO_mg.L","0.61"
"939","6642",1994-08-10,"222","SPC_mS.cm","1.22"
"940","6642",1994-08-10,"222","pH_hydro","7.34"
"941","6642",1994-08-24,"236","Temp_degC","16.8"
"942","6642",1994-08-24,"236","DO_mg.L","1.25"
"943","6642",1994-08-24,"236","SPC_mS.cm","1.29"
"944","6642",1994-08-24,"236","pH_hydro","7.52"
"945","6642",1994-09-14,"257","Temp_degC","15.6"
"946","6642",1994-09-14,"257","DO_mg.L","2.09"
"947","6642",1994-09-14,"257","SPC_mS.cm","1.34"
"948","6642",1994-09-14,"257","pH_hydro","7.72"
"949","6642",1994-10-11,"284","Temp_degC","9.1"
"950","6642",1994-10-11,"284","DO_mg.L","8.56"
"951","6642",1994-10-11,"284","SPC_mS.cm","1.47"
"952","6642",1994-10-11,"284","pH_hydro","8.35"
"953","Gursky's",1994-05-11,"131","Temp_degC","14.0"
"954","Gursky's",1994-05-11,"131","DO_mg.L","10.55"
"955","Gursky's",1994-05-11,"131","SPC_mS.cm","0.85"
"956","Gursky's",1994-05-11,"131","pH_hydro","Error"
"957","Gursky's",1994-05-25,"145","Temp_degC","15.5"
"958","Gursky's",1994-05-25,"145","DO_mg.L","9.80"
"959","Gursky's",1994-05-25,"145","SPC_mS.cm","0.81"
"960","Gursky's",1994-05-25,"145","pH_hydro","8.25"
"961","Gursky's",1994-06-21,"172","Temp_degC","18.5"
"962","Gursky's",1994-06-21,"172","DO_mg.L","7.26"
"963","Gursky's",1994-06-21,"172","SPC_mS.cm","0.85"
"964","Gursky's",1994-06-21,"172","pH_hydro","8.46"
"965","Gursky's",1994-07-06,"187","Temp_degC","18.0"
"966","Gursky's",1994-07-06,"187","DO_mg.L","5.74"
"967","Gursky's",1994-07-06,"187","SPC_mS.cm","0.72"
"968","Gursky's",1994-07-06,"187","pH_hydro","Error"
"969","Gursky's",1994-07-20,"201","Temp_degC","20.6"
"970","Gursky's",1994-07-20,"201","DO_mg.L","2.95"
"971","Gursky's",1994-07-20,"201","SPC_mS.cm","0.89"
"972","Gursky's",1994-07-20,"201","pH_hydro","8.14"
"973","Gursky's",1994-08-09,"221","Temp_degC","19.8"
"974","Gursky's",1994-08-09,"221","DO_mg.L","6.21"
"975","Gursky's",1994-08-09,"221","SPC_mS.cm","0.93"
"976","Gursky's",1994-08-09,"221","pH_hydro","7.88"
"977","Gursky's",1994-08-24,"236","Temp_degC","21.4"
"978","Gursky's",1994-08-24,"236","DO_mg.L","15.58"
"979","Gursky's",1994-08-24,"236","SPC_mS.cm","0.89"
"980","Gursky's",1994-08-24,"236","pH_hydro","8.76"
"981","Gursky's",1994-09-14,"257","Temp_degC","16.4"
"982","Gursky's",1994-09-14,"257","DO_mg.L","10.94"
"983","Gursky's",1994-09-14,"257","SPC_mS.cm","0.92"
"984","Gursky's",1994-09-14,"257","pH_hydro","8.86"
"985","Gursky's",1994-10-11,"284","Temp_degC","8.3"
"986","Gursky's",1994-10-11,"284","DO_mg.L","10.37"
"987","Gursky's",1994-10-11,"284","SPC_mS.cm","0.96"
"988","Gursky's",1994-10-11,"284","pH_hydro","8.89"
"989","1A",1995-06-20,"150","Temp_degC","21.46"
"990","1A",1995-06-20,"150","DO_mg.L","5.39"
"991","1A",1995-06-20,"150","SPC_mS.cm","2.02"
"992","1A",1995-06-20,"150","pH_hydro","7.73"
"993","1A",1995-07-12,"171","Temp_degC","23.785"
"994","1A",1995-07-12,"171","DO_mg.L","8.015"
"995","1A",1995-07-12,"171","SPC_mS.cm","2.045"
"996","1A",1995-07-12,"171","pH_hydro","8.39"
"997","1A",1995-07-25,"193","Temp_degC","19.35"
"998","1A",1995-07-25,"193","DO_mg.L","9.135"
"999","1A",1995-07-25,"193","SPC_mS.cm","2.155"
"1000","1A",1995-07-25,"193","pH_hydro","8.48"
"1001","1A",1995-08-14,"206","Temp_degC","16.815"
"1002","1A",1995-08-14,"206","DO_mg.L","10.41"
"1003","1A",1995-08-14,"206","SPC_mS.cm","2.29"
"1004","1A",1995-08-14,"206","pH_hydro","8.57"
"1005","1A",1995-08-28,"226","Temp_degC","18.39"
"1006","1A",1995-08-28,"226","DO_mg.L","12.245"
"1007","1A",1995-08-28,"226","SPC_mS.cm","2.355"
"1008","1A",1995-08-28,"226","pH_hydro","9.11"
"1009","1A",1995-09-12,"240","Temp_degC","17.97"
"1010","1A",1995-09-12,"240","DO_mg.L","11.185"
"1011","1A",1995-09-12,"240","SPC_mS.cm","2.155"
"1012","1A",1995-09-12,"240","pH_hydro","8.97"
"1013","1A",1995-10-17,"255","Temp_degC","6.975"
"1014","1A",1995-10-17,"255","DO_mg.L","10.47"
"1015","1A",1995-10-17,"255","SPC_mS.cm","2.3"
"1016","1A",1995-10-17,"255","pH_hydro","8.53"
"1017","1B",1995-05-30,"150","Temp_degC","19.7"
"1018","1B",1995-05-30,"150","DO_mg.L","7.59"
"1019","1B",1995-05-30,"150","SPC_mS.cm","1.96"
"1020","1B",1995-05-30,"150","pH_hydro","7.92"
"1021","1B",1995-06-20,"171","Temp_degC","21.2"
"1022","1B",1995-06-20,"171","DO_mg.L","5.54"
"1023","1B",1995-06-20,"171","SPC_mS.cm","2.06"
"1024","1B",1995-06-20,"171","pH_hydro","7.76"
"1025","1B",1995-07-12,"193","Temp_degC","23.5"
"1026","1B",1995-07-12,"193","DO_mg.L","8.18"
"1027","1B",1995-07-12,"193","SPC_mS.cm","2.10"
"1028","1B",1995-07-12,"193","pH_hydro","8.38"
"1029","1B",1995-07-25,"206","Temp_degC","19.8"
"1030","1B",1995-07-25,"206","DO_mg.L","8.73"
"1031","1B",1995-07-25,"206","SPC_mS.cm","2.15"
"1032","1B",1995-07-25,"206","pH_hydro","8.46"
"1033","1B",1995-08-14,"226","Temp_degC","16.1"
"1034","1B",1995-08-14,"226","DO_mg.L","9.08"
"1035","1B",1995-08-14,"226","SPC_mS.cm","2.38"
"1036","1B",1995-08-14,"226","pH_hydro","8.58"
"1037","1B",1995-08-28,"240","Temp_degC","17.8"
"1038","1B",1995-08-28,"240","DO_mg.L","11.15"
"1039","1B",1995-08-28,"240","SPC_mS.cm","2.31"
"1040","1B",1995-08-28,"240","pH_hydro","9.01"
"1041","1B",1995-09-12,"255","Temp_degC","17.4"
"1042","1B",1995-09-12,"255","DO_mg.L","9.69"
"1043","1B",1995-09-12,"255","SPC_mS.cm","2.20"
"1044","1B",1995-09-12,"255","pH_hydro","8.75"
"1045","1B",1995-10-17,"290","Temp_degC","6.7"
"1046","1B",1995-10-17,"290","DO_mg.L","10.48"
"1047","1B",1995-10-17,"290","SPC_mS.cm","2.28"
"1048","1B",1995-10-17,"290","pH_hydro","8.02"
"1049","25",1995-05-30,"150","Temp_degC","21.0"
"1050","25",1995-05-30,"150","DO_mg.L","6.92"
"1051","25",1995-05-30,"150","SPC_mS.cm","1.72"
"1052","25",1995-05-30,"150","pH_hydro","7.95"
"1053","25",1995-06-20,"171","Temp_degC","20.9"
"1054","25",1995-06-20,"171","DO_mg.L","3.90"
"1055","25",1995-06-20,"171","SPC_mS.cm","1.84"
"1056","25",1995-06-20,"171","pH_hydro","7.89"
"1057","25",1995-07-12,"193","Temp_degC","25.4"
"1058","25",1995-07-12,"193","DO_mg.L","12.38"
"1059","25",1995-07-12,"193","SPC_mS.cm","1.83"
"1060","25",1995-07-12,"193","pH_hydro","8.81"
"1061","25",1995-07-25,"206","Temp_degC","23.8"
"1062","25",1995-07-25,"206","DO_mg.L","15.61"
"1063","25",1995-07-25,"206","SPC_mS.cm","1.97"
"1064","25",1995-07-25,"206","pH_hydro","9.05"
"1065","25",1995-08-14,"226","Temp_degC","21.0"
"1066","25",1995-08-14,"226","DO_mg.L",NA
"1067","25",1995-08-14,"226","SPC_mS.cm","2.00"
"1068","25",1995-08-14,"226","pH_hydro","9.10"
"1069","25",1995-08-28,"240","Temp_degC","16.8"
"1070","25",1995-08-28,"240","DO_mg.L","8.46"
"1071","25",1995-08-28,"240","SPC_mS.cm","2.12"
"1072","25",1995-08-28,"240","pH_hydro","9.02"
"1073","25",1995-09-12,"255","Temp_degC","17.9"
"1074","25",1995-09-12,"255","DO_mg.L","10.88"
"1075","25",1995-09-12,"255","SPC_mS.cm","2.13"
"1076","25",1995-09-12,"255","pH_hydro","8.86"
"1077","25",1995-10-17,"290","Temp_degC","5.9"
"1078","25",1995-10-17,"290","DO_mg.L","11.13"
"1079","25",1995-10-17,"290","SPC_mS.cm","2.40"
"1080","25",1995-10-17,"290","pH_hydro","8.55"
"1081","37",1995-05-31,"151","Temp_degC","17.1"
"1082","37",1995-05-31,"151","DO_mg.L","4.47"
"1083","37",1995-05-31,"151","SPC_mS.cm","0.22"
"1084","37",1995-05-31,"151","pH_hydro","7.69"
"1085","50",1995-05-30,"150","Temp_degC","25.2"
"1086","50",1995-05-30,"150","DO_mg.L","8.94"
"1087","50",1995-05-30,"150","SPC_mS.cm","5.37"
"1088","50",1995-05-30,"150","pH_hydro","8.26"
"1089","50",1995-06-20,"171","Temp_degC","24.3"
"1090","50",1995-06-20,"171","DO_mg.L","11.13"
"1091","50",1995-06-20,"171","SPC_mS.cm","6.17"
"1092","50",1995-06-20,"171","pH_hydro","7.94"
"1093","50",1995-07-12,"193","Temp_degC","26.5"
"1094","50",1995-07-12,"193","DO_mg.L","8.55"
"1095","50",1995-07-12,"193","SPC_mS.cm","7.20"
"1096","50",1995-07-12,"193","pH_hydro","8.01"
"1097","50",1995-07-25,"206","Temp_degC","21.6"
"1098","50",1995-07-25,"206","DO_mg.L","9.22"
"1099","50",1995-07-25,"206","SPC_mS.cm","7.89"
"1100","50",1995-07-25,"206","pH_hydro","7.99"
"1101","50",1995-08-14,"226","Temp_degC","20.2"
"1102","50",1995-08-14,"226","DO_mg.L","7.46"
"1103","50",1995-08-14,"226","SPC_mS.cm","7.14"
"1104","50",1995-08-14,"226","pH_hydro","8.04"
"1105","65",1995-05-30,"150","Temp_degC","21.6"
"1106","65",1995-05-30,"150","DO_mg.L","8.92"
"1107","65",1995-05-30,"150","SPC_mS.cm","3.04"
"1108","65",1995-05-30,"150","pH_hydro","8.11"
"1109","65",1995-06-20,"171","Temp_degC","20.8"
"1110","65",1995-06-20,"171","DO_mg.L","8.15"
"1111","65",1995-06-20,"171","SPC_mS.cm","3.16"
"1112","65",1995-06-20,"171","pH_hydro","8.39"
"1113","65",1995-07-12,"193","Temp_degC","22.1"
"1114","65",1995-07-12,"193","DO_mg.L","7.72"
"1115","65",1995-07-12,"193","SPC_mS.cm","2.75"
"1116","65",1995-07-12,"193","pH_hydro","8.80"
"1117","65",1995-07-25,"206","Temp_degC","22.1"
"1118","65",1995-07-25,"206","DO_mg.L","12.05"
"1119","65",1995-07-25,"206","SPC_mS.cm","3.42"
"1120","65",1995-07-25,"206","pH_hydro","9.31"
"1121","65",1995-08-14,"226","Temp_degC","15.2"
"1122","65",1995-08-14,"226","DO_mg.L","8.59"
"1123","65",1995-08-14,"226","SPC_mS.cm","3.51"
"1124","65",1995-08-14,"226","pH_hydro","9.15"
"1125","65",1995-08-28,"240","Temp_degC","17.2"
"1126","65",1995-08-28,"240","DO_mg.L","9.40"
"1127","65",1995-08-28,"240","SPC_mS.cm","3.77"
"1128","65",1995-08-28,"240","pH_hydro","9.35"
"1129","65",1995-09-12,"255","Temp_degC","17.1"
"1130","65",1995-09-12,"255","DO_mg.L","8.96"
"1131","65",1995-09-12,"255","SPC_mS.cm","3.72"
"1132","65",1995-09-12,"255","pH_hydro","8.98"
"1133","65",1995-10-17,"290","Temp_degC","5.9"
"1134","65",1995-10-17,"290","DO_mg.L","11.39"
"1135","65",1995-10-17,"290","SPC_mS.cm","4.22"
"1136","65",1995-10-17,"290","pH_hydro","8.95"
"1137","66",1995-05-30,"150","Temp_degC","24.7"
"1138","66",1995-05-30,"150","DO_mg.L","10.25"
"1139","66",1995-05-30,"150","SPC_mS.cm","26.20"
"1140","66",1995-05-30,"150","pH_hydro","8.56"
"1141","66",1995-06-20,"171","Temp_degC","19.6"
"1142","66",1995-06-20,"171","DO_mg.L","9.54"
"1143","66",1995-06-20,"171","SPC_mS.cm","31.50"
"1144","66",1995-06-20,"171","pH_hydro","8.76"
"1145","66",1995-07-12,"193","Temp_degC","21.4"
"1146","66",1995-07-12,"193","DO_mg.L","6.76"
"1147","66",1995-07-12,"193","SPC_mS.cm","17.83"
"1148","66",1995-07-12,"193","pH_hydro","9.78"
"1149","66",1995-07-25,"206","Temp_degC","25.2"
"1150","66",1995-07-25,"206","DO_mg.L","11.46"
"1151","66",1995-07-25,"206","SPC_mS.cm","20.39"
"1152","66",1995-07-25,"206","pH_hydro","9.71"
"1153","66",1995-08-14,"226","Temp_degC","15.4"
"1154","66",1995-08-14,"226","DO_mg.L","9.81"
"1155","66",1995-08-14,"226","SPC_mS.cm","32.80"
"1156","66",1995-08-14,"226","pH_hydro","9.62"
"1157","66",1995-08-28,"240","Temp_degC","17.6"
"1158","66",1995-08-28,"240","DO_mg.L","12.15"
"1159","66",1995-08-28,"240","SPC_mS.cm","37.80"
"1160","66",1995-08-28,"240","pH_hydro","9.52"
"1161","66",1995-09-12,"255","Temp_degC","16.2"
"1162","66",1995-09-12,"255","DO_mg.L","8.60"
"1163","66",1995-09-12,"255","SPC_mS.cm","41.00"
"1164","66",1995-09-12,"255","pH_hydro","9.10"
"1165","66",1995-10-17,"290","Temp_degC","6.0"
"1166","66",1995-10-17,"290","DO_mg.L","10.05"
"1167","66",1995-10-17,"290","SPC_mS.cm","43.20"
"1168","66",1995-10-17,"290","pH_hydro","8.81"
"1169","67",1995-05-30,"150","Temp_degC","21.3"
"1170","67",1995-05-30,"150","DO_mg.L","5.63"
"1171","67",1995-05-30,"150","SPC_mS.cm","4.91"
"1172","67",1995-05-30,"150","pH_hydro","8.01"
"1173","67",1995-06-20,"171","Temp_degC","20.4"
"1174","67",1995-06-20,"171","DO_mg.L","7.07"
"1175","67",1995-06-20,"171","SPC_mS.cm","5.36"
"1176","67",1995-06-20,"171","pH_hydro","8.14"
"1177","67",1995-07-12,"193","Temp_degC","22.0"
"1178","67",1995-07-12,"193","DO_mg.L","3.67"
"1179","67",1995-07-12,"193","SPC_mS.cm","5.44"
"1180","67",1995-07-12,"193","pH_hydro","8.44"
"1181","67",1995-07-25,"206","Temp_degC","20.6"
"1182","67",1995-07-25,"206","DO_mg.L","7.63"
"1183","67",1995-07-25,"206","SPC_mS.cm","6.15"
"1184","67",1995-07-25,"206","pH_hydro","8.66"
"1185","67",1995-08-14,"226","Temp_degC","14.6"
"1186","67",1995-08-14,"226","DO_mg.L","8.40"
"1187","67",1995-08-14,"226","SPC_mS.cm","6.19"
"1188","67",1995-08-14,"226","pH_hydro","8.67"
"1189","67",1995-08-28,"240","Temp_degC","17.3"
"1190","67",1995-08-28,"240","DO_mg.L","9.41"
"1191","67",1995-08-28,"240","SPC_mS.cm","6.51"
"1192","67",1995-08-28,"240","pH_hydro","8.91"
"1193","67",1995-09-12,"255","Temp_degC","17.1"
"1194","67",1995-09-12,"255","DO_mg.L","6.67"
"1195","67",1995-09-12,"255","SPC_mS.cm","6.40"
"1196","67",1995-09-12,"255","pH_hydro","8.53"
"1197","67",1995-10-17,"290","Temp_degC","6.1"
"1198","67",1995-10-17,"290","DO_mg.L","11.26"
"1199","67",1995-10-17,"290","SPC_mS.cm","7.07"
"1200","67",1995-10-17,"290","pH_hydro","8.55"
"1201","86",1995-05-31,"151","Temp_degC","17.0"
"1202","86",1995-05-31,"151","DO_mg.L","5.41"
"1203","86",1995-05-31,"151","SPC_mS.cm","0.62"
"1204","86",1995-05-31,"151","pH_hydro","8.36"
"1205","90",1995-05-31,"151","Temp_degC","17.5"
"1206","90",1995-05-31,"151","DO_mg.L","5.98"
"1207","90",1995-05-31,"151","SPC_mS.cm","10.39"
"1208","90",1995-05-31,"151","pH_hydro","8.20"
"1209","90",1995-06-20,"171","Temp_degC","24.3"
"1210","90",1995-06-20,"171","DO_mg.L","9.29"
"1211","90",1995-06-20,"171","SPC_mS.cm","11.33"
"1212","90",1995-06-20,"171","pH_hydro","8.21"
"1213","90",1995-07-12,"193","Temp_degC","24.1"
"1214","90",1995-07-12,"193","DO_mg.L","7.24"
"1215","90",1995-07-12,"193","SPC_mS.cm","5.14"
"1216","90",1995-07-12,"193","pH_hydro","9.24"
"1217","90",1995-08-14,"226","Temp_degC","21.7"
"1218","90",1995-08-14,"226","DO_mg.L","8.65"
"1219","90",1995-08-14,"226","SPC_mS.cm","9.96"
"1220","90",1995-08-14,"226","pH_hydro","8.47"
"1221","109",1995-05-31,"151","Temp_degC","19.91"
"1222","109",1995-05-31,"151","DO_mg.L","4.77"
"1223","109",1995-05-31,"151","SPC_mS.cm","0.399"
"1224","109",1995-05-31,"151","pH_hydro","7.45"
"1225","109",1995-06-20,"171","Temp_degC","24.35"
"1226","109",1995-06-20,"171","DO_mg.L","12.46"
"1227","109",1995-06-20,"171","SPC_mS.cm","0.374"
"1228","109",1995-06-20,"171","pH_hydro","8.15"
"1229","4857",1995-05-30,"150","Temp_degC","20.7"
"1230","4857",1995-05-30,"150","DO_mg.L","8.11"
"1231","4857",1995-05-30,"150","SPC_mS.cm","0.95"
"1232","4857",1995-05-30,"150","pH_hydro","8.19"
"1233","4857",1995-06-20,"171","Temp_degC","20.6"
"1234","4857",1995-06-20,"171","DO_mg.L","4.67"
"1235","4857",1995-06-20,"171","SPC_mS.cm","0.98"
"1236","4857",1995-06-20,"171","pH_hydro","7.70"
"1237","4857",1995-07-12,"193","Temp_degC","21.0"
"1238","4857",1995-07-12,"193","DO_mg.L","5.78"
"1239","4857",1995-07-12,"193","SPC_mS.cm","0.92"
"1240","4857",1995-07-12,"193","pH_hydro","8.47"
"1241","4857",1995-07-25,"206","Temp_degC","23.0"
"1242","4857",1995-07-25,"206","DO_mg.L","13.91"
"1243","4857",1995-07-25,"206","SPC_mS.cm","0.93"
"1244","4857",1995-07-25,"206","pH_hydro","9.38"
"1245","4857",1995-08-14,"226","Temp_degC","14.0"
"1246","4857",1995-08-14,"226","DO_mg.L","7.00"
"1247","4857",1995-08-14,"226","SPC_mS.cm","1.07"
"1248","4857",1995-08-14,"226","pH_hydro","8.20"
"1249","4857",1995-08-28,"240","Temp_degC","16.5"
"1250","4857",1995-08-28,"240","DO_mg.L","8.80"
"1251","4857",1995-08-28,"240","SPC_mS.cm","1.13"
"1252","4857",1995-08-28,"240","pH_hydro","8.52"
"1253","4857",1995-09-12,"255","Temp_degC","18.1"
"1254","4857",1995-09-12,"255","DO_mg.L","13.08"
"1255","4857",1995-09-12,"255","SPC_mS.cm","1.05"
"1256","4857",1995-09-12,"255","pH_hydro","Probe Broken"
"1257","4857",1995-10-17,"290","Temp_degC","5.3"
"1258","4857",1995-10-17,"290","DO_mg.L","11.43"
"1259","4857",1995-10-17,"290","SPC_mS.cm","1.15"
"1260","4857",1995-10-17,"290","pH_hydro","8.18"
"1261","6642",1995-05-31,"151","Temp_degC","17.9"
"1262","6642",1995-05-31,"151","DO_mg.L","4.25"
"1263","6642",1995-05-31,"151","SPC_mS.cm","1.24"
"1264","6642",1995-05-31,"151","pH_hydro","8.01"
"1265","6642",1995-06-20,"171","Temp_degC","20.4"
"1266","6642",1995-06-20,"171","DO_mg.L","6.59"
"1267","6642",1995-06-20,"171","SPC_mS.cm","1.30"
"1268","6642",1995-06-20,"171","pH_hydro","8.01"
"1269","6642",1995-07-12,"193","Temp_degC","22.5"
"1270","6642",1995-07-12,"193","DO_mg.L","6.12"
"1271","6642",1995-07-12,"193","SPC_mS.cm","1.06"
"1272","6642",1995-07-12,"193","pH_hydro","8.16"
"1273","6642",1995-07-25,"206","Temp_degC","19.4"
"1274","6642",1995-07-25,"206","DO_mg.L","6.50"
"1275","6642",1995-07-25,"206","SPC_mS.cm","1.46"
"1276","6642",1995-07-25,"206","pH_hydro","8.21"
"1277","6642",1995-08-14,"226","Temp_degC","20.0"
"1278","6642",1995-08-14,"226","DO_mg.L","8.74"
"1279","6642",1995-08-14,"226","SPC_mS.cm","1.42"
"1280","6642",1995-08-14,"226","pH_hydro","8.31"
"1281","6642",1995-08-28,"240","Temp_degC","18.9"
"1282","6642",1995-08-28,"240","DO_mg.L","9.32"
"1283","6642",1995-08-28,"240","SPC_mS.cm","1.53"
"1284","6642",1995-08-28,"240","pH_hydro","8.36"
"1285","6642",1995-09-12,"255","Temp_degC","15.6"
"1286","6642",1995-09-12,"255","DO_mg.L","4.94"
"1287","6642",1995-09-12,"255","SPC_mS.cm","1.52"
"1288","6642",1995-09-12,"255","pH_hydro","7.93"
"1289","6642",1995-10-17,"290","Temp_degC","6.4"
"1290","6642",1995-10-17,"290","DO_mg.L","12.18"
"1291","6642",1995-10-17,"290","SPC_mS.cm","1.79"
"1292","6642",1995-10-17,"290","pH_hydro","8.05"
"1293","Gursky's",1995-05-31,"151","Temp_degC","17.2"
"1294","Gursky's",1995-05-31,"151","DO_mg.L","6.02"
"1295","Gursky's",1995-05-31,"151","SPC_mS.cm","0.87"
"1296","Gursky's",1995-05-31,"151","pH_hydro","8.75"
"1297","Gursky's",1995-06-20,"171","Temp_degC","21.8"
"1298","Gursky's",1995-06-20,"171","DO_mg.L","5.87"
"1299","Gursky's",1995-06-20,"171","SPC_mS.cm","0.90"
"1300","Gursky's",1995-06-20,"171","pH_hydro","8.22"
"1301","Gursky's",1995-07-12,"193","Temp_degC","24.3"
"1302","Gursky's",1995-07-12,"193","DO_mg.L","10.81"
"1303","Gursky's",1995-07-12,"193","SPC_mS.cm","0.87"
"1304","Gursky's",1995-07-12,"193","pH_hydro","8.87"
"1305","Gursky's",1995-07-25,"206","Temp_degC","20.6"
"1306","Gursky's",1995-07-25,"206","DO_mg.L","10.56"
"1307","Gursky's",1995-07-25,"206","SPC_mS.cm","0.91"
"1308","Gursky's",1995-07-25,"206","pH_hydro","8.92"
"1309","Gursky's",1995-08-14,"226","Temp_degC","17.2"
"1310","Gursky's",1995-08-14,"226","DO_mg.L","9.06"
"1311","Gursky's",1995-08-14,"226","SPC_mS.cm","0.94"
"1312","Gursky's",1995-08-14,"226","pH_hydro","9.16"
"1313","Gursky's",1995-08-28,"240","Temp_degC","18.5"
"1314","Gursky's",1995-08-28,"240","DO_mg.L","10.64"
"1315","Gursky's",1995-08-28,"240","SPC_mS.cm","0.94"
"1316","Gursky's",1995-08-28,"240","pH_hydro","9.26"
"1317","Gursky's",1995-09-12,"255","Temp_degC","17.8"
"1318","Gursky's",1995-09-12,"255","DO_mg.L","8.65"
"1319","Gursky's",1995-09-12,"255","SPC_mS.cm","0.89"
"1320","Gursky's",1995-09-12,"255","pH_hydro","Probe Broken"
"1321","Gursky's",1995-10-17,"290","Temp_degC","7.4"
"1322","Gursky's",1995-10-17,"290","DO_mg.L","11.25"
"1323","Gursky's",1995-10-17,"290","SPC_mS.cm","0.94"
"1324","Gursky's",1995-10-17,"290","pH_hydro","8.81"
"1325","1A",1996-05-09,"130","Temp_degC","5.9"
"1326","1A",1996-05-09,"130","DO_mg.L","11.49"
"1327","1A",1996-05-09,"130","SPC_mS.cm","0.97"
"1328","1A",1996-05-09,"130","pH_hydro","8.08"
"1329","1A",1996-06-10,"162","Temp_degC","22.3"
"1330","1A",1996-06-10,"162","DO_mg.L","7.66"
"1331","1A",1996-06-10,"162","SPC_mS.cm","1.14"
"1332","1A",1996-06-10,"162","pH_hydro","8.05"
"1333","1A",1996-07-09,"191","Temp_degC","21.1"
"1334","1A",1996-07-09,"191","DO_mg.L","12.64"
"1335","1A",1996-07-09,"191","SPC_mS.cm","1.53"
"1336","1A",1996-07-09,"191","pH_hydro","8.32"
"1337","1A",1996-08-13,"226","Temp_degC","19.8"
"1338","1A",1996-08-13,"226","DO_mg.L","7.95"
"1339","1A",1996-08-13,"226","SPC_mS.cm","1.16"
"1340","1A",1996-08-13,"226","pH_hydro","7.98"
"1341","1A",1996-09-18,"262","Temp_degC","14.0"
"1342","1A",1996-09-18,"262","DO_mg.L","12.10"
"1343","1A",1996-09-18,"262","SPC_mS.cm","1.64"
"1344","1A",1996-09-18,"262","pH_hydro","8.54"
"1345","1A",1996-10-15,"289","Temp_degC","9.6"
"1346","1A",1996-10-15,"289","DO_mg.L","12.22"
"1347","1A",1996-10-15,"289","SPC_mS.cm","1.74"
"1348","1A",1996-10-15,"289","pH_hydro","8.32"
"1349","1B",1996-05-09,"130","Temp_degC","7.3"
"1350","1B",1996-05-09,"130","DO_mg.L","11.40"
"1351","1B",1996-05-09,"130","SPC_mS.cm","0.96"
"1352","1B",1996-05-09,"130","pH_hydro","8.12"
"1353","1B",1996-06-10,"162","Temp_degC","22.4"
"1354","1B",1996-06-10,"162","DO_mg.L","8.68"
"1355","1B",1996-06-10,"162","SPC_mS.cm","1.13"
"1356","1B",1996-06-10,"162","pH_hydro","8.16"
"1357","1B",1996-07-09,"191","Temp_degC","21.7"
"1358","1B",1996-07-09,"191","DO_mg.L","12.79"
"1359","1B",1996-07-09,"191","SPC_mS.cm","1.53"
"1360","1B",1996-07-09,"191","pH_hydro","8.39"
"1361","1B",1996-08-13,"226","Temp_degC","20.1"
"1362","1B",1996-08-13,"226","DO_mg.L","5.92"
"1363","1B",1996-08-13,"226","SPC_mS.cm","1.27"
"1364","1B",1996-08-13,"226","pH_hydro","7.96"
"1365","1B",1996-09-18,"262","Temp_degC","13.9"
"1366","1B",1996-09-18,"262","DO_mg.L","10.27"
"1367","1B",1996-09-18,"262","SPC_mS.cm","1.67"
"1368","1B",1996-09-18,"262","pH_hydro","8.47"
"1369","1B",1996-10-15,"289","Temp_degC","8.7"
"1370","1B",1996-10-15,"289","DO_mg.L","8.78"
"1371","1B",1996-10-15,"289","SPC_mS.cm","1.77"
"1372","1B",1996-10-15,"289","pH_hydro","8.02"
"1373","25A",1996-08-13,"226","Temp_degC","20.2"
"1374","25A",1996-08-13,"226","DO_mg.L","3.97"
"1375","25A",1996-08-13,"226","SPC_mS.cm","1.41"
"1376","25A",1996-08-13,"226","pH_hydro","7.85"
"1377","25",1996-05-08,"129","Temp_degC","5.3"
"1378","25",1996-05-08,"129","DO_mg.L","11.26"
"1379","25",1996-05-08,"129","SPC_mS.cm","0.65"
"1380","25",1996-05-08,"129","pH_hydro","7.86"
"1381","25",1996-06-10,"162","Temp_degC","23.5"
"1382","25",1996-06-10,"162","DO_mg.L","3.24"
"1383","25",1996-06-10,"162","SPC_mS.cm","0.89"
"1384","25",1996-06-10,"162","pH_hydro","7.77"
"1385","25",1996-07-09,"191","Temp_degC","22.0"
"1386","25",1996-07-09,"191","DO_mg.L","3.66"
"1387","25",1996-07-09,"191","SPC_mS.cm","1.18"
"1388","25",1996-07-09,"191","pH_hydro","7.77"
"1389","25",1996-08-13,"226","Temp_degC","19.9"
"1390","25",1996-08-13,"226","DO_mg.L","2.54"
"1391","25",1996-08-13,"226","SPC_mS.cm","3.49"
"1392","25",1996-08-13,"226","pH_hydro","7.77"
"1393","25",1996-09-18,"262","Temp_degC","13.9"
"1394","25",1996-09-18,"262","DO_mg.L","7.43"
"1395","25",1996-09-18,"262","SPC_mS.cm","1.51"
"1396","25",1996-09-18,"262","pH_hydro","8.13"
"1397","25",1996-10-15,"289","Temp_degC","8.6"
"1398","25",1996-10-15,"289","DO_mg.L","8.49"
"1399","25",1996-10-15,"289","SPC_mS.cm","1.63"
"1400","25",1996-10-15,"289","pH_hydro","8.11"
"1401","37",1996-05-09,"130","Temp_degC","8.1"
"1402","37",1996-05-09,"130","DO_mg.L","7.95"
"1403","37",1996-05-09,"130","SPC_mS.cm","0.15"
"1404","37",1996-05-09,"130","pH_hydro","7.57"
"1405","37",1996-06-10,"162","Temp_degC","23.2"
"1406","37",1996-06-10,"162","DO_mg.L","3.38"
"1407","37",1996-06-10,"162","SPC_mS.cm","0.18"
"1408","37",1996-06-10,"162","pH_hydro","7.62"
"1409","37",1996-07-09,"191","Temp_degC","21.2"
"1410","37",1996-07-09,"191","DO_mg.L","1.99"
"1411","37",1996-07-09,"191","SPC_mS.cm","0.25"
"1412","37",1996-07-09,"191","pH_hydro","7.50"
"1413","37",1996-08-13,"226","Temp_degC","20.9"
"1414","37",1996-08-13,"226","DO_mg.L","4.49"
"1415","37",1996-08-13,"226","SPC_mS.cm","0.36"
"1416","37",1996-08-13,"226","pH_hydro","7.65"
"1417","37",1996-09-18,"262","Temp_degC","14.5"
"1418","37",1996-09-18,"262","DO_mg.L","9.32"
"1419","37",1996-09-18,"262","SPC_mS.cm","0.39"
"1420","37",1996-09-18,"262","pH_hydro","7.77"
"1421","37",1996-10-15,"289","Temp_degC","9.4"
"1422","37",1996-10-15,"289","DO_mg.L","7.21"
"1423","37",1996-10-15,"289","SPC_mS.cm","0.43"
"1424","37",1996-10-15,"289","pH_hydro","7.81"
"1425","50",1996-05-09,"130","Temp_degC","9.0"
"1426","50",1996-05-09,"130","DO_mg.L","12.03"
"1427","50",1996-05-09,"130","SPC_mS.cm","1.03"
"1428","50",1996-05-09,"130","pH_hydro","7.70"
"1429","50",1996-06-10,"162","Temp_degC","25.1"
"1430","50",1996-06-10,"162","DO_mg.L","6.91"
"1431","50",1996-06-10,"162","SPC_mS.cm","2.03"
"1432","50",1996-06-10,"162","pH_hydro","7.98"
"1433","50",1996-07-09,"191","Temp_degC","24.8"
"1434","50",1996-07-09,"191","DO_mg.L","7.59"
"1435","50",1996-07-09,"191","SPC_mS.cm","2.85"
"1436","50",1996-07-09,"191","pH_hydro","7.85"
"1437","50",1996-08-13,"226","Temp_degC","21.2"
"1438","50",1996-08-13,"226","DO_mg.L","9.73"
"1439","50",1996-08-13,"226","SPC_mS.cm","3.72"
"1440","50",1996-08-13,"226","pH_hydro","8.14"
"1441","50",1996-09-18,"262","Temp_degC","14.7"
"1442","50",1996-09-18,"262","DO_mg.L","8.53"
"1443","50",1996-09-18,"262","SPC_mS.cm","4.35"
"1444","50",1996-09-18,"262","pH_hydro","8.10"
"1445","50",1996-10-15,"289","Temp_degC","9.2"
"1446","50",1996-10-15,"289","DO_mg.L","7.59"
"1447","50",1996-10-15,"289","SPC_mS.cm","4.98"
"1448","50",1996-10-15,"289","pH_hydro","8.25"
"1449","60",1996-05-09,"130","Temp_degC","9.0"
"1450","60",1996-05-09,"130","DO_mg.L","7.76"
"1451","60",1996-05-09,"130","SPC_mS.cm","0.16"
"1452","60",1996-05-09,"130","pH_hydro","7.74"
"1453","60",1996-06-11,"163","Temp_degC","17.9"
"1454","60",1996-06-11,"163","DO_mg.L","1.52"
"1455","60",1996-06-11,"163","SPC_mS.cm","0.21"
"1456","60",1996-06-11,"163","pH_hydro","7.11"
"1457","60",1996-07-09,"191","Temp_degC","19.4"
"1458","60",1996-07-09,"191","DO_mg.L","5.01"
"1459","60",1996-07-09,"191","SPC_mS.cm","0.24"
"1460","60",1996-07-09,"191","pH_hydro","7.43"
"1461","60",1996-08-13,"226","Temp_degC","20.9"
"1462","60",1996-08-13,"226","DO_mg.L","3.88"
"1463","60",1996-08-13,"226","SPC_mS.cm","0.30"
"1464","60",1996-08-13,"226","pH_hydro","7.20"
"1465","65",1996-05-08,"129","Temp_degC","4.6"
"1466","65",1996-05-08,"129","DO_mg.L","13.77"
"1467","65",1996-05-08,"129","SPC_mS.cm","1.27"
"1468","65",1996-05-08,"129","pH_hydro","8.30"
"1469","65",1996-06-11,"163","Temp_degC","21.0"
"1470","65",1996-06-11,"163","DO_mg.L","7.50"
"1471","65",1996-06-11,"163","SPC_mS.cm","1.78"
"1472","65",1996-06-11,"163","pH_hydro","8.44"
"1473","65",1996-07-10,"192","Temp_degC","18.9"
"1474","65",1996-07-10,"192","DO_mg.L","2.42"
"1475","65",1996-07-10,"192","SPC_mS.cm","2.28"
"1476","65",1996-07-10,"192","pH_hydro","8.22"
"1477","65",1996-08-14,"227","Temp_degC","19.3"
"1478","65",1996-08-14,"227","DO_mg.L","6.40"
"1479","65",1996-08-14,"227","SPC_mS.cm","1.82"
"1480","65",1996-08-14,"227","pH_hydro","8.16"
"1481","65",1996-09-19,"263","Temp_degC","13.3"
"1482","65",1996-09-19,"263","DO_mg.L","5.73"
"1483","65",1996-09-19,"263","SPC_mS.cm","2.89"
"1484","65",1996-09-19,"263","pH_hydro","8.09"
"1485","65",1996-10-15,"289","Temp_degC","8.9"
"1486","65",1996-10-15,"289","DO_mg.L","11.01"
"1487","65",1996-10-15,"289","SPC_mS.cm","3.03"
"1488","65",1996-10-15,"289","pH_hydro","8.37"
"1489","66",1996-05-08,"129","Temp_degC","5.2"
"1490","66",1996-05-08,"129","DO_mg.L","12.27"
"1491","66",1996-05-08,"129","SPC_mS.cm","14.73"
"1492","66",1996-05-08,"129","pH_hydro","9.12"
"1493","66",1996-06-11,"163","Temp_degC","20.9"
"1494","66",1996-06-11,"163","DO_mg.L","6.56"
"1495","66",1996-06-11,"163","SPC_mS.cm","15.10"
"1496","66",1996-06-11,"163","pH_hydro","8.78"
"1497","66",1996-07-10,"192","Temp_degC","18.2"
"1498","66",1996-07-10,"192","DO_mg.L","9.93"
"1499","66",1996-07-10,"192","SPC_mS.cm","15.70"
"1500","66",1996-07-10,"192","pH_hydro","9.76"
"1501","66",1996-08-14,"227","Temp_degC","18.4"
"1502","66",1996-08-14,"227","DO_mg.L","6.29"
"1503","66",1996-08-14,"227","SPC_mS.cm","19.05"
"1504","66",1996-08-14,"227","pH_hydro","10.04"
"1505","66",1996-09-19,"263","Temp_degC","13.1"
"1506","66",1996-09-19,"263","DO_mg.L","6.04"
"1507","66",1996-09-19,"263","SPC_mS.cm","21.05"
"1508","66",1996-09-19,"263","pH_hydro","8.70"
"1509","66",1996-10-15,"289","Temp_degC","9.7"
"1510","66",1996-10-15,"289","DO_mg.L","9.54"
"1511","66",1996-10-15,"289","SPC_mS.cm","22.75"
"1512","66",1996-10-15,"289","pH_hydro","8.47"
"1513","67",1996-05-08,"129","Temp_degC","5.6"
"1514","67",1996-05-08,"129","DO_mg.L","13.56"
"1515","67",1996-05-08,"129","SPC_mS.cm","2.33"
"1516","67",1996-05-08,"129","pH_hydro","8.17"
"1517","67",1996-06-11,"163","Temp_degC","21.4"
"1518","67",1996-06-11,"163","DO_mg.L","2.74"
"1519","67",1996-06-11,"163","SPC_mS.cm","3.01"
"1520","67",1996-06-11,"163","pH_hydro","7.79"
"1521","67",1996-07-10,"192","Temp_degC","19.0"
"1522","67",1996-07-10,"192","DO_mg.L","4.76"
"1523","67",1996-07-10,"192","SPC_mS.cm","3.48"
"1524","67",1996-07-10,"192","pH_hydro","7.97"
"1525","67",1996-08-14,"227","Temp_degC","19.3"
"1526","67",1996-08-14,"227","DO_mg.L","3.66"
"1527","67",1996-08-14,"227","SPC_mS.cm","4.05"
"1528","67",1996-08-14,"227","pH_hydro","8.08"
"1529","67",1996-09-19,"263","Temp_degC","13.1"
"1530","67",1996-09-19,"263","DO_mg.L","6.87"
"1531","67",1996-09-19,"263","SPC_mS.cm","4.17"
"1532","67",1996-09-19,"263","pH_hydro","8.58"
"1533","67",1996-10-15,"289","Temp_degC","8.7"
"1534","67",1996-10-15,"289","DO_mg.L","10.52"
"1535","67",1996-10-15,"289","SPC_mS.cm","4.48"
"1536","67",1996-10-15,"289","pH_hydro","8.62"
"1537","86",1996-05-09,"130","Temp_degC","5.6"
"1538","86",1996-05-09,"130","DO_mg.L","10.66"
"1539","86",1996-05-09,"130","SPC_mS.cm","0.25"
"1540","86",1996-05-09,"130","pH_hydro","7.70"
"1541","86",1996-06-11,"163","Temp_degC","20.4"
"1542","86",1996-06-11,"163","DO_mg.L","3.03"
"1543","86",1996-06-11,"163","SPC_mS.cm","0.33"
"1544","86",1996-06-11,"163","pH_hydro","7.83"
"1545","86",1996-07-10,"192","Temp_degC","17.0"
"1546","86",1996-07-10,"192","DO_mg.L","1.78"
"1547","86",1996-07-10,"192","SPC_mS.cm","0.38"
"1548","86",1996-07-10,"192","pH_hydro","7.72"
"1549","86",1996-08-14,"227","Temp_degC","17.3"
"1550","86",1996-08-14,"227","DO_mg.L","4.83"
"1551","86",1996-08-14,"227","SPC_mS.cm","0.44"
"1552","86",1996-08-14,"227","pH_hydro","7.77"
"1553","86",1996-09-19,"263","Temp_degC","12.3"
"1554","86",1996-09-19,"263","DO_mg.L","2.79"
"1555","86",1996-09-19,"263","SPC_mS.cm","0.44"
"1556","86",1996-09-19,"263","pH_hydro","7.34"
"1557","86",1996-10-16,"290","Temp_degC","3.6"
"1558","86",1996-10-16,"290","DO_mg.L","4.63"
"1559","86",1996-10-16,"290","SPC_mS.cm","0.51"
"1560","86",1996-10-16,"290","pH_hydro","7.53"
"1561","90",1996-05-09,"130","Temp_degC","5.5"
"1562","90",1996-05-09,"130","DO_mg.L","10.10"
"1563","90",1996-05-09,"130","SPC_mS.cm","3.55"
"1564","90",1996-05-09,"130","pH_hydro","8.06"
"1565","90",1996-06-11,"163","Temp_degC","21.8"
"1566","90",1996-06-11,"163","DO_mg.L","3.26"
"1567","90",1996-06-11,"163","SPC_mS.cm","5.84"
"1568","90",1996-06-11,"163","pH_hydro","7.93"
"1569","90",1996-07-10,"192","Temp_degC","18.5"
"1570","90",1996-07-10,"192","DO_mg.L","4.32"
"1571","90",1996-07-10,"192","SPC_mS.cm","6.97"
"1572","90",1996-07-10,"192","pH_hydro","8.21"
"1573","90",1996-08-14,"227","Temp_degC","19.7"
"1574","90",1996-08-14,"227","DO_mg.L","2.79"
"1575","90",1996-08-14,"227","SPC_mS.cm","9.44"
"1576","90",1996-08-14,"227","pH_hydro","8.13"
"1577","90",1996-09-18,"262","Temp_degC","15.5"
"1578","90",1996-09-18,"262","DO_mg.L","8.75"
"1579","90",1996-09-18,"262","SPC_mS.cm","10.53"
"1580","90",1996-09-18,"262","pH_hydro","8.36"
"1581","90",1996-10-16,"290","Temp_degC","3.3"
"1582","90",1996-10-16,"290","DO_mg.L","5.42"
"1583","90",1996-10-16,"290","SPC_mS.cm","12.26"
"1584","90",1996-10-16,"290","pH_hydro","7.98"
"1585","109",1996-05-09,"130","Temp_degC","8.1"
"1586","109",1996-05-09,"130","DO_mg.L","9.61"
"1587","109",1996-05-09,"130","SPC_mS.cm","0.27"
"1588","109",1996-05-09,"130","pH_hydro","7.39"
"1589","109",1996-06-11,"163","Temp_degC","20.6"
"1590","109",1996-06-11,"163","DO_mg.L","3.27"
"1591","109",1996-06-11,"163","SPC_mS.cm","0.31"
"1592","109",1996-06-11,"163","pH_hydro","7.60"
"1593","109",1996-07-10,"192","Temp_degC","16.2"
"1594","109",1996-07-10,"192","DO_mg.L","2.36"
"1595","109",1996-07-10,"192","SPC_mS.cm","0.31"
"1596","109",1996-07-10,"192","pH_hydro","7.02"
"1597","109",1996-08-14,"227","Temp_degC","16.4"
"1598","109",1996-08-14,"227","DO_mg.L","2.72"
"1599","109",1996-08-14,"227","SPC_mS.cm","0.39"
"1600","109",1996-08-14,"227","pH_hydro","7.39"
"1601","109",1996-09-18,"262","Temp_degC","13.8"
"1602","109",1996-09-18,"262","DO_mg.L","5.80"
"1603","109",1996-09-18,"262","SPC_mS.cm","0.40"
"1604","109",1996-09-18,"262","pH_hydro","7.82"
"1605","109",1996-10-16,"290","Temp_degC","3.2"
"1606","109",1996-10-16,"290","DO_mg.L","3.91"
"1607","109",1996-10-16,"290","SPC_mS.cm","0.39"
"1608","109",1996-10-16,"290","pH_hydro","7.35"
"1609","4857",1996-05-08,"129","Temp_degC","4.5"
"1610","4857",1996-05-08,"129","DO_mg.L","12.49"
"1611","4857",1996-05-08,"129","SPC_mS.cm","0.58"
"1612","4857",1996-05-08,"129","pH_hydro","8.11"
"1613","4857",1996-06-10,"162","Temp_degC","23.1"
"1614","4857",1996-06-10,"162","DO_mg.L","6.20"
"1615","4857",1996-06-10,"162","SPC_mS.cm","0.82"
"1616","4857",1996-06-10,"162","pH_hydro","7.86"
"1617","4857",1996-07-09,"191","Temp_degC","20.8"
"1618","4857",1996-07-09,"191","DO_mg.L","4.99"
"1619","4857",1996-07-09,"191","SPC_mS.cm","0.93"
"1620","4857",1996-07-09,"191","pH_hydro","7.75"
"1621","4857",1996-08-13,"226","Temp_degC","19.6"
"1622","4857",1996-08-13,"226","DO_mg.L","8.01"
"1623","4857",1996-08-13,"226","SPC_mS.cm","1.01"
"1624","4857",1996-08-13,"226","pH_hydro","8.57"
"1625","4857",1996-09-18,"262","Temp_degC","13.6"
"1626","4857",1996-09-18,"262","DO_mg.L","9.34"
"1627","4857",1996-09-18,"262","SPC_mS.cm","1.06"
"1628","4857",1996-09-18,"262","pH_hydro","8.50"
"1629","4857",1996-10-15,"289","Temp_degC","8.2"
"1630","4857",1996-10-15,"289","DO_mg.L","9.48"
"1631","4857",1996-10-15,"289","SPC_mS.cm","1.11"
"1632","4857",1996-10-15,"289","pH_hydro","8.56"
"1633","6642",1996-05-09,"130","Temp_degC","4.1"
"1634","6642",1996-05-09,"130","DO_mg.L","12.59"
"1635","6642",1996-05-09,"130","SPC_mS.cm","0.56"
"1636","6642",1996-05-09,"130","pH_hydro","8.23"
"1637","6642",1996-06-11,"163","Temp_degC","21.4"
"1638","6642",1996-06-11,"163","DO_mg.L","6.08"
"1639","6642",1996-06-11,"163","SPC_mS.cm","0.75"
"1640","6642",1996-06-11,"163","pH_hydro","7.83"
"1641","6642",1996-07-10,"192","Temp_degC","17.8"
"1642","6642",1996-07-10,"192","DO_mg.L","3.26"
"1643","6642",1996-07-10,"192","SPC_mS.cm","0.87"
"1644","6642",1996-07-10,"192","pH_hydro","7.62"
"1645","6642",1996-08-14,"227","Temp_degC","19.2"
"1646","6642",1996-08-14,"227","DO_mg.L","2.67"
"1647","6642",1996-08-14,"227","SPC_mS.cm","1.05"
"1648","6642",1996-08-14,"227","pH_hydro","8.08"
"1649","6642",1996-09-19,"263","Temp_degC","13.1"
"1650","6642",1996-09-19,"263","DO_mg.L","2.19"
"1651","6642",1996-09-19,"263","SPC_mS.cm","1.16"
"1652","6642",1996-09-19,"263","pH_hydro","7.84"
"1653","6642",1996-10-16,"290","Temp_degC","4.2"
"1654","6642",1996-10-16,"290","DO_mg.L","4.56"
"1655","6642",1996-10-16,"290","SPC_mS.cm","1.28"
"1656","6642",1996-10-16,"290","pH_hydro","7.58"
"1657","Gursky's",1996-06-11,"163","Temp_degC","20.7"
"1658","Gursky's",1996-06-11,"163","DO_mg.L","7.19"
"1659","Gursky's",1996-06-11,"163","SPC_mS.cm","0.71"
"1660","Gursky's",1996-06-11,"163","pH_hydro","8.64"
"1661","Gursky's",1996-07-10,"192","Temp_degC","19.3"
"1662","Gursky's",1996-07-10,"192","DO_mg.L","5.14"
"1663","Gursky's",1996-07-10,"192","SPC_mS.cm","0.82"
"1664","Gursky's",1996-07-10,"192","pH_hydro","8.56"
"1665","Gursky's",1996-08-13,"226","Temp_degC","19.9"
"1666","Gursky's",1996-08-13,"226","DO_mg.L","7.77"
"1667","Gursky's",1996-08-13,"226","SPC_mS.cm","0.84"
"1668","Gursky's",1996-08-13,"226","pH_hydro","8.71"
"1669","Gursky's",1996-09-18,"262","Temp_degC","14.6"
"1670","Gursky's",1996-09-18,"262","DO_mg.L","6.78"
"1671","Gursky's",1996-09-18,"262","SPC_mS.cm","0.84"
"1672","Gursky's",1996-09-18,"262","pH_hydro","8.49"
"1673","Gursky's",1996-10-15,"289","Temp_degC","9.0"
"1674","Gursky's",1996-10-15,"289","DO_mg.L","13.04"
"1675","Gursky's",1996-10-15,"289","SPC_mS.cm","0.88"
"1676","Gursky's",1996-10-15,"289","pH_hydro","8.46"
