"","Depth_cm","Pond","Date","Depth_cm_sum","CharacteristicID","ResultValue"
"1","12-14",1,2023-07-28,-12,"Be_ppm","BDL"
"2","12-14",1,2023-07-28,-12,"B_ppm","BDL"
"3","12-14",1,2023-07-28,-12,"Al_ppm","BDL"
"4","12-14",1,2023-07-28,-12,"Li_ppm","BDL"
"5","12-14",1,2023-07-28,-12,"Ga_ppm","BDL"
"6","12-14",1,2023-07-28,-12,"Na_ppm","BDL"
"7","12-14",1,2023-07-28,-12,"Mg_ppm","BDL"
"8","12-14",1,2023-07-28,-12,"K_ppm","BDL"
"9","12-14",1,2023-07-28,-12,"Ti_ppm","BDL"
"10","12-14",1,2023-07-28,-12,"Si_ppm","BDL"
"11","12-14",1,2023-07-28,-12,"Ca_ppm","BDL"
"12","12-14",1,2023-07-28,-12,"Fe_ppm","BDL"
"13","12-14",1,2023-07-28,-12,"V_ppm","BDL"
"14","12-14",1,2023-07-28,-12,"Cr_ppm","BDL"
"15","12-14",1,2023-07-28,-12,"Mn_ppm","BDL"
"16","12-14",1,2023-07-28,-12,"Co_ppm","BDL"
"17","12-14",1,2023-07-28,-12,"Ni_ppm","BDL"
"18","12-14",1,2023-07-28,-12,"Cu_ppm","BDL"
"19","12-14",1,2023-07-28,-12,"Zn_ppm","BDL"
"20","12-14",1,2023-07-28,-12,"Rb_ppm","BDL"
"21","12-14",1,2023-07-28,-12,"Sr_ppm","BDL"
"22","12-14",1,2023-07-28,-12,"P_ppm","BDL"
"23","12-14",1,2023-07-28,-12,"S_ppm","BDL"
"24","12-14",1,2023-07-28,-12,"As_ppm","BDL"
"25","12-14",1,2023-07-28,-12,"Se_ppm","BDL"
"26","12-14",1,2023-07-28,-12,"Mo_ppm","BDL"
"27","12-14",1,2023-07-28,-12,"Cd_ppm","BDL"
"28","12-14",1,2023-07-28,-12,"Cs_ppm","BDL"
"29","12-14",1,2023-07-28,-12,"Ba_ppm","BDL"
"30","12-14",1,2023-07-28,-12,"Ce_ppm","BDL"
"31","12-14",1,2023-07-28,-12,"Pb_ppm","BDL"
"32","12-14",1,2023-07-28,-12,"Th_ppm","BDL"
"33","12-14",1,2023-07-28,-12,"U_ppm","BDL"
"34","22-26",1,2023-07-28,-22,"Be_ppm","25.63"
"35","22-26",1,2023-07-28,-22,"B_ppm","BDL"
"36","22-26",1,2023-07-28,-22,"Al_ppm","BDL"
"37","22-26",1,2023-07-28,-22,"Li_ppm","BDL"
"38","22-26",1,2023-07-28,-22,"Ga_ppm","BDL"
"39","22-26",1,2023-07-28,-22,"Na_ppm","BDL"
"40","22-26",1,2023-07-28,-22,"Mg_ppm","BDL"
"41","22-26",1,2023-07-28,-22,"K_ppm","BDL"
"42","22-26",1,2023-07-28,-22,"Ti_ppm","BDL"
"43","22-26",1,2023-07-28,-22,"Si_ppm","BDL"
"44","22-26",1,2023-07-28,-22,"Ca_ppm","BDL"
"45","22-26",1,2023-07-28,-22,"Fe_ppm","BDL"
"46","22-26",1,2023-07-28,-22,"V_ppm","BDL"
"47","22-26",1,2023-07-28,-22,"Cr_ppm","BDL"
"48","22-26",1,2023-07-28,-22,"Mn_ppm","BDL"
"49","22-26",1,2023-07-28,-22,"Co_ppm","BDL"
"50","22-26",1,2023-07-28,-22,"Ni_ppm","BDL"
"51","22-26",1,2023-07-28,-22,"Cu_ppm","BDL"
"52","22-26",1,2023-07-28,-22,"Zn_ppm","BDL"
"53","22-26",1,2023-07-28,-22,"Rb_ppm","BDL"
"54","22-26",1,2023-07-28,-22,"Sr_ppm","BDL"
"55","22-26",1,2023-07-28,-22,"P_ppm","BDL"
"56","22-26",1,2023-07-28,-22,"S_ppm","BDL"
"57","22-26",1,2023-07-28,-22,"As_ppm","BDL"
"58","22-26",1,2023-07-28,-22,"Se_ppm","BDL"
"59","22-26",1,2023-07-28,-22,"Mo_ppm","BDL"
"60","22-26",1,2023-07-28,-22,"Cd_ppm","BDL"
"61","22-26",1,2023-07-28,-22,"Cs_ppm","BDL"
"62","22-26",1,2023-07-28,-22,"Ba_ppm","BDL"
"63","22-26",1,2023-07-28,-22,"Ce_ppm","BDL"
"64","22-26",1,2023-07-28,-22,"Pb_ppm","BDL"
"65","22-26",1,2023-07-28,-22,"Th_ppm","BDL"
"66","22-26",1,2023-07-28,-22,"U_ppm","BDL"
"67","22-26",109,2023-07-28,-22,"Be_ppm","BDL"
"68","22-26",109,2023-07-28,-22,"B_ppm","BDL"
"69","22-26",109,2023-07-28,-22,"Al_ppm","BDL"
"70","22-26",109,2023-07-28,-22,"Li_ppm","BDL"
"71","22-26",109,2023-07-28,-22,"Ga_ppm","BDL"
"72","22-26",109,2023-07-28,-22,"Na_ppm","BDL"
"73","22-26",109,2023-07-28,-22,"Mg_ppm","BDL"
"74","22-26",109,2023-07-28,-22,"K_ppm","BDL"
"75","22-26",109,2023-07-28,-22,"Ti_ppm","BDL"
"76","22-26",109,2023-07-28,-22,"Si_ppm","BDL"
"77","22-26",109,2023-07-28,-22,"Ca_ppm","BDL"
"78","22-26",109,2023-07-28,-22,"Fe_ppm","BDL"
"79","22-26",109,2023-07-28,-22,"V_ppm","BDL"
"80","22-26",109,2023-07-28,-22,"Cr_ppm","BDL"
"81","22-26",109,2023-07-28,-22,"Mn_ppm","BDL"
"82","22-26",109,2023-07-28,-22,"Co_ppm","BDL"
"83","22-26",109,2023-07-28,-22,"Ni_ppm","BDL"
"84","22-26",109,2023-07-28,-22,"Cu_ppm","BDL"
"85","22-26",109,2023-07-28,-22,"Zn_ppm","BDL"
"86","22-26",109,2023-07-28,-22,"Rb_ppm","BDL"
"87","22-26",109,2023-07-28,-22,"Sr_ppm","BDL"
"88","22-26",109,2023-07-28,-22,"P_ppm","BDL"
"89","22-26",109,2023-07-28,-22,"S_ppm","BDL"
"90","22-26",109,2023-07-28,-22,"As_ppm","BDL"
"91","22-26",109,2023-07-28,-22,"Se_ppm","BDL"
"92","22-26",109,2023-07-28,-22,"Mo_ppm","BDL"
"93","22-26",109,2023-07-28,-22,"Cd_ppm","BDL"
"94","22-26",109,2023-07-28,-22,"Cs_ppm","BDL"
"95","22-26",109,2023-07-28,-22,"Ba_ppm","BDL"
"96","22-26",109,2023-07-28,-22,"Ce_ppm","BDL"
"97","22-26",109,2023-07-28,-22,"Pb_ppm","BDL"
"98","22-26",109,2023-07-28,-22,"Th_ppm","BDL"
"99","22-26",109,2023-07-28,-22,"U_ppm","BDL"
"100","12-14",125,2023-07-28,-12,"Be_ppm","BDL"
"101","12-14",125,2023-07-28,-12,"B_ppm","BDL"
"102","12-14",125,2023-07-28,-12,"Al_ppm","BDL"
"103","12-14",125,2023-07-28,-12,"Li_ppm","BDL"
"104","12-14",125,2023-07-28,-12,"Ga_ppm","BDL"
"105","12-14",125,2023-07-28,-12,"Na_ppm","BDL"
"106","12-14",125,2023-07-28,-12,"Mg_ppm","BDL"
"107","12-14",125,2023-07-28,-12,"K_ppm","BDL"
"108","12-14",125,2023-07-28,-12,"Ti_ppm","BDL"
"109","12-14",125,2023-07-28,-12,"Si_ppm","BDL"
"110","12-14",125,2023-07-28,-12,"Ca_ppm","BDL"
"111","12-14",125,2023-07-28,-12,"Fe_ppm","BDL"
"112","12-14",125,2023-07-28,-12,"V_ppm","BDL"
"113","12-14",125,2023-07-28,-12,"Cr_ppm","BDL"
"114","12-14",125,2023-07-28,-12,"Mn_ppm","BDL"
"115","12-14",125,2023-07-28,-12,"Co_ppm","BDL"
"116","12-14",125,2023-07-28,-12,"Ni_ppm","BDL"
"117","12-14",125,2023-07-28,-12,"Cu_ppm","BDL"
"118","12-14",125,2023-07-28,-12,"Zn_ppm","BDL"
"119","12-14",125,2023-07-28,-12,"Rb_ppm","BDL"
"120","12-14",125,2023-07-28,-12,"Sr_ppm","BDL"
"121","12-14",125,2023-07-28,-12,"P_ppm","BDL"
"122","12-14",125,2023-07-28,-12,"S_ppm","BDL"
"123","12-14",125,2023-07-28,-12,"As_ppm","BDL"
"124","12-14",125,2023-07-28,-12,"Se_ppm","BDL"
"125","12-14",125,2023-07-28,-12,"Mo_ppm","BDL"
"126","12-14",125,2023-07-28,-12,"Cd_ppm","BDL"
"127","12-14",125,2023-07-28,-12,"Cs_ppm","BDL"
"128","12-14",125,2023-07-28,-12,"Ba_ppm","BDL"
"129","12-14",125,2023-07-28,-12,"Ce_ppm","BDL"
"130","12-14",125,2023-07-28,-12,"Pb_ppm","BDL"
"131","12-14",125,2023-07-28,-12,"Th_ppm","BDL"
"132","12-14",125,2023-07-28,-12,"U_ppm","BDL"
"133","12-14",1,2023-07-28,-12,"Be_ppm",""
"134","12-14",1,2023-07-28,-12,"B_ppm",""
"135","12-14",1,2023-07-28,-12,"Al_ppm",""
"136","12-14",1,2023-07-28,-12,"Li_ppm",""
"137","12-14",1,2023-07-28,-12,"Ga_ppm","BDL"
"138","12-14",1,2023-07-28,-12,"Na_ppm",""
"139","12-14",1,2023-07-28,-12,"Mg_ppm",""
"140","12-14",1,2023-07-28,-12,"K_ppm",""
"141","12-14",1,2023-07-28,-12,"Ti_ppm","BDL"
"142","12-14",1,2023-07-28,-12,"Si_ppm","BDL"
"143","12-14",1,2023-07-28,-12,"Ca_ppm","BDL"
"144","12-14",1,2023-07-28,-12,"Fe_ppm","BDL"
"145","12-14",1,2023-07-28,-12,"V_ppm","BDL"
"146","12-14",1,2023-07-28,-12,"Cr_ppm","BDL"
"147","12-14",1,2023-07-28,-12,"Mn_ppm","BDL"
"148","12-14",1,2023-07-28,-12,"Co_ppm","BDL"
"149","12-14",1,2023-07-28,-12,"Ni_ppm","BDL"
"150","12-14",1,2023-07-28,-12,"Cu_ppm","BDL"
"151","12-14",1,2023-07-28,-12,"Zn_ppm","BDL"
"152","12-14",1,2023-07-28,-12,"Rb_ppm","BDL"
"153","12-14",1,2023-07-28,-12,"Sr_ppm","BDL"
"154","12-14",1,2023-07-28,-12,"P_ppm","BDL"
"155","12-14",1,2023-07-28,-12,"S_ppm","BDL"
"156","12-14",1,2023-07-28,-12,"As_ppm","BDL"
"157","12-14",1,2023-07-28,-12,"Se_ppm","BDL"
"158","12-14",1,2023-07-28,-12,"Mo_ppm","BDL"
"159","12-14",1,2023-07-28,-12,"Cd_ppm","BDL"
"160","12-14",1,2023-07-28,-12,"Cs_ppm","BDL"
"161","12-14",1,2023-07-28,-12,"Ba_ppm","BDL"
"162","12-14",1,2023-07-28,-12,"Ce_ppm","BDL"
"163","12-14",1,2023-07-28,-12,"Pb_ppm","BDL"
"164","12-14",1,2023-07-28,-12,"Th_ppm","BDL"
"165","12-14",1,2023-07-28,-12,"U_ppm","BDL"
"166","22-26",1,2023-07-28,-22,"Be_ppm",""
"167","22-26",1,2023-07-28,-22,"B_ppm",""
"168","22-26",1,2023-07-28,-22,"Al_ppm",""
"169","22-26",1,2023-07-28,-22,"Li_ppm",""
"170","22-26",1,2023-07-28,-22,"Ga_ppm","BDL"
"171","22-26",1,2023-07-28,-22,"Na_ppm",""
"172","22-26",1,2023-07-28,-22,"Mg_ppm",""
"173","22-26",1,2023-07-28,-22,"K_ppm",""
"174","22-26",1,2023-07-28,-22,"Ti_ppm","BDL"
"175","22-26",1,2023-07-28,-22,"Si_ppm","BDL"
"176","22-26",1,2023-07-28,-22,"Ca_ppm","BDL"
"177","22-26",1,2023-07-28,-22,"Fe_ppm","BDL"
"178","22-26",1,2023-07-28,-22,"V_ppm","BDL"
"179","22-26",1,2023-07-28,-22,"Cr_ppm","BDL"
"180","22-26",1,2023-07-28,-22,"Mn_ppm","BDL"
"181","22-26",1,2023-07-28,-22,"Co_ppm","BDL"
"182","22-26",1,2023-07-28,-22,"Ni_ppm","BDL"
"183","22-26",1,2023-07-28,-22,"Cu_ppm","BDL"
"184","22-26",1,2023-07-28,-22,"Zn_ppm","BDL"
"185","22-26",1,2023-07-28,-22,"Rb_ppm","BDL"
"186","22-26",1,2023-07-28,-22,"Sr_ppm","BDL"
"187","22-26",1,2023-07-28,-22,"P_ppm","BDL"
"188","22-26",1,2023-07-28,-22,"S_ppm","BDL"
"189","22-26",1,2023-07-28,-22,"As_ppm","BDL"
"190","22-26",1,2023-07-28,-22,"Se_ppm","BDL"
"191","22-26",1,2023-07-28,-22,"Mo_ppm","BDL"
"192","22-26",1,2023-07-28,-22,"Cd_ppm","BDL"
"193","22-26",1,2023-07-28,-22,"Cs_ppm","BDL"
"194","22-26",1,2023-07-28,-22,"Ba_ppm","BDL"
"195","22-26",1,2023-07-28,-22,"Ce_ppm","BDL"
"196","22-26",1,2023-07-28,-22,"Pb_ppm","BDL"
"197","22-26",1,2023-07-28,-22,"Th_ppm","BDL"
"198","22-26",1,2023-07-28,-22,"U_ppm","BDL"
"199","22-26",109,2023-07-28,-22,"Be_ppm",""
"200","22-26",109,2023-07-28,-22,"B_ppm",""
"201","22-26",109,2023-07-28,-22,"Al_ppm",""
"202","22-26",109,2023-07-28,-22,"Li_ppm",""
"203","22-26",109,2023-07-28,-22,"Ga_ppm","BDL"
"204","22-26",109,2023-07-28,-22,"Na_ppm",""
"205","22-26",109,2023-07-28,-22,"Mg_ppm",""
"206","22-26",109,2023-07-28,-22,"K_ppm",""
"207","22-26",109,2023-07-28,-22,"Ti_ppm","BDL"
"208","22-26",109,2023-07-28,-22,"Si_ppm","BDL"
"209","22-26",109,2023-07-28,-22,"Ca_ppm","BDL"
"210","22-26",109,2023-07-28,-22,"Fe_ppm","BDL"
"211","22-26",109,2023-07-28,-22,"V_ppm","BDL"
"212","22-26",109,2023-07-28,-22,"Cr_ppm","BDL"
"213","22-26",109,2023-07-28,-22,"Mn_ppm","BDL"
"214","22-26",109,2023-07-28,-22,"Co_ppm","BDL"
"215","22-26",109,2023-07-28,-22,"Ni_ppm","BDL"
"216","22-26",109,2023-07-28,-22,"Cu_ppm","BDL"
"217","22-26",109,2023-07-28,-22,"Zn_ppm","BDL"
"218","22-26",109,2023-07-28,-22,"Rb_ppm","BDL"
"219","22-26",109,2023-07-28,-22,"Sr_ppm","BDL"
"220","22-26",109,2023-07-28,-22,"P_ppm","BDL"
"221","22-26",109,2023-07-28,-22,"S_ppm","BDL"
"222","22-26",109,2023-07-28,-22,"As_ppm","BDL"
"223","22-26",109,2023-07-28,-22,"Se_ppm","BDL"
"224","22-26",109,2023-07-28,-22,"Mo_ppm","BDL"
"225","22-26",109,2023-07-28,-22,"Cd_ppm","BDL"
"226","22-26",109,2023-07-28,-22,"Cs_ppm","BDL"
"227","22-26",109,2023-07-28,-22,"Ba_ppm","BDL"
"228","22-26",109,2023-07-28,-22,"Ce_ppm","BDL"
"229","22-26",109,2023-07-28,-22,"Pb_ppm","BDL"
"230","22-26",109,2023-07-28,-22,"Th_ppm","BDL"
"231","22-26",109,2023-07-28,-22,"U_ppm","BDL"
"232","12-14",125,2023-07-28,-12,"Be_ppm",""
"233","12-14",125,2023-07-28,-12,"B_ppm",""
"234","12-14",125,2023-07-28,-12,"Al_ppm",""
"235","12-14",125,2023-07-28,-12,"Li_ppm",""
"236","12-14",125,2023-07-28,-12,"Ga_ppm","BDL"
"237","12-14",125,2023-07-28,-12,"Na_ppm",""
"238","12-14",125,2023-07-28,-12,"Mg_ppm",""
"239","12-14",125,2023-07-28,-12,"K_ppm",""
"240","12-14",125,2023-07-28,-12,"Ti_ppm","BDL"
"241","12-14",125,2023-07-28,-12,"Si_ppm","BDL"
"242","12-14",125,2023-07-28,-12,"Ca_ppm","BDL"
"243","12-14",125,2023-07-28,-12,"Fe_ppm","BDL"
"244","12-14",125,2023-07-28,-12,"V_ppm","BDL"
"245","12-14",125,2023-07-28,-12,"Cr_ppm","BDL"
"246","12-14",125,2023-07-28,-12,"Mn_ppm","BDL"
"247","12-14",125,2023-07-28,-12,"Co_ppm","BDL"
"248","12-14",125,2023-07-28,-12,"Ni_ppm","BDL"
"249","12-14",125,2023-07-28,-12,"Cu_ppm","BDL"
"250","12-14",125,2023-07-28,-12,"Zn_ppm","BDL"
"251","12-14",125,2023-07-28,-12,"Rb_ppm","BDL"
"252","12-14",125,2023-07-28,-12,"Sr_ppm","BDL"
"253","12-14",125,2023-07-28,-12,"P_ppm","BDL"
"254","12-14",125,2023-07-28,-12,"S_ppm","BDL"
"255","12-14",125,2023-07-28,-12,"As_ppm","BDL"
"256","12-14",125,2023-07-28,-12,"Se_ppm","BDL"
"257","12-14",125,2023-07-28,-12,"Mo_ppm","BDL"
"258","12-14",125,2023-07-28,-12,"Cd_ppm","BDL"
"259","12-14",125,2023-07-28,-12,"Cs_ppm","BDL"
"260","12-14",125,2023-07-28,-12,"Ba_ppm","BDL"
"261","12-14",125,2023-07-28,-12,"Ce_ppm","BDL"
"262","12-14",125,2023-07-28,-12,"Pb_ppm","BDL"
"263","12-14",125,2023-07-28,-12,"Th_ppm","BDL"
"264","12-14",125,2023-07-28,-12,"U_ppm","BDL"
"265","8-10",1,2023-07-28,-8,"Be_ppm","26.54"
"266","8-10",1,2023-07-28,-8,"B_ppm","128.9"
"267","8-10",1,2023-07-28,-8,"Al_ppm","16360"
"268","8-10",1,2023-07-28,-8,"Li_ppm","54.26"
"269","8-10",1,2023-07-28,-8,"Ga_ppm","30.02"
"270","8-10",1,2023-07-28,-8,"Na_ppm","8966"
"271","8-10",1,2023-07-28,-8,"Mg_ppm","7344"
"272","8-10",1,2023-07-28,-8,"K_ppm","15540"
"273","8-10",1,2023-07-28,-8,"Ti_ppm","964"
"274","8-10",1,2023-07-28,-8,"Si_ppm","338500"
"275","8-10",1,2023-07-28,-8,"Ca_ppm","13600"
"276","8-10",1,2023-07-28,-8,"Fe_ppm","7468"
"277","8-10",1,2023-07-28,-8,"V_ppm","129.7"
"278","8-10",1,2023-07-28,-8,"Cr_ppm","66.86"
"279","8-10",1,2023-07-28,-8,"Mn_ppm","346.4"
"280","8-10",1,2023-07-28,-8,"Co_ppm","BDL"
"281","8-10",1,2023-07-28,-8,"Ni_ppm","1.715"
"282","8-10",1,2023-07-28,-8,"Cu_ppm","BDL"
"283","8-10",1,2023-07-28,-8,"Zn_ppm","144.1"
"284","8-10",1,2023-07-28,-8,"Rb_ppm","185.9"
"285","8-10",1,2023-07-28,-8,"Sr_ppm","801.7"
"286","8-10",1,2023-07-28,-8,"P_ppm","545.5"
"287","8-10",1,2023-07-28,-8,"S_ppm","6248"
"288","8-10",1,2023-07-28,-8,"As_ppm","114.5"
"289","8-10",1,2023-07-28,-8,"Se_ppm","88.6"
"290","8-10",1,2023-07-28,-8,"Mo_ppm","80.09"
"291","8-10",1,2023-07-28,-8,"Cd_ppm","1.345"
"292","8-10",1,2023-07-28,-8,"Cs_ppm","23.01"
"293","8-10",1,2023-07-28,-8,"Ba_ppm","537.1"
"294","8-10",1,2023-07-28,-8,"Ce_ppm","20.33"
"295","8-10",1,2023-07-28,-8,"Pb_ppm","9.5"
"296","8-10",1,2023-07-28,-8,"Th_ppm","42.18"
"297","8-10",1,2023-07-28,-8,"U_ppm","39.59"
"298","14-16",1,2023-07-28,-14,"Be_ppm","27.42"
"299","14-16",1,2023-07-28,-14,"B_ppm","138.7"
"300","14-16",1,2023-07-28,-14,"Al_ppm","12840"
"301","14-16",1,2023-07-28,-14,"Li_ppm","50.92"
"302","14-16",1,2023-07-28,-14,"Ga_ppm","29.57"
"303","14-16",1,2023-07-28,-14,"Na_ppm","8945"
"304","14-16",1,2023-07-28,-14,"Mg_ppm","5408"
"305","14-16",1,2023-07-28,-14,"K_ppm","12940"
"306","14-16",1,2023-07-28,-14,"Ti_ppm","945.2"
"307","14-16",1,2023-07-28,-14,"Si_ppm","315700"
"308","14-16",1,2023-07-28,-14,"Ca_ppm","13620"
"309","14-16",1,2023-07-28,-14,"Fe_ppm","6441"
"310","14-16",1,2023-07-28,-14,"V_ppm","130.5"
"311","14-16",1,2023-07-28,-14,"Cr_ppm","67.06"
"312","14-16",1,2023-07-28,-14,"Mn_ppm","328.1"
"313","14-16",1,2023-07-28,-14,"Co_ppm","BDL"
"314","14-16",1,2023-07-28,-14,"Ni_ppm","0.9747"
"315","14-16",1,2023-07-28,-14,"Cu_ppm","BDL"
"316","14-16",1,2023-07-28,-14,"Zn_ppm","143.3"
"317","14-16",1,2023-07-28,-14,"Rb_ppm","182.6"
"318","14-16",1,2023-07-28,-14,"Sr_ppm","827.6"
"319","14-16",1,2023-07-28,-14,"P_ppm","998.9"
"320","14-16",1,2023-07-28,-14,"S_ppm","4723"
"321","14-16",1,2023-07-28,-14,"As_ppm","113.7"
"322","14-16",1,2023-07-28,-14,"Se_ppm","91.23"
"323","14-16",1,2023-07-28,-14,"Mo_ppm","82.32"
"324","14-16",1,2023-07-28,-14,"Cd_ppm","1.362"
"325","14-16",1,2023-07-28,-14,"Cs_ppm","23.62"
"326","14-16",1,2023-07-28,-14,"Ba_ppm","467.1"
"327","14-16",1,2023-07-28,-14,"Ce_ppm","BDL"
"328","14-16",1,2023-07-28,-14,"Pb_ppm","8.9"
"329","14-16",1,2023-07-28,-14,"Th_ppm","42.93"
"330","14-16",1,2023-07-28,-14,"U_ppm","40.99"
"331","6-8",1,2023-07-28,-6,"Be_ppm","26.34"
"332","6-8",1,2023-07-28,-6,"B_ppm","126.4"
"333","6-8",1,2023-07-28,-6,"Al_ppm","BDL"
"334","6-8",1,2023-07-28,-6,"Li_ppm","48.96"
"335","6-8",1,2023-07-28,-6,"Ga_ppm","28.85"
"336","6-8",1,2023-07-28,-6,"Na_ppm","8624"
"337","6-8",1,2023-07-28,-6,"Mg_ppm","6056"
"338","6-8",1,2023-07-28,-6,"K_ppm","13960"
"339","6-8",1,2023-07-28,-6,"Ti_ppm","1071"
"340","6-8",1,2023-07-28,-6,"Si_ppm","313800"
"341","6-8",1,2023-07-28,-6,"Ca_ppm","12290"
"342","6-8",1,2023-07-28,-6,"Fe_ppm","8049"
"343","6-8",1,2023-07-28,-6,"V_ppm","130.2"
"344","6-8",1,2023-07-28,-6,"Cr_ppm","67.45"
"345","6-8",1,2023-07-28,-6,"Mn_ppm","354"
"346","6-8",1,2023-07-28,-6,"Co_ppm","BDL"
"347","6-8",1,2023-07-28,-6,"Ni_ppm","2.373"
"348","6-8",1,2023-07-28,-6,"Cu_ppm","BDL"
"349","6-8",1,2023-07-28,-6,"Zn_ppm","143.4"
"350","6-8",1,2023-07-28,-6,"Rb_ppm","182"
"351","6-8",1,2023-07-28,-6,"Sr_ppm","790.4"
"352","6-8",1,2023-07-28,-6,"P_ppm","526.2"
"353","6-8",1,2023-07-28,-6,"S_ppm","6566"
"354","6-8",1,2023-07-28,-6,"As_ppm","110.1"
"355","6-8",1,2023-07-28,-6,"Se_ppm","88.44"
"356","6-8",1,2023-07-28,-6,"Mo_ppm","79.86"
"357","6-8",1,2023-07-28,-6,"Cd_ppm","1.36"
"358","6-8",1,2023-07-28,-6,"Cs_ppm","23.05"
"359","6-8",1,2023-07-28,-6,"Ba_ppm","483"
"360","6-8",1,2023-07-28,-6,"Ce_ppm","17.83"
"361","6-8",1,2023-07-28,-6,"Pb_ppm","8.955"
"362","6-8",1,2023-07-28,-6,"Th_ppm","41.92"
"363","6-8",1,2023-07-28,-6,"U_ppm","39.32"
"364","10-12",109,2023-07-28,-10,"Be_ppm","26.83"
"365","10-12",109,2023-07-28,-10,"B_ppm","163.6"
"366","10-12",109,2023-07-28,-10,"Al_ppm","39870"
"367","10-12",109,2023-07-28,-10,"Li_ppm","58.24"
"368","10-12",109,2023-07-28,-10,"Ga_ppm","32.63"
"369","10-12",109,2023-07-28,-10,"Na_ppm","7518"
"370","10-12",109,2023-07-28,-10,"Mg_ppm","5477"
"371","10-12",109,2023-07-28,-10,"K_ppm","19110"
"372","10-12",109,2023-07-28,-10,"Ti_ppm","2428"
"373","10-12",109,2023-07-28,-10,"Si_ppm","313100"
"374","10-12",109,2023-07-28,-10,"Ca_ppm","7837"
"375","10-12",109,2023-07-28,-10,"Fe_ppm","16510"
"376","10-12",109,2023-07-28,-10,"V_ppm","172.3"
"377","10-12",109,2023-07-28,-10,"Cr_ppm","77.67"
"378","10-12",109,2023-07-28,-10,"Mn_ppm","432.1"
"379","10-12",109,2023-07-28,-10,"Co_ppm","BDL"
"380","10-12",109,2023-07-28,-10,"Ni_ppm","11.7"
"381","10-12",109,2023-07-28,-10,"Cu_ppm","1.642"
"382","10-12",109,2023-07-28,-10,"Zn_ppm","187.2"
"383","10-12",109,2023-07-28,-10,"Rb_ppm","197.8"
"384","10-12",109,2023-07-28,-10,"Sr_ppm","780.5"
"385","10-12",109,2023-07-28,-10,"P_ppm","726.1"
"386","10-12",109,2023-07-28,-10,"S_ppm","6567"
"387","10-12",109,2023-07-28,-10,"As_ppm","113.7"
"388","10-12",109,2023-07-28,-10,"Se_ppm","88.84"
"389","10-12",109,2023-07-28,-10,"Mo_ppm","79.92"
"390","10-12",109,2023-07-28,-10,"Cd_ppm","1.544"
"391","10-12",109,2023-07-28,-10,"Cs_ppm","23.96"
"392","10-12",109,2023-07-28,-10,"Ba_ppm","650.5"
"393","10-12",109,2023-07-28,-10,"Ce_ppm","38.2"
"394","10-12",109,2023-07-28,-10,"Pb_ppm","13.88"
"395","10-12",109,2023-07-28,-10,"Th_ppm","44.43"
"396","10-12",109,2023-07-28,-10,"U_ppm","40.1"
"397","4-6",1,2023-07-28,-4,"Be_ppm","26.6"
"398","4-6",1,2023-07-28,-4,"B_ppm","129.9"
"399","4-6",1,2023-07-28,-4,"Al_ppm","13160"
"400","4-6",1,2023-07-28,-4,"Li_ppm","49.44"
"401","4-6",1,2023-07-28,-4,"Ga_ppm","28.91"
"402","4-6",1,2023-07-28,-4,"Na_ppm","9412"
"403","4-6",1,2023-07-28,-4,"Mg_ppm","5384"
"404","4-6",1,2023-07-28,-4,"K_ppm","11640"
"405","4-6",1,2023-07-28,-4,"Ti_ppm","1011"
"406","4-6",1,2023-07-28,-4,"Si_ppm","311400"
"407","4-6",1,2023-07-28,-4,"Ca_ppm","10490"
"408","4-6",1,2023-07-28,-4,"Fe_ppm","7581"
"409","4-6",1,2023-07-28,-4,"V_ppm","129.5"
"410","4-6",1,2023-07-28,-4,"Cr_ppm","64.9"
"411","4-6",1,2023-07-28,-4,"Mn_ppm","351.2"
"412","4-6",1,2023-07-28,-4,"Co_ppm","BDL"
"413","4-6",1,2023-07-28,-4,"Ni_ppm","1.594"
"414","4-6",1,2023-07-28,-4,"Cu_ppm","BDL"
"415","4-6",1,2023-07-28,-4,"Zn_ppm","162.9"
"416","4-6",1,2023-07-28,-4,"Rb_ppm","175.8"
"417","4-6",1,2023-07-28,-4,"Sr_ppm","817.6"
"418","4-6",1,2023-07-28,-4,"P_ppm","555"
"419","4-6",1,2023-07-28,-4,"S_ppm","6619"
"420","4-6",1,2023-07-28,-4,"As_ppm","110.3"
"421","4-6",1,2023-07-28,-4,"Se_ppm","88.6"
"422","4-6",1,2023-07-28,-4,"Mo_ppm","80.33"
"423","4-6",1,2023-07-28,-4,"Cd_ppm","1.387"
"424","4-6",1,2023-07-28,-4,"Cs_ppm","22.92"
"425","4-6",1,2023-07-28,-4,"Ba_ppm","440.3"
"426","4-6",1,2023-07-28,-4,"Ce_ppm","16.97"
"427","4-6",1,2023-07-28,-4,"Pb_ppm","8.376"
"428","4-6",1,2023-07-28,-4,"Th_ppm","41.97"
"429","4-6",1,2023-07-28,-4,"U_ppm","39.68"
"430","2-4",1,2023-07-28,-2,"Be_ppm","25.51"
"431","2-4",1,2023-07-28,-2,"B_ppm","142.4"
"432","2-4",1,2023-07-28,-2,"Al_ppm","10280"
"433","2-4",1,2023-07-28,-2,"Li_ppm","55.12"
"434","2-4",1,2023-07-28,-2,"Ga_ppm","27.5"
"435","2-4",1,2023-07-28,-2,"Na_ppm","8770"
"436","2-4",1,2023-07-28,-2,"Mg_ppm","4946"
"437","2-4",1,2023-07-28,-2,"K_ppm","13260"
"438","2-4",1,2023-07-28,-2,"Ti_ppm","1027"
"439","2-4",1,2023-07-28,-2,"Si_ppm","299100"
"440","2-4",1,2023-07-28,-2,"Ca_ppm","23400"
"441","2-4",1,2023-07-28,-2,"Fe_ppm","7171"
"442","2-4",1,2023-07-28,-2,"V_ppm","127.4"
"443","2-4",1,2023-07-28,-2,"Cr_ppm","64.79"
"444","2-4",1,2023-07-28,-2,"Mn_ppm","375.1"
"445","2-4",1,2023-07-28,-2,"Co_ppm","BDL"
"446","2-4",1,2023-07-28,-2,"Ni_ppm","2.521"
"447","2-4",1,2023-07-28,-2,"Cu_ppm","BDL"
"448","2-4",1,2023-07-28,-2,"Zn_ppm","148.7"
"449","2-4",1,2023-07-28,-2,"Rb_ppm","170.7"
"450","2-4",1,2023-07-28,-2,"Sr_ppm","800.8"
"451","2-4",1,2023-07-28,-2,"P_ppm","596.5"
"452","2-4",1,2023-07-28,-2,"S_ppm","6585"
"453","2-4",1,2023-07-28,-2,"As_ppm","106.3"
"454","2-4",1,2023-07-28,-2,"Se_ppm","85.97"
"455","2-4",1,2023-07-28,-2,"Mo_ppm","78.42"
"456","2-4",1,2023-07-28,-2,"Cd_ppm","1.346"
"457","2-4",1,2023-07-28,-2,"Cs_ppm","22.27"
"458","2-4",1,2023-07-28,-2,"Ba_ppm","498"
"459","2-4",1,2023-07-28,-2,"Ce_ppm","18.63"
"460","2-4",1,2023-07-28,-2,"Pb_ppm","9.197"
"461","2-4",1,2023-07-28,-2,"Th_ppm","40.89"
"462","2-4",1,2023-07-28,-2,"U_ppm","38.8"
"463","18-22",1,2023-07-28,-18,"Be_ppm","25.29"
"464","18-22",1,2023-07-28,-18,"B_ppm","136"
"465","18-22",1,2023-07-28,-18,"Al_ppm","12500"
"466","18-22",1,2023-07-28,-18,"Li_ppm","47.45"
"467","18-22",1,2023-07-28,-18,"Ga_ppm","26.67"
"468","18-22",1,2023-07-28,-18,"Na_ppm","9067"
"469","18-22",1,2023-07-28,-18,"Mg_ppm","4349"
"470","18-22",1,2023-07-28,-18,"K_ppm","11920"
"471","18-22",1,2023-07-28,-18,"Ti_ppm","748.9"
"472","18-22",1,2023-07-28,-18,"Si_ppm","297000"
"473","18-22",1,2023-07-28,-18,"Ca_ppm","10220"
"474","18-22",1,2023-07-28,-18,"Fe_ppm","6069"
"475","18-22",1,2023-07-28,-18,"V_ppm","118"
"476","18-22",1,2023-07-28,-18,"Cr_ppm","60.85"
"477","18-22",1,2023-07-28,-18,"Mn_ppm","314"
"478","18-22",1,2023-07-28,-18,"Co_ppm","BDL"
"479","18-22",1,2023-07-28,-18,"Ni_ppm","0.8184"
"480","18-22",1,2023-07-28,-18,"Cu_ppm","BDL"
"481","18-22",1,2023-07-28,-18,"Zn_ppm","132.4"
"482","18-22",1,2023-07-28,-18,"Rb_ppm","171"
"483","18-22",1,2023-07-28,-18,"Sr_ppm","758.2"
"484","18-22",1,2023-07-28,-18,"P_ppm","456.3"
"485","18-22",1,2023-07-28,-18,"S_ppm","4298"
"486","18-22",1,2023-07-28,-18,"As_ppm","109"
"487","18-22",1,2023-07-28,-18,"Se_ppm","84.04"
"488","18-22",1,2023-07-28,-18,"Mo_ppm","76"
"489","18-22",1,2023-07-28,-18,"Cd_ppm","1.298"
"490","18-22",1,2023-07-28,-18,"Cs_ppm","21.72"
"491","18-22",1,2023-07-28,-18,"Ba_ppm","439.4"
"492","18-22",1,2023-07-28,-18,"Ce_ppm","15.07"
"493","18-22",1,2023-07-28,-18,"Pb_ppm","7.937"
"494","18-22",1,2023-07-28,-18,"Th_ppm","39.59"
"495","18-22",1,2023-07-28,-18,"U_ppm","37.46"
"496","8-10",109,2023-07-28,-8,"Be_ppm","26.48"
"497","8-10",109,2023-07-28,-8,"B_ppm","168.3"
"498","8-10",109,2023-07-28,-8,"Al_ppm","37520"
"499","8-10",109,2023-07-28,-8,"Li_ppm","56.75"
"500","8-10",109,2023-07-28,-8,"Ga_ppm","31.1"
"501","8-10",109,2023-07-28,-8,"Na_ppm","7112"
"502","8-10",109,2023-07-28,-8,"Mg_ppm","4996"
"503","8-10",109,2023-07-28,-8,"K_ppm","17340"
"504","8-10",109,2023-07-28,-8,"Ti_ppm","2292"
"505","8-10",109,2023-07-28,-8,"Si_ppm","289500"
"506","8-10",109,2023-07-28,-8,"Ca_ppm","7103"
"507","8-10",109,2023-07-28,-8,"Fe_ppm","14390"
"508","8-10",109,2023-07-28,-8,"V_ppm","164.4"
"509","8-10",109,2023-07-28,-8,"Cr_ppm","75.33"
"510","8-10",109,2023-07-28,-8,"Mn_ppm","413.6"
"511","8-10",109,2023-07-28,-8,"Co_ppm","BDL"
"512","8-10",109,2023-07-28,-8,"Ni_ppm","9.982"
"513","8-10",109,2023-07-28,-8,"Cu_ppm","BDL"
"514","8-10",109,2023-07-28,-8,"Zn_ppm","175.1"
"515","8-10",109,2023-07-28,-8,"Rb_ppm","192.7"
"516","8-10",109,2023-07-28,-8,"Sr_ppm","770.5"
"517","8-10",109,2023-07-28,-8,"P_ppm","673.4"
"518","8-10",109,2023-07-28,-8,"S_ppm","5244"
"519","8-10",109,2023-07-28,-8,"As_ppm","112.1"
"520","8-10",109,2023-07-28,-8,"Se_ppm","87.51"
"521","8-10",109,2023-07-28,-8,"Mo_ppm","79.24"
"522","8-10",109,2023-07-28,-8,"Cd_ppm","1.528"
"523","8-10",109,2023-07-28,-8,"Cs_ppm","23.61"
"524","8-10",109,2023-07-28,-8,"Ba_ppm","623.3"
"525","8-10",109,2023-07-28,-8,"Ce_ppm","37.09"
"526","8-10",109,2023-07-28,-8,"Pb_ppm","12.69"
"527","8-10",109,2023-07-28,-8,"Th_ppm","44.16"
"528","8-10",109,2023-07-28,-8,"U_ppm","39.62"
"529","14-16",109,2023-07-28,-14,"Be_ppm","25.83"
"530","14-16",109,2023-07-28,-14,"B_ppm","151.4"
"531","14-16",109,2023-07-28,-14,"Al_ppm","38380"
"532","14-16",109,2023-07-28,-14,"Li_ppm","53.39"
"533","14-16",109,2023-07-28,-14,"Ga_ppm","30.51"
"534","14-16",109,2023-07-28,-14,"Na_ppm","7080"
"535","14-16",109,2023-07-28,-14,"Mg_ppm","5347"
"536","14-16",109,2023-07-28,-14,"K_ppm","17480"
"537","14-16",109,2023-07-28,-14,"Ti_ppm","2238"
"538","14-16",109,2023-07-28,-14,"Si_ppm","286400"
"539","14-16",109,2023-07-28,-14,"Ca_ppm","7872"
"540","14-16",109,2023-07-28,-14,"Fe_ppm","14030"
"541","14-16",109,2023-07-28,-14,"V_ppm","161.5"
"542","14-16",109,2023-07-28,-14,"Cr_ppm","74.3"
"543","14-16",109,2023-07-28,-14,"Mn_ppm","369.6"
"544","14-16",109,2023-07-28,-14,"Co_ppm","BDL"
"545","14-16",109,2023-07-28,-14,"Ni_ppm","9.487"
"546","14-16",109,2023-07-28,-14,"Cu_ppm","BDL"
"547","14-16",109,2023-07-28,-14,"Zn_ppm","184.8"
"548","14-16",109,2023-07-28,-14,"Rb_ppm","197.1"
"549","14-16",109,2023-07-28,-14,"Sr_ppm","760.6"
"550","14-16",109,2023-07-28,-14,"P_ppm","691.3"
"551","14-16",109,2023-07-28,-14,"S_ppm","4809"
"552","14-16",109,2023-07-28,-14,"As_ppm","109.4"
"553","14-16",109,2023-07-28,-14,"Se_ppm","86.35"
"554","14-16",109,2023-07-28,-14,"Mo_ppm","77.36"
"555","14-16",109,2023-07-28,-14,"Cd_ppm","1.555"
"556","14-16",109,2023-07-28,-14,"Cs_ppm","23.57"
"557","14-16",109,2023-07-28,-14,"Ba_ppm","634.7"
"558","14-16",109,2023-07-28,-14,"Ce_ppm","37.36"
"559","14-16",109,2023-07-28,-14,"Pb_ppm","12.57"
"560","14-16",109,2023-07-28,-14,"Th_ppm","43.26"
"561","14-16",109,2023-07-28,-14,"U_ppm","39.01"
"562","4-6",109,2023-07-28,-4,"Be_ppm","27.1"
"563","4-6",109,2023-07-28,-4,"B_ppm","156.5"
"564","4-6",109,2023-07-28,-4,"Al_ppm","39930"
"565","4-6",109,2023-07-28,-4,"Li_ppm","58.86"
"566","4-6",109,2023-07-28,-4,"Ga_ppm","33.02"
"567","4-6",109,2023-07-28,-4,"Na_ppm","6641"
"568","4-6",109,2023-07-28,-4,"Mg_ppm","5565"
"569","4-6",109,2023-07-28,-4,"K_ppm","18960"
"570","4-6",109,2023-07-28,-4,"Ti_ppm","2490"
"571","4-6",109,2023-07-28,-4,"Si_ppm","284700"
"572","4-6",109,2023-07-28,-4,"Ca_ppm","7031"
"573","4-6",109,2023-07-28,-4,"Fe_ppm","17540"
"574","4-6",109,2023-07-28,-4,"V_ppm","177.4"
"575","4-6",109,2023-07-28,-4,"Cr_ppm","81.61"
"576","4-6",109,2023-07-28,-4,"Mn_ppm","449.3"
"577","4-6",109,2023-07-28,-4,"Co_ppm","BDL"
"578","4-6",109,2023-07-28,-4,"Ni_ppm","14.05"
"579","4-6",109,2023-07-28,-4,"Cu_ppm","1.034"
"580","4-6",109,2023-07-28,-4,"Zn_ppm","196.8"
"581","4-6",109,2023-07-28,-4,"Rb_ppm","205.7"
"582","4-6",109,2023-07-28,-4,"Sr_ppm","783.2"
"583","4-6",109,2023-07-28,-4,"P_ppm","771"
"584","4-6",109,2023-07-28,-4,"S_ppm","6101"
"585","4-6",109,2023-07-28,-4,"As_ppm","113.2"
"586","4-6",109,2023-07-28,-4,"Se_ppm","90.12"
"587","4-6",109,2023-07-28,-4,"Mo_ppm","80.89"
"588","4-6",109,2023-07-28,-4,"Cd_ppm","1.696"
"589","4-6",109,2023-07-28,-4,"Cs_ppm","24.31"
"590","4-6",109,2023-07-28,-4,"Ba_ppm","631"
"591","4-6",109,2023-07-28,-4,"Ce_ppm","38.8"
"592","4-6",109,2023-07-28,-4,"Pb_ppm","14.68"
"593","4-6",109,2023-07-28,-4,"Th_ppm","44.67"
"594","4-6",109,2023-07-28,-4,"U_ppm","40.39"
"595","0-2",109,2023-07-28,0,"Be_ppm","25.63"
"596","0-2",109,2023-07-28,0,"B_ppm","137.7"
"597","0-2",109,2023-07-28,0,"Al_ppm","35970"
"598","0-2",109,2023-07-28,0,"Li_ppm","66.23"
"599","0-2",109,2023-07-28,0,"Ga_ppm","31.24"
"600","0-2",109,2023-07-28,0,"Na_ppm","6623"
"601","0-2",109,2023-07-28,0,"Mg_ppm","4989"
"602","0-2",109,2023-07-28,0,"K_ppm","17640"
"603","0-2",109,2023-07-28,0,"Ti_ppm","2325"
"604","0-2",109,2023-07-28,0,"Si_ppm","283900"
"605","0-2",109,2023-07-28,0,"Ca_ppm","6336"
"606","0-2",109,2023-07-28,0,"Fe_ppm","15010"
"607","0-2",109,2023-07-28,0,"V_ppm","163.8"
"608","0-2",109,2023-07-28,0,"Cr_ppm","75.8"
"609","0-2",109,2023-07-28,0,"Mn_ppm","420.5"
"610","0-2",109,2023-07-28,0,"Co_ppm","BDL"
"611","0-2",109,2023-07-28,0,"Ni_ppm","9.694"
"612","0-2",109,2023-07-28,0,"Cu_ppm","BDL"
"613","0-2",109,2023-07-28,0,"Zn_ppm","186.4"
"614","0-2",109,2023-07-28,0,"Rb_ppm","196.2"
"615","0-2",109,2023-07-28,0,"Sr_ppm","747.7"
"616","0-2",109,2023-07-28,0,"P_ppm","740.1"
"617","0-2",109,2023-07-28,0,"S_ppm","3987"
"618","0-2",109,2023-07-28,0,"As_ppm","109.4"
"619","0-2",109,2023-07-28,0,"Se_ppm","85.78"
"620","0-2",109,2023-07-28,0,"Mo_ppm","77.53"
"621","0-2",109,2023-07-28,0,"Cd_ppm","1.461"
"622","0-2",109,2023-07-28,0,"Cs_ppm","23.28"
"623","0-2",109,2023-07-28,0,"Ba_ppm","591.3"
"624","0-2",109,2023-07-28,0,"Ce_ppm","35"
"625","0-2",109,2023-07-28,0,"Pb_ppm","13.37"
"626","0-2",109,2023-07-28,0,"Th_ppm","42.37"
"627","0-2",109,2023-07-28,0,"U_ppm","38.57"
"628","18-22",109,2023-07-28,-18,"Be_ppm","26.69"
"629","18-22",109,2023-07-28,-18,"B_ppm","148.2"
"630","18-22",109,2023-07-28,-18,"Al_ppm","34190"
"631","18-22",109,2023-07-28,-18,"Li_ppm","54.07"
"632","18-22",109,2023-07-28,-18,"Ga_ppm","30.93"
"633","18-22",109,2023-07-28,-18,"Na_ppm","6672"
"634","18-22",109,2023-07-28,-18,"Mg_ppm","4258"
"635","18-22",109,2023-07-28,-18,"K_ppm","16740"
"636","18-22",109,2023-07-28,-18,"Ti_ppm","2092"
"637","18-22",109,2023-07-28,-18,"Si_ppm","283700"
"638","18-22",109,2023-07-28,-18,"Ca_ppm","5428"
"639","18-22",109,2023-07-28,-18,"Fe_ppm","13400"
"640","18-22",109,2023-07-28,-18,"V_ppm","163.3"
"641","18-22",109,2023-07-28,-18,"Cr_ppm","75.44"
"642","18-22",109,2023-07-28,-18,"Mn_ppm","356"
"643","18-22",109,2023-07-28,-18,"Co_ppm","BDL"
"644","18-22",109,2023-07-28,-18,"Ni_ppm","8.227"
"645","18-22",109,2023-07-28,-18,"Cu_ppm","BDL"
"646","18-22",109,2023-07-28,-18,"Zn_ppm","178.8"
"647","18-22",109,2023-07-28,-18,"Rb_ppm","193.5"
"648","18-22",109,2023-07-28,-18,"Sr_ppm","769.7"
"649","18-22",109,2023-07-28,-18,"P_ppm","676.6"
"650","18-22",109,2023-07-28,-18,"S_ppm","4725"
"651","18-22",109,2023-07-28,-18,"As_ppm","112.8"
"652","18-22",109,2023-07-28,-18,"Se_ppm","88.4"
"653","18-22",109,2023-07-28,-18,"Mo_ppm","80.22"
"654","18-22",109,2023-07-28,-18,"Cd_ppm","1.493"
"655","18-22",109,2023-07-28,-18,"Cs_ppm","23.69"
"656","18-22",109,2023-07-28,-18,"Ba_ppm","609.1"
"657","18-22",109,2023-07-28,-18,"Ce_ppm","34.19"
"658","18-22",109,2023-07-28,-18,"Pb_ppm","12.52"
"659","18-22",109,2023-07-28,-18,"Th_ppm","43.68"
"660","18-22",109,2023-07-28,-18,"U_ppm","40.5"
"661","6-8",109,2023-07-28,-6,"Be_ppm","26.08"
"662","6-8",109,2023-07-28,-6,"B_ppm","167.8"
"663","6-8",109,2023-07-28,-6,"Al_ppm","41250"
"664","6-8",109,2023-07-28,-6,"Li_ppm","58.05"
"665","6-8",109,2023-07-28,-6,"Ga_ppm","31.3"
"666","6-8",109,2023-07-28,-6,"Na_ppm","6872"
"667","6-8",109,2023-07-28,-6,"Mg_ppm","6176"
"668","6-8",109,2023-07-28,-6,"K_ppm","17970"
"669","6-8",109,2023-07-28,-6,"Ti_ppm","2260"
"670","6-8",109,2023-07-28,-6,"Si_ppm","281200"
"671","6-8",109,2023-07-28,-6,"Ca_ppm","8831"
"672","6-8",109,2023-07-28,-6,"Fe_ppm","15940"
"673","6-8",109,2023-07-28,-6,"V_ppm","168.1"
"674","6-8",109,2023-07-28,-6,"Cr_ppm","76.54"
"675","6-8",109,2023-07-28,-6,"Mn_ppm","420.4"
"676","6-8",109,2023-07-28,-6,"Co_ppm","BDL"
"677","6-8",109,2023-07-28,-6,"Ni_ppm","11.59"
"678","6-8",109,2023-07-28,-6,"Cu_ppm","BDL"
"679","6-8",109,2023-07-28,-6,"Zn_ppm","182.7"
"680","6-8",109,2023-07-28,-6,"Rb_ppm","203.4"
"681","6-8",109,2023-07-28,-6,"Sr_ppm","762.9"
"682","6-8",109,2023-07-28,-6,"P_ppm","698.4"
"683","6-8",109,2023-07-28,-6,"S_ppm","5927"
"684","6-8",109,2023-07-28,-6,"As_ppm","111.4"
"685","6-8",109,2023-07-28,-6,"Se_ppm","86.87"
"686","6-8",109,2023-07-28,-6,"Mo_ppm","78.33"
"687","6-8",109,2023-07-28,-6,"Cd_ppm","1.548"
"688","6-8",109,2023-07-28,-6,"Cs_ppm","24.04"
"689","6-8",109,2023-07-28,-6,"Ba_ppm","635.3"
"690","6-8",109,2023-07-28,-6,"Ce_ppm","40.74"
"691","6-8",109,2023-07-28,-6,"Pb_ppm","13.4"
"692","6-8",109,2023-07-28,-6,"Th_ppm","44.74"
"693","6-8",109,2023-07-28,-6,"U_ppm","39.07"
"694","2-4",109,2023-07-28,-2,"Be_ppm","26.97"
"695","2-4",109,2023-07-28,-2,"B_ppm","162.8"
"696","2-4",109,2023-07-28,-2,"Al_ppm","37120"
"697","2-4",109,2023-07-28,-2,"Li_ppm","51.5"
"698","2-4",109,2023-07-28,-2,"Ga_ppm","31.92"
"699","2-4",109,2023-07-28,-2,"Na_ppm","6534"
"700","2-4",109,2023-07-28,-2,"Mg_ppm","4839"
"701","2-4",109,2023-07-28,-2,"K_ppm","17770"
"702","2-4",109,2023-07-28,-2,"Ti_ppm","2187"
"703","2-4",109,2023-07-28,-2,"Si_ppm","281000"
"704","2-4",109,2023-07-28,-2,"Ca_ppm","6795"
"705","2-4",109,2023-07-28,-2,"Fe_ppm","15080"
"706","2-4",109,2023-07-28,-2,"V_ppm","168.4"
"707","2-4",109,2023-07-28,-2,"Cr_ppm","77.19"
"708","2-4",109,2023-07-28,-2,"Mn_ppm","405.7"
"709","2-4",109,2023-07-28,-2,"Co_ppm","BDL"
"710","2-4",109,2023-07-28,-2,"Ni_ppm","11.92"
"711","2-4",109,2023-07-28,-2,"Cu_ppm","BDL"
"712","2-4",109,2023-07-28,-2,"Zn_ppm","181.5"
"713","2-4",109,2023-07-28,-2,"Rb_ppm","199.9"
"714","2-4",109,2023-07-28,-2,"Sr_ppm","775"
"715","2-4",109,2023-07-28,-2,"P_ppm","679.1"
"716","2-4",109,2023-07-28,-2,"S_ppm","4357"
"717","2-4",109,2023-07-28,-2,"As_ppm","110.8"
"718","2-4",109,2023-07-28,-2,"Se_ppm","89.83"
"719","2-4",109,2023-07-28,-2,"Mo_ppm","80.65"
"720","2-4",109,2023-07-28,-2,"Cd_ppm","1.624"
"721","2-4",109,2023-07-28,-2,"Cs_ppm","24.28"
"722","2-4",109,2023-07-28,-2,"Ba_ppm","606.6"
"723","2-4",109,2023-07-28,-2,"Ce_ppm","35.48"
"724","2-4",109,2023-07-28,-2,"Pb_ppm","13.91"
"725","2-4",109,2023-07-28,-2,"Th_ppm","44.58"
"726","2-4",109,2023-07-28,-2,"U_ppm","40.22"
"727","12-14",109,2023-07-28,-12,"Be_ppm","26.76"
"728","12-14",109,2023-07-28,-12,"B_ppm","156.3"
"729","12-14",109,2023-07-28,-12,"Al_ppm","35040"
"730","12-14",109,2023-07-28,-12,"Li_ppm","56.82"
"731","12-14",109,2023-07-28,-12,"Ga_ppm","30.97"
"732","12-14",109,2023-07-28,-12,"Na_ppm","6533"
"733","12-14",109,2023-07-28,-12,"Mg_ppm","4829"
"734","12-14",109,2023-07-28,-12,"K_ppm","16830"
"735","12-14",109,2023-07-28,-12,"Ti_ppm","2111"
"736","12-14",109,2023-07-28,-12,"Si_ppm","277200"
"737","12-14",109,2023-07-28,-12,"Ca_ppm","5965"
"738","12-14",109,2023-07-28,-12,"Fe_ppm","13940"
"739","12-14",109,2023-07-28,-12,"V_ppm","164.8"
"740","12-14",109,2023-07-28,-12,"Cr_ppm","76.17"
"741","12-14",109,2023-07-28,-12,"Mn_ppm","396.4"
"742","12-14",109,2023-07-28,-12,"Co_ppm","BDL"
"743","12-14",109,2023-07-28,-12,"Ni_ppm","10.18"
"744","12-14",109,2023-07-28,-12,"Cu_ppm","BDL"
"745","12-14",109,2023-07-28,-12,"Zn_ppm","182.3"
"746","12-14",109,2023-07-28,-12,"Rb_ppm","196.3"
"747","12-14",109,2023-07-28,-12,"Sr_ppm","769.4"
"748","12-14",109,2023-07-28,-12,"P_ppm","692.4"
"749","12-14",109,2023-07-28,-12,"S_ppm","5125"
"750","12-14",109,2023-07-28,-12,"As_ppm","115.6"
"751","12-14",109,2023-07-28,-12,"Se_ppm","89.53"
"752","12-14",109,2023-07-28,-12,"Mo_ppm","80.17"
"753","12-14",109,2023-07-28,-12,"Cd_ppm","1.492"
"754","12-14",109,2023-07-28,-12,"Cs_ppm","23.83"
"755","12-14",109,2023-07-28,-12,"Ba_ppm","596.9"
"756","12-14",109,2023-07-28,-12,"Ce_ppm","35.37"
"757","12-14",109,2023-07-28,-12,"Pb_ppm","12.49"
"758","12-14",109,2023-07-28,-12,"Th_ppm","44.43"
"759","12-14",109,2023-07-28,-12,"U_ppm","40.16"
"760","10-12",1,2023-07-28,-10,"Be_ppm","26.02"
"761","10-12",1,2023-07-28,-10,"B_ppm","118.2"
"762","10-12",1,2023-07-28,-10,"Al_ppm","11260"
"763","10-12",1,2023-07-28,-10,"Li_ppm","49.33"
"764","10-12",1,2023-07-28,-10,"Ga_ppm","27.4"
"765","10-12",1,2023-07-28,-10,"Na_ppm","7274"
"766","10-12",1,2023-07-28,-10,"Mg_ppm","4512"
"767","10-12",1,2023-07-28,-10,"K_ppm","11230"
"768","10-12",1,2023-07-28,-10,"Ti_ppm","897.7"
"769","10-12",1,2023-07-28,-10,"Si_ppm","273400"
"770","10-12",1,2023-07-28,-10,"Ca_ppm","7882"
"771","10-12",1,2023-07-28,-10,"Fe_ppm","5589"
"772","10-12",1,2023-07-28,-10,"V_ppm","123.4"
"773","10-12",1,2023-07-28,-10,"Cr_ppm","62.7"
"774","10-12",1,2023-07-28,-10,"Mn_ppm","290.9"
"775","10-12",1,2023-07-28,-10,"Co_ppm","BDL"
"776","10-12",1,2023-07-28,-10,"Ni_ppm","BDL"
"777","10-12",1,2023-07-28,-10,"Cu_ppm","BDL"
"778","10-12",1,2023-07-28,-10,"Zn_ppm","137.4"
"779","10-12",1,2023-07-28,-10,"Rb_ppm","174.6"
"780","10-12",1,2023-07-28,-10,"Sr_ppm","761.2"
"781","10-12",1,2023-07-28,-10,"P_ppm","418.6"
"782","10-12",1,2023-07-28,-10,"S_ppm","5156"
"783","10-12",1,2023-07-28,-10,"As_ppm","110.1"
"784","10-12",1,2023-07-28,-10,"Se_ppm","87.57"
"785","10-12",1,2023-07-28,-10,"Mo_ppm","78.96"
"786","10-12",1,2023-07-28,-10,"Cd_ppm","1.244"
"787","10-12",1,2023-07-28,-10,"Cs_ppm","22.63"
"788","10-12",1,2023-07-28,-10,"Ba_ppm","410.3"
"789","10-12",1,2023-07-28,-10,"Ce_ppm","15.57"
"790","10-12",1,2023-07-28,-10,"Pb_ppm","7.046"
"791","10-12",1,2023-07-28,-10,"Th_ppm","41.31"
"792","10-12",1,2023-07-28,-10,"U_ppm","38.79"
"793","22-26",125,2023-07-28,-22,"Be_ppm","26.34"
"794","22-26",125,2023-07-28,-22,"B_ppm","189.3"
"795","22-26",125,2023-07-28,-22,"Al_ppm","18250"
"796","22-26",125,2023-07-28,-22,"Li_ppm","52.1"
"797","22-26",125,2023-07-28,-22,"Ga_ppm","28.99"
"798","22-26",125,2023-07-28,-22,"Na_ppm","7463"
"799","22-26",125,2023-07-28,-22,"Mg_ppm","6053"
"800","22-26",125,2023-07-28,-22,"K_ppm","14790"
"801","22-26",125,2023-07-28,-22,"Ti_ppm","1570"
"802","22-26",125,2023-07-28,-22,"Si_ppm","249400"
"803","22-26",125,2023-07-28,-22,"Ca_ppm","17120"
"804","22-26",125,2023-07-28,-22,"Fe_ppm","12530"
"805","22-26",125,2023-07-28,-22,"V_ppm","150.3"
"806","22-26",125,2023-07-28,-22,"Cr_ppm","72.22"
"807","22-26",125,2023-07-28,-22,"Mn_ppm","366.7"
"808","22-26",125,2023-07-28,-22,"Co_ppm","BDL"
"809","22-26",125,2023-07-28,-22,"Ni_ppm","11.13"
"810","22-26",125,2023-07-28,-22,"Cu_ppm","BDL"
"811","22-26",125,2023-07-28,-22,"Zn_ppm","172.3"
"812","22-26",125,2023-07-28,-22,"Rb_ppm","179.6"
"813","22-26",125,2023-07-28,-22,"Sr_ppm","803.3"
"814","22-26",125,2023-07-28,-22,"P_ppm","716.4"
"815","22-26",125,2023-07-28,-22,"S_ppm","17190"
"816","22-26",125,2023-07-28,-22,"As_ppm","114.4"
"817","22-26",125,2023-07-28,-22,"Se_ppm","88.24"
"818","22-26",125,2023-07-28,-22,"Mo_ppm","79.3"
"819","22-26",125,2023-07-28,-22,"Cd_ppm","1.532"
"820","22-26",125,2023-07-28,-22,"Cs_ppm","22.98"
"821","22-26",125,2023-07-28,-22,"Ba_ppm","528.6"
"822","22-26",125,2023-07-28,-22,"Ce_ppm","26.42"
"823","22-26",125,2023-07-28,-22,"Pb_ppm","10.05"
"824","22-26",125,2023-07-28,-22,"Th_ppm","42.13"
"825","22-26",125,2023-07-28,-22,"U_ppm","41.69"
"826","0-2",1,2023-07-28,0,"Be_ppm","24.96"
"827","0-2",1,2023-07-28,0,"B_ppm","144.6"
"828","0-2",1,2023-07-28,0,"Al_ppm","7984"
"829","0-2",1,2023-07-28,0,"Li_ppm","52.36"
"830","0-2",1,2023-07-28,0,"Ga_ppm","26.38"
"831","0-2",1,2023-07-28,0,"Na_ppm","5953"
"832","0-2",1,2023-07-28,0,"Mg_ppm","4498"
"833","0-2",1,2023-07-28,0,"K_ppm","12920"
"834","0-2",1,2023-07-28,0,"Ti_ppm","1299"
"835","0-2",1,2023-07-28,0,"Si_ppm","229700"
"836","0-2",1,2023-07-28,0,"Ca_ppm","53080"
"837","0-2",1,2023-07-28,0,"Fe_ppm","10040"
"838","0-2",1,2023-07-28,0,"V_ppm","137.9"
"839","0-2",1,2023-07-28,0,"Cr_ppm","65.63"
"840","0-2",1,2023-07-28,0,"Mn_ppm","534.4"
"841","0-2",1,2023-07-28,0,"Co_ppm","BDL"
"842","0-2",1,2023-07-28,0,"Ni_ppm","8.159"
"843","0-2",1,2023-07-28,0,"Cu_ppm","BDL"
"844","0-2",1,2023-07-28,0,"Zn_ppm","244.2"
"845","0-2",1,2023-07-28,0,"Rb_ppm","164.9"
"846","0-2",1,2023-07-28,0,"Sr_ppm","813.1"
"847","0-2",1,2023-07-28,0,"P_ppm","924"
"848","0-2",1,2023-07-28,0,"S_ppm","10380"
"849","0-2",1,2023-07-28,0,"As_ppm","104.7"
"850","0-2",1,2023-07-28,0,"Se_ppm","84.52"
"851","0-2",1,2023-07-28,0,"Mo_ppm","76.31"
"852","0-2",1,2023-07-28,0,"Cd_ppm","1.396"
"853","0-2",1,2023-07-28,0,"Cs_ppm","21.62"
"854","0-2",1,2023-07-28,0,"Ba_ppm","446.5"
"855","0-2",1,2023-07-28,0,"Ce_ppm","16.03"
"856","0-2",1,2023-07-28,0,"Pb_ppm","8.92"
"857","0-2",1,2023-07-28,0,"Th_ppm","40.37"
"858","0-2",1,2023-07-28,0,"U_ppm","38.91"
"859","18-22",125,2023-07-28,-18,"Be_ppm","27.23"
"860","18-22",125,2023-07-28,-18,"B_ppm","189.5"
"861","18-22",125,2023-07-28,-18,"Al_ppm","28910"
"862","18-22",125,2023-07-28,-18,"Li_ppm","59.71"
"863","18-22",125,2023-07-28,-18,"Ga_ppm","31.03"
"864","18-22",125,2023-07-28,-18,"Na_ppm","5784"
"865","18-22",125,2023-07-28,-18,"Mg_ppm","10150"
"866","18-22",125,2023-07-28,-18,"K_ppm","15910"
"867","18-22",125,2023-07-28,-18,"Ti_ppm","1996"
"868","18-22",125,2023-07-28,-18,"Si_ppm","219300"
"869","18-22",125,2023-07-28,-18,"Ca_ppm","15230"
"870","18-22",125,2023-07-28,-18,"Fe_ppm","17440"
"871","18-22",125,2023-07-28,-18,"V_ppm","174"
"872","18-22",125,2023-07-28,-18,"Cr_ppm","78.96"
"873","18-22",125,2023-07-28,-18,"Mn_ppm","419.2"
"874","18-22",125,2023-07-28,-18,"Co_ppm","16.03"
"875","18-22",125,2023-07-28,-18,"Ni_ppm","16.53"
"876","18-22",125,2023-07-28,-18,"Cu_ppm","2.024"
"877","18-22",125,2023-07-28,-18,"Zn_ppm","198.2"
"878","18-22",125,2023-07-28,-18,"Rb_ppm","194.2"
"879","18-22",125,2023-07-28,-18,"Sr_ppm","802.5"
"880","18-22",125,2023-07-28,-18,"P_ppm","862.3"
"881","18-22",125,2023-07-28,-18,"S_ppm","22560"
"882","18-22",125,2023-07-28,-18,"As_ppm","118.6"
"883","18-22",125,2023-07-28,-18,"Se_ppm","91.13"
"884","18-22",125,2023-07-28,-18,"Mo_ppm","82.32"
"885","18-22",125,2023-07-28,-18,"Cd_ppm","1.742"
"886","18-22",125,2023-07-28,-18,"Cs_ppm","24.35"
"887","18-22",125,2023-07-28,-18,"Ba_ppm","552.4"
"888","18-22",125,2023-07-28,-18,"Ce_ppm","38.01"
"889","18-22",125,2023-07-28,-18,"Pb_ppm","11.05"
"890","18-22",125,2023-07-28,-18,"Th_ppm","45.17"
"891","18-22",125,2023-07-28,-18,"U_ppm","44.05"
"892","14-16",125,2023-07-28,-14,"Be_ppm","25.32"
"893","14-16",125,2023-07-28,-14,"B_ppm","181.5"
"894","14-16",125,2023-07-28,-14,"Al_ppm","21020"
"895","14-16",125,2023-07-28,-14,"Li_ppm","49.59"
"896","14-16",125,2023-07-28,-14,"Ga_ppm","27.7"
"897","14-16",125,2023-07-28,-14,"Na_ppm","4964"
"898","14-16",125,2023-07-28,-14,"Mg_ppm","7592"
"899","14-16",125,2023-07-28,-14,"K_ppm","13280"
"900","14-16",125,2023-07-28,-14,"Ti_ppm","1694"
"901","14-16",125,2023-07-28,-14,"Si_ppm","197300"
"902","14-16",125,2023-07-28,-14,"Ca_ppm","12820"
"903","14-16",125,2023-07-28,-14,"Fe_ppm","14400"
"904","14-16",125,2023-07-28,-14,"V_ppm","151.9"
"905","14-16",125,2023-07-28,-14,"Cr_ppm","71.16"
"906","14-16",125,2023-07-28,-14,"Mn_ppm","377.6"
"907","14-16",125,2023-07-28,-14,"Co_ppm","14.25"
"908","14-16",125,2023-07-28,-14,"Ni_ppm","12.98"
"909","14-16",125,2023-07-28,-14,"Cu_ppm","0.6935"
"910","14-16",125,2023-07-28,-14,"Zn_ppm","176.9"
"911","14-16",125,2023-07-28,-14,"Rb_ppm","173.8"
"912","14-16",125,2023-07-28,-14,"Sr_ppm","741.8"
"913","14-16",125,2023-07-28,-14,"P_ppm","766.5"
"914","14-16",125,2023-07-28,-14,"S_ppm","17950"
"915","14-16",125,2023-07-28,-14,"As_ppm","107.9"
"916","14-16",125,2023-07-28,-14,"Se_ppm","85.5"
"917","14-16",125,2023-07-28,-14,"Mo_ppm","76.72"
"918","14-16",125,2023-07-28,-14,"Cd_ppm","1.548"
"919","14-16",125,2023-07-28,-14,"Cs_ppm","22.52"
"920","14-16",125,2023-07-28,-14,"Ba_ppm","477.9"
"921","14-16",125,2023-07-28,-14,"Ce_ppm","29.77"
"922","14-16",125,2023-07-28,-14,"Pb_ppm","10.23"
"923","14-16",125,2023-07-28,-14,"Th_ppm","41.52"
"924","14-16",125,2023-07-28,-14,"U_ppm","40.39"
"925","10-12",125,2023-07-28,-10,"Be_ppm","26.45"
"926","10-12",125,2023-07-28,-10,"B_ppm","193.1"
"927","10-12",125,2023-07-28,-10,"Al_ppm","8965"
"928","10-12",125,2023-07-28,-10,"Li_ppm","54.83"
"929","10-12",125,2023-07-28,-10,"Ga_ppm","27.37"
"930","10-12",125,2023-07-28,-10,"Na_ppm","5110"
"931","10-12",125,2023-07-28,-10,"Mg_ppm","3871"
"932","10-12",125,2023-07-28,-10,"K_ppm","11370"
"933","10-12",125,2023-07-28,-10,"Ti_ppm","1360"
"934","10-12",125,2023-07-28,-10,"Si_ppm","190600"
"935","10-12",125,2023-07-28,-10,"Ca_ppm","50340"
"936","10-12",125,2023-07-28,-10,"Fe_ppm","13340"
"937","10-12",125,2023-07-28,-10,"V_ppm","148.6"
"938","10-12",125,2023-07-28,-10,"Cr_ppm","69.75"
"939","10-12",125,2023-07-28,-10,"Mn_ppm","445.8"
"940","10-12",125,2023-07-28,-10,"Co_ppm","BDL"
"941","10-12",125,2023-07-28,-10,"Ni_ppm","9.945"
"942","10-12",125,2023-07-28,-10,"Cu_ppm","BDL"
"943","10-12",125,2023-07-28,-10,"Zn_ppm","180.5"
"944","10-12",125,2023-07-28,-10,"Rb_ppm","174.9"
"945","10-12",125,2023-07-28,-10,"Sr_ppm","891.4"
"946","10-12",125,2023-07-28,-10,"P_ppm","780.6"
"947","10-12",125,2023-07-28,-10,"S_ppm","17550"
"948","10-12",125,2023-07-28,-10,"As_ppm","113"
"949","10-12",125,2023-07-28,-10,"Se_ppm","89.01"
"950","10-12",125,2023-07-28,-10,"Mo_ppm","80.27"
"951","10-12",125,2023-07-28,-10,"Cd_ppm","1.619"
"952","10-12",125,2023-07-28,-10,"Cs_ppm","22.99"
"953","10-12",125,2023-07-28,-10,"Ba_ppm","453.7"
"954","10-12",125,2023-07-28,-10,"Ce_ppm","18.96"
"955","10-12",125,2023-07-28,-10,"Pb_ppm","301.2"
"956","10-12",125,2023-07-28,-10,"Th_ppm","42.73"
"957","10-12",125,2023-07-28,-10,"U_ppm","42.43"
"958","8-10",125,2023-07-28,-8,"Be_ppm","26.24"
"959","8-10",125,2023-07-28,-8,"B_ppm","215.7"
"960","8-10",125,2023-07-28,-8,"Al_ppm","16630"
"961","8-10",125,2023-07-28,-8,"Li_ppm","56.72"
"962","8-10",125,2023-07-28,-8,"Ga_ppm","26.06"
"963","8-10",125,2023-07-28,-8,"Na_ppm","4567"
"964","8-10",125,2023-07-28,-8,"Mg_ppm","8289"
"965","8-10",125,2023-07-28,-8,"K_ppm","9377"
"966","8-10",125,2023-07-28,-8,"Ti_ppm","985"
"967","8-10",125,2023-07-28,-8,"Si_ppm","142800"
"968","8-10",125,2023-07-28,-8,"Ca_ppm","22050"
"969","8-10",125,2023-07-28,-8,"Fe_ppm","11830"
"970","8-10",125,2023-07-28,-8,"V_ppm","142.8"
"971","8-10",125,2023-07-28,-8,"Cr_ppm","67.03"
"972","8-10",125,2023-07-28,-8,"Mn_ppm","327.4"
"973","8-10",125,2023-07-28,-8,"Co_ppm","BDL"
"974","8-10",125,2023-07-28,-8,"Ni_ppm","8.063"
"975","8-10",125,2023-07-28,-8,"Cu_ppm","BDL"
"976","8-10",125,2023-07-28,-8,"Zn_ppm","199.2"
"977","8-10",125,2023-07-28,-8,"Rb_ppm","176.3"
"978","8-10",125,2023-07-28,-8,"Sr_ppm","776.8"
"979","8-10",125,2023-07-28,-8,"P_ppm","883.7"
"980","8-10",125,2023-07-28,-8,"S_ppm","22980"
"981","8-10",125,2023-07-28,-8,"As_ppm","115.4"
"982","8-10",125,2023-07-28,-8,"Se_ppm","89.54"
"983","8-10",125,2023-07-28,-8,"Mo_ppm","81.45"
"984","8-10",125,2023-07-28,-8,"Cd_ppm","1.7"
"985","8-10",125,2023-07-28,-8,"Cs_ppm","23.41"
"986","8-10",125,2023-07-28,-8,"Ba_ppm","398.3"
"987","8-10",125,2023-07-28,-8,"Ce_ppm","21.07"
"988","8-10",125,2023-07-28,-8,"Pb_ppm","7.519"
"989","8-10",125,2023-07-28,-8,"Th_ppm","43.18"
"990","8-10",125,2023-07-28,-8,"U_ppm","48.28"
"991","4-6",125,2023-07-28,-4,"Be_ppm","26"
"992","4-6",125,2023-07-28,-4,"B_ppm","203.3"
"993","4-6",125,2023-07-28,-4,"Al_ppm","7274"
"994","4-6",125,2023-07-28,-4,"Li_ppm","55.51"
"995","4-6",125,2023-07-28,-4,"Ga_ppm","26.27"
"996","4-6",125,2023-07-28,-4,"Na_ppm","4141"
"997","4-6",125,2023-07-28,-4,"Mg_ppm","4230"
"998","4-6",125,2023-07-28,-4,"K_ppm","10040"
"999","4-6",125,2023-07-28,-4,"Ti_ppm","1068"
"1000","4-6",125,2023-07-28,-4,"Si_ppm","137800"
"1001","4-6",125,2023-07-28,-4,"Ca_ppm","45960"
"1002","4-6",125,2023-07-28,-4,"Fe_ppm","10610"
"1003","4-6",125,2023-07-28,-4,"V_ppm","144.1"
"1004","4-6",125,2023-07-28,-4,"Cr_ppm","67.1"
"1005","4-6",125,2023-07-28,-4,"Mn_ppm","476.5"
"1006","4-6",125,2023-07-28,-4,"Co_ppm","BDL"
"1007","4-6",125,2023-07-28,-4,"Ni_ppm","10.07"
"1008","4-6",125,2023-07-28,-4,"Cu_ppm","BDL"
"1009","4-6",125,2023-07-28,-4,"Zn_ppm","194.5"
"1010","4-6",125,2023-07-28,-4,"Rb_ppm","169.1"
"1011","4-6",125,2023-07-28,-4,"Sr_ppm","830.4"
"1012","4-6",125,2023-07-28,-4,"P_ppm","1090"
"1013","4-6",125,2023-07-28,-4,"S_ppm","19750"
"1014","4-6",125,2023-07-28,-4,"As_ppm","114.3"
"1015","4-6",125,2023-07-28,-4,"Se_ppm","88.1"
"1016","4-6",125,2023-07-28,-4,"Mo_ppm","80.63"
"1017","4-6",125,2023-07-28,-4,"Cd_ppm","1.553"
"1018","4-6",125,2023-07-28,-4,"Cs_ppm","22.75"
"1019","4-6",125,2023-07-28,-4,"Ba_ppm","422.7"
"1020","4-6",125,2023-07-28,-4,"Ce_ppm","18.61"
"1021","4-6",125,2023-07-28,-4,"Pb_ppm","7.887"
"1022","4-6",125,2023-07-28,-4,"Th_ppm","41.99"
"1023","4-6",125,2023-07-28,-4,"U_ppm","46.59"
"1024","0-2",125,2023-07-28,0,"Be_ppm","25.97"
"1025","0-2",125,2023-07-28,0,"B_ppm","192.3"
"1026","0-2",125,2023-07-28,0,"Al_ppm","10660"
"1027","0-2",125,2023-07-28,0,"Li_ppm","52.65"
"1028","0-2",125,2023-07-28,0,"Ga_ppm","25.4"
"1029","0-2",125,2023-07-28,0,"Na_ppm","3725"
"1030","0-2",125,2023-07-28,0,"Mg_ppm","7293"
"1031","0-2",125,2023-07-28,0,"K_ppm","9076"
"1032","0-2",125,2023-07-28,0,"Ti_ppm","1024"
"1033","0-2",125,2023-07-28,0,"Si_ppm","125400"
"1034","0-2",125,2023-07-28,0,"Ca_ppm","84770"
"1035","0-2",125,2023-07-28,0,"Fe_ppm","9301"
"1036","0-2",125,2023-07-28,0,"V_ppm","137.8"
"1037","0-2",125,2023-07-28,0,"Cr_ppm","66.69"
"1038","0-2",125,2023-07-28,0,"Mn_ppm","601.8"
"1039","0-2",125,2023-07-28,0,"Co_ppm","BDL"
"1040","0-2",125,2023-07-28,0,"Ni_ppm","7.362"
"1041","0-2",125,2023-07-28,0,"Cu_ppm","BDL"
"1042","0-2",125,2023-07-28,0,"Zn_ppm","172.7"
"1043","0-2",125,2023-07-28,0,"Rb_ppm","169.7"
"1044","0-2",125,2023-07-28,0,"Sr_ppm","920.9"
"1045","0-2",125,2023-07-28,0,"P_ppm","1135"
"1046","0-2",125,2023-07-28,0,"S_ppm","13920"
"1047","0-2",125,2023-07-28,0,"As_ppm","113.8"
"1048","0-2",125,2023-07-28,0,"Se_ppm","88.84"
"1049","0-2",125,2023-07-28,0,"Mo_ppm","80.37"
"1050","0-2",125,2023-07-28,0,"Cd_ppm","1.557"
"1051","0-2",125,2023-07-28,0,"Cs_ppm","22.92"
"1052","0-2",125,2023-07-28,0,"Ba_ppm","446.9"
"1053","0-2",125,2023-07-28,0,"Ce_ppm","18.55"
"1054","0-2",125,2023-07-28,0,"Pb_ppm","6.445"
"1055","0-2",125,2023-07-28,0,"Th_ppm","42.67"
"1056","0-2",125,2023-07-28,0,"U_ppm","44.26"
"1057","2-4",125,2023-07-28,-2,"Be_ppm","24.47"
"1058","2-4",125,2023-07-28,-2,"B_ppm","179.8"
"1059","2-4",125,2023-07-28,-2,"Al_ppm","5166"
"1060","2-4",125,2023-07-28,-2,"Li_ppm","50.03"
"1061","2-4",125,2023-07-28,-2,"Ga_ppm","24.41"
"1062","2-4",125,2023-07-28,-2,"Na_ppm","3554"
"1063","2-4",125,2023-07-28,-2,"Mg_ppm","5200"
"1064","2-4",125,2023-07-28,-2,"K_ppm","9146"
"1065","2-4",125,2023-07-28,-2,"Ti_ppm","1096"
"1066","2-4",125,2023-07-28,-2,"Si_ppm","122400"
"1067","2-4",125,2023-07-28,-2,"Ca_ppm","69640"
"1068","2-4",125,2023-07-28,-2,"Fe_ppm","9884"
"1069","2-4",125,2023-07-28,-2,"V_ppm","135.8"
"1070","2-4",125,2023-07-28,-2,"Cr_ppm","63.94"
"1071","2-4",125,2023-07-28,-2,"Mn_ppm","558.5"
"1072","2-4",125,2023-07-28,-2,"Co_ppm","BDL"
"1073","2-4",125,2023-07-28,-2,"Ni_ppm","10.46"
"1074","2-4",125,2023-07-28,-2,"Cu_ppm","BDL"
"1075","2-4",125,2023-07-28,-2,"Zn_ppm","180"
"1076","2-4",125,2023-07-28,-2,"Rb_ppm","157.2"
"1077","2-4",125,2023-07-28,-2,"Sr_ppm","844.2"
"1078","2-4",125,2023-07-28,-2,"P_ppm","1113"
"1079","2-4",125,2023-07-28,-2,"S_ppm","17250"
"1080","2-4",125,2023-07-28,-2,"As_ppm","106.9"
"1081","2-4",125,2023-07-28,-2,"Se_ppm","83.13"
"1082","2-4",125,2023-07-28,-2,"Mo_ppm","76.1"
"1083","2-4",125,2023-07-28,-2,"Cd_ppm","1.482"
"1084","2-4",125,2023-07-28,-2,"Cs_ppm","21.31"
"1085","2-4",125,2023-07-28,-2,"Ba_ppm","399.9"
"1086","2-4",125,2023-07-28,-2,"Ce_ppm","16.6"
"1087","2-4",125,2023-07-28,-2,"Pb_ppm","7.133"
"1088","2-4",125,2023-07-28,-2,"Th_ppm","39.75"
"1089","2-4",125,2023-07-28,-2,"U_ppm","43.58"
"1090","6-8",125,2023-07-28,-6,"Be_ppm","25.43"
"1091","6-8",125,2023-07-28,-6,"B_ppm","159.6"
"1092","6-8",125,2023-07-28,-6,"Al_ppm","12580"
"1093","6-8",125,2023-07-28,-6,"Li_ppm","54.22"
"1094","6-8",125,2023-07-28,-6,"Ga_ppm","24.74"
"1095","6-8",125,2023-07-28,-6,"Na_ppm","3415"
"1096","6-8",125,2023-07-28,-6,"Mg_ppm","6820"
"1097","6-8",125,2023-07-28,-6,"K_ppm","8183"
"1098","6-8",125,2023-07-28,-6,"Ti_ppm","903.1"
"1099","6-8",125,2023-07-28,-6,"Si_ppm","109800"
"1100","6-8",125,2023-07-28,-6,"Ca_ppm","24990"
"1101","6-8",125,2023-07-28,-6,"Fe_ppm","8492"
"1102","6-8",125,2023-07-28,-6,"V_ppm","134"
"1103","6-8",125,2023-07-28,-6,"Cr_ppm","64.25"
"1104","6-8",125,2023-07-28,-6,"Mn_ppm","346.5"
"1105","6-8",125,2023-07-28,-6,"Co_ppm","BDL"
"1106","6-8",125,2023-07-28,-6,"Ni_ppm","6.197"
"1107","6-8",125,2023-07-28,-6,"Cu_ppm","BDL"
"1108","6-8",125,2023-07-28,-6,"Zn_ppm","182.2"
"1109","6-8",125,2023-07-28,-6,"Rb_ppm","166.5"
"1110","6-8",125,2023-07-28,-6,"Sr_ppm","758.6"
"1111","6-8",125,2023-07-28,-6,"P_ppm","842.1"
"1112","6-8",125,2023-07-28,-6,"S_ppm","17240"
"1113","6-8",125,2023-07-28,-6,"As_ppm","111.3"
"1114","6-8",125,2023-07-28,-6,"Se_ppm","86.66"
"1115","6-8",125,2023-07-28,-6,"Mo_ppm","78.48"
"1116","6-8",125,2023-07-28,-6,"Cd_ppm","1.574"
"1117","6-8",125,2023-07-28,-6,"Cs_ppm","22.6"
"1118","6-8",125,2023-07-28,-6,"Ba_ppm","367.8"
"1119","6-8",125,2023-07-28,-6,"Ce_ppm","17.93"
"1120","6-8",125,2023-07-28,-6,"Pb_ppm","6.249"
"1121","6-8",125,2023-07-28,-6,"Th_ppm","41.65"
"1122","6-8",125,2023-07-28,-6,"U_ppm","42.16"
