"","Pond","Date","Month","Year","Julianday","Temp_degC","DO_mg.L","SPC_mS.cm","pH_hydro","Sal_ppt","DO_sat","Redox_mV","Depth_m","Time_hydro"
"1","1",1993-05-20,"May",1993,"140","14.3","10.83","2.04","7.98",NA,NA,NA,NA,NA
"2","1",1993-05-27,"May",1993,"147","12.9","10.95","2.09","8.23",NA,NA,NA,NA,NA
"3","1",1993-06-09,"June",1993,"160","19.9","12.31","2.13","8.83",NA,NA,NA,NA,NA
"4","1",1993-06-23,"June",1993,"174","17.5","12.34","2.23","10.40",NA,NA,NA,NA,NA
"5","1",1993-07-08,"July",1993,"189","20.5","15.61","2.14","8.72",NA,NA,NA,NA,NA
"6","1",1993-07-22,"July",1993,"203","20.2","10.61","2.13","8.89",NA,NA,NA,NA,NA
"7","1",1993-08-04,"August",1993,"216","20.3","13.27","2.23","8.88",NA,NA,NA,NA,NA
"8","1",1993-08-18,"August",1993,"230","17.6","5.56","2.21","8.08",NA,NA,NA,NA,NA
"9","1",1993-08-27,"August",1993,"239","19.3","9.33","2.25","8.69",NA,NA,NA,NA,NA
"10","1",1993-09-15,"September",1993,"258","10.4","13.64","2.17","8.93",NA,NA,NA,NA,NA
"11","1",1993-10-14,"October",1993,"287","5.8","NC","2.42","8.86",NA,NA,NA,NA,NA
"12","25",1993-05-20,"May",1993,"140","16.9","7.04","1.31","7.56",NA,NA,NA,NA,NA
"13","25",1993-05-27,"May",1993,"147","10.8","8.01","1.56","7.76",NA,NA,NA,NA,NA
"14","25",1993-06-10,"June",1993,"161","21.0","8.24","1.75","7.50",NA,NA,NA,NA,NA
"15","25",1993-06-23,"June",1993,"174","17.5","12.14","1.84","9.03",NA,NA,NA,NA,NA
"16","25",1993-07-08,"July",1993,"189","22.1","12.93","1.64","8.44",NA,NA,NA,NA,NA
"17","25",1993-07-21,"July",1993,"202","19.6","11.31","1.71","8.04",NA,NA,NA,NA,NA
"18","25",1993-08-04,"August",1993,"216","19.3","8.03","1.80","7.94",NA,NA,NA,NA,NA
"19","25",1993-08-18,"August",1993,"230","18.1","7.20","1.80","7.74",NA,NA,NA,NA,NA
"20","25",1993-08-27,"August",1993,"239","16.9","6.22","1.83","7.60",NA,NA,NA,NA,NA
"21","25",1993-09-15,"September",1993,"258","9.9","14.06","1.64","8.39",NA,NA,NA,NA,NA
"22","25",1993-10-14,"October",1993,"287","5.0","NC","1.81","8.40",NA,NA,NA,NA,NA
"23","37",1993-05-27,"May",1993,"147","15.4","4.76","0.83","7.12",NA,NA,NA,NA,NA
"24","50",1993-05-20,"May",1993,"140","19.1","3.42","3.22","7.38",NA,NA,NA,NA,NA
"25","50",1993-05-27,"May",1993,"147","13.5","4.08","3.65","7.42",NA,NA,NA,NA,NA
"26","50",1993-06-10,"June",1993,"161","25.5","6.57","2.10","7.72",NA,NA,NA,NA,NA
"27","50",1993-06-23,"June",1993,"174","21.2","12.74","5.84","Error",NA,NA,NA,NA,NA
"28","50",1993-07-08,"July",1993,"189","23.7","5.58","4.13","7.13",NA,NA,NA,NA,NA
"29","50",1993-07-21,"July",1993,"202","21.0","8.31","4.59","7.17",NA,NA,NA,NA,NA
"30","50",1993-08-04,"August",1993,"216","19.4","2.27","4.96","7.30",NA,NA,NA,NA,NA
"31","50",1993-08-18,"August",1993,"230","19.1","4.28","4.58","7.28",NA,NA,NA,NA,NA
"32","50",1993-08-27,"August",1993,"239","18.8","3.28","4.70","7.59",NA,NA,NA,NA,NA
"33","50",1993-09-15,"September",1993,"258","12.5","2.32","4.94","7.22",NA,NA,NA,NA,NA
"34","60",1993-05-27,"May",1993,"147","22.3","8.72","0.43","7.04",NA,NA,NA,NA,NA
"35","60",1993-07-08,"July",1993,"189","22.2","3.21","0.11","7.02",NA,NA,NA,NA,NA
"36","65",1993-05-20,"May",1993,"140","16.7","7.15","3.35","7.79",NA,NA,NA,NA,NA
"37","65",1993-05-27,"May",1993,"147","12.6","8.34","3.51","7.94",NA,NA,NA,NA,NA
"38","65",1993-06-09,"June",1993,"160","20.0","6.71","3.71","7.94",NA,NA,NA,NA,NA
"39","65",1993-06-23,"June",1993,"174","17.1","10.15","4.01","7.69",NA,NA,NA,NA,NA
"40","65",1993-07-08,"July",1993,"189","21.0","6.61","3.40","8.09",NA,NA,NA,NA,NA
"41","65",1993-07-22,"July",1993,"203","20.2","6.09","3.49","7.94",NA,NA,NA,NA,NA
"42","65",1993-08-04,"August",1993,"216","18.1","6.06","3.74","7.84",NA,NA,NA,NA,NA
"43","65",1993-08-18,"August",1993,"230","17.5","3.35","3.66","7.75",NA,NA,NA,NA,NA
"44","65",1993-08-27,"August",1993,"239","17.5","2.52","3.78","7.66",NA,NA,NA,NA,NA
"45","65",1993-09-15,"September",1993,"258","9.6","10.79","3.44","8.34",NA,NA,NA,NA,NA
"46","65",1993-10-14,"October",1993,"287","4.8","NC","4.06","8.28",NA,NA,NA,NA,NA
"47","66",1993-05-20,"May",1993,"140","23.7","9.44","43.00","8.16",NA,NA,NA,NA,NA
"48","66",1993-05-27,"May",1993,"147","21.5","13.41","46.50","8.58",NA,NA,NA,NA,NA
"49","66",1993-07-08,"July",1993,"189","29.4",NA,"21.30","9.25",NA,NA,NA,NA,NA
"50","66",1993-07-22,"July",1993,"203","21.7","8.06","23.10","9.35",NA,NA,NA,NA,NA
"51","66",1993-08-04,"August",1993,"216","23.7","13.02","30.60","9.68",NA,NA,NA,NA,NA
"52","66",1993-08-18,"August",1993,"230","20.1","10.11","28.80","9.52",NA,NA,NA,NA,NA
"53","66",1993-08-27,"August",1993,"239","21.1","13.06","32.50","9.82",NA,NA,NA,NA,NA
"54","66",1993-09-15,"September",1993,"258","12.0","9.12","26.90","9.16",NA,NA,NA,NA,NA
"55","66",1993-10-14,"October",1993,"287","4.8","NC","35.10","8.70",NA,NA,NA,NA,NA
"56","67",1993-05-27,"May",1993,"147","16.8","8.64","6.04","8.06",NA,NA,NA,NA,NA
"57","67",1993-06-09,"June",1993,"160","21.4","4.56","7.20","8.02",NA,NA,NA,NA,NA
"58","67",1993-06-23,"June",1993,"174","18.0","9.81","8.25","9.84",NA,NA,NA,NA,NA
"59","67",1993-07-08,"July",1993,"189","24.5","10.18","5.50","8.24",NA,NA,NA,NA,NA
"60","67",1993-07-22,"July",1993,"203","21.5","8.65","5.68","8.03",NA,NA,NA,NA,NA
"61","67",1993-08-04,"August",1993,"216","21.2","8.37","2.34","7.94",NA,NA,NA,NA,NA
"62","67",1993-08-18,"August",1993,"230","18.0","4.56","6.41","7.84",NA,NA,NA,NA,NA
"63","67",1993-08-27,"August",1993,"239","17.5","3.95","6.87","7.84",NA,NA,NA,NA,NA
"64","67",1993-09-15,"September",1993,"258","9.1","11.61","1.45","8.42",NA,NA,NA,NA,NA
"65","67",1993-10-14,"October",1993,"287","6.2","NC","7.46","Error",NA,NA,NA,NA,NA
"66","86",1993-05-27,"May",1993,"147","10.4","4.34","0.34","6.97",NA,NA,NA,NA,NA
"67","86",1993-06-09,"June",1993,"160","18.9","2.82","0.36","6.81",NA,NA,NA,NA,NA
"68","86",1993-06-23,"June",1993,"174","17.4","4.49","0.38","7.30",NA,NA,NA,NA,NA
"69","86",1993-07-08,"July",1993,"189","17.5","1.09","0.36","7.03",NA,NA,NA,NA,NA
"70","86",1993-07-22,"July",1993,"203","17.8","1.74","0.36","6.63",NA,NA,NA,NA,NA
"71","86",1993-08-04,"August",1993,"216","16.5","3.08","0.39","6.97",NA,NA,NA,NA,NA
"72","86",1993-08-18,"August",1993,"230","17.1","5.50","0.37","6.94",NA,NA,NA,NA,NA
"73","86",1993-08-27,"August",1993,"239","14.7","2.44","0.42","6.90",NA,NA,NA,NA,NA
"74","86",1993-09-14,"September",1993,"258","9.1","7.50","0.40","7.51",NA,NA,NA,NA,NA
"75","86",1993-10-14,"October",1993,"287","5.4","NC","0.56","7.09",NA,NA,NA,NA,NA
"76","90",1993-05-27,"May",1993,"147","15.3","9.90","17.10","7.70",NA,NA,NA,NA,NA
"77","90",1993-06-10,"June",1993,"161","27.0","14.15","7.22","8.83",NA,NA,NA,NA,NA
"78","90",1993-06-23,"June",1993,"174","21.6","12.16","18.90","8.95",NA,NA,NA,NA,NA
"79","90",1993-07-08,"July",1993,"189","23.5","6.50","3.35","7.69",NA,NA,NA,NA,NA
"80","90",1993-07-21,"July",1993,"202","23.4","8.57","6.88","7.73",NA,NA,NA,NA,NA
"81","90",1993-08-04,"August",1993,"216","20.4","9.36","8.73","7.64",NA,NA,NA,NA,NA
"82","90",1993-08-18,"August",1993,"230","20.8","4.08","8.12","7.34",NA,NA,NA,NA,NA
"83","90",1993-08-27,"August",1993,"239","18.2","9.66","9.51","7.28",NA,NA,NA,NA,NA
"84","90",1993-09-15,"September",1993,"258","13.0","9.96","9.12","7.55",NA,NA,NA,NA,NA
"85","90",1993-10-14,"October",1993,"287","7.6","NC","11.38","Error",NA,NA,NA,NA,NA
"86","4857",1993-05-20,"May",1993,"140","14.7","8.54","0.46","7.64",NA,NA,NA,NA,NA
"87","4857",1993-05-27,"May",1993,"147","11.9","8.75","0.62","7.83",NA,NA,NA,NA,NA
"88","4857",1993-06-09,"June",1993,"160","19.2","7.35","0.66","7.77",NA,NA,NA,NA,NA
"89","4857",1993-06-23,"June",1993,"174","15.9","8.70","0.72","8.70",NA,NA,NA,NA,NA
"90","4857",1993-07-08,"July",1993,"189","21.5","10.41","0.72","8.22",NA,NA,NA,NA,NA
"91","4857",1993-07-22,"July",1993,"203","20.0","8.48","0.76","8.08",NA,NA,NA,NA,NA
"92","4857",1993-08-04,"August",1993,"216","19.5","11.70","0.80","8.50",NA,NA,NA,NA,NA
"93","4857",1993-08-18,"August",1993,"230","17.0","7.55","0.83","7.97",NA,NA,NA,NA,NA
"94","4857",1993-08-27,"August",1993,"239","16.3","5.35","0.86","7.80",NA,NA,NA,NA,NA
"95","4857",1993-09-15,"September",1993,"258","8.8","9.77","0.83","8.30",NA,NA,NA,NA,NA
"96","4857",1993-10-14,"October",1993,"287","4.2","NC","0.97","8.18",NA,NA,NA,NA,NA
"97","Gursky's",1993-05-20,"May",1993,"140","13.9","7.20","0.79","8.07",NA,NA,NA,NA,NA
"98","Gursky's",1993-05-27,"May",1993,"147","12.5","7.45","0.81","8.03",NA,NA,NA,NA,NA
"99","Gursky's",1993-06-09,"June",1993,"160","17.3","7.55","0.83","8.10",NA,NA,NA,NA,NA
"100","Gursky's",1993-06-25,"June",1993,"175","14.5","7.94","0.87","8.29",NA,NA,NA,NA,NA
"101","Gursky's",1993-07-08,"July",1993,"189","18.0","12.10","0.83","8.44",NA,NA,NA,NA,NA
"102","Gursky's",1993-07-21,"July",1993,"202","19.0","9.77","0.83","8.57",NA,NA,NA,NA,NA
"103","Gursky's",1993-08-04,"August",1993,"216","18.3","2.99","0.83","8.29",NA,NA,NA,NA,NA
"104","Gursky's",1993-08-19,"August",1993,"231","18.2","6.91","0.83","8.36",NA,NA,NA,NA,NA
"105","Gursky's",1993-08-27,"August",1993,"239","17.6","7.53","0.83","8.63",NA,NA,NA,NA,NA
"106","Gursky's",1993-09-15,"September",1993,"258","10.5","9.79","0.79","8.78",NA,NA,NA,NA,NA
"107","Gursky's",1993-10-14,"October",1993,"287","5.6","NC","0.87","Error",NA,NA,NA,NA,NA
"108","1A",1994-05-10,"May",1994,"130","14.5","7.18","1.65","7.98",NA,NA,NA,NA,NA
"109","1A",1994-05-24,"May",1994,"144","16.7","8.11","1.65","7.52",NA,NA,NA,NA,NA
"110","1A",1994-06-07,"June",1994,"158","18.5","9.02","1.48","8.19",NA,NA,NA,NA,NA
"111","1A",1994-06-21,"June",1994,"172","20.6","9.98","1.87","8.16",NA,NA,NA,NA,NA
"112","1A",1994-07-05,"July",1994,"186","18.5","8.55","1.91","8.10",NA,NA,NA,NA,NA
"113","1A",1994-07-19,"July",1994,"200","20.5","7.33","1.91","8.48",NA,NA,NA,NA,NA
"114","1A",1994-08-09,"August",1994,"221","19.3","5.73","1.94","7.58",NA,NA,NA,NA,NA
"115","1A",1994-08-23,"August",1994,"235","21.8","10.69","2.02","8.39",NA,NA,NA,NA,NA
"116","1A",1994-09-13,"September",1994,"256","17.3","13.17","2.10","8.35",NA,NA,NA,NA,NA
"117","1A",1994-10-12,"October",1994,"285","6.7","9.35","2.20","8.19",NA,NA,NA,NA,NA
"118","1B",1994-05-10,"May",1994,"130","14.2","7.58","1.67","8.03",NA,NA,NA,NA,NA
"119","1B",1994-05-24,"May",1994,"144","15.8","7.15","1.82","7.40",NA,NA,NA,NA,NA
"120","1B",1994-06-07,"June",1994,"158","18.5","8.69","1.55","8.20",NA,NA,NA,NA,NA
"121","1B",1994-06-21,"June",1994,"172","20.3","9.54","1.89","8.12",NA,NA,NA,NA,NA
"122","1B",1994-07-05,"July",1994,"186","18.8","10.76","1.89","8.37",NA,NA,NA,NA,NA
"123","1B",1994-07-19,"July",1994,"200","20.0","7.27","1.89","8.52",NA,NA,NA,NA,NA
"124","1B",1994-08-09,"August",1994,"221","19.7","6.47","1.98","7.59",NA,NA,NA,NA,NA
"125","1B",1994-08-23,"August",1994,"235","21.6","10.57","1.99","8.36",NA,NA,NA,NA,NA
"126","1B",1994-09-13,"September",1994,"256","18.1","11.62","2.10","8.41",NA,NA,NA,NA,NA
"127","1B",1994-10-12,"October",1994,"285","7.4","9.56","2.18","8.33",NA,NA,NA,NA,NA
"128","25",1994-05-10,"May",1994,"130","12.8","7.87","1.00","8.02",NA,NA,NA,NA,NA
"129","25",1994-05-24,"May",1994,"144","16.9","7.39","1.08","7.43",NA,NA,NA,NA,NA
"130","25",1994-06-07,"June",1994,"158","18.2","5.31","1.18","7.91",NA,NA,NA,NA,NA
"131","25",1994-06-21,"June",1994,"172","22.2","9.13","1.57","8.12",NA,NA,NA,NA,NA
"132","25",1994-07-05,"July",1994,"186","18.5","4.84","1.63","7.84",NA,NA,NA,NA,NA
"133","25",1994-07-19,"July",1994,"200","19.5","2.91","1.70","7.85",NA,NA,NA,NA,NA
"134","25",1994-08-09,"August",1994,"221","17.5","4.14","1.78","7.46",NA,NA,NA,NA,NA
"135","25",1994-08-23,"August",1994,"235","22.9","3.48","1.85","7.74",NA,NA,NA,NA,NA
"136","25",1994-09-13,"September",1994,"256","17.6","6.36","2.02","7.92",NA,NA,NA,NA,NA
"137","25",1994-10-11,"October",1994,"284","8.5","10.31","2.07","8.39",NA,NA,NA,NA,NA
"138","37",1994-05-11,"May",1994,"131","14.0","4.91","0.38","7.84",NA,NA,NA,NA,NA
"139","37",1994-05-24,"May",1994,"144","17.5","3.83","0.39","7.11",NA,NA,NA,NA,NA
"140","37",1994-06-08,"June",1994,"159","15.2","0.95","0.37","7.48",NA,NA,NA,NA,NA
"141","37",1994-06-22,"June",1994,"172","23.3","4.03","0.48","7.51",NA,NA,NA,NA,NA
"142","37",1994-07-06,"July",1994,"187","18.4","4.54","0.50","7.44",NA,NA,NA,NA,NA
"143","37",1994-07-19,"July",1994,"200","20.4","5.21","0.49","7.54",NA,NA,NA,NA,NA
"144","37",1994-08-09,"August",1994,"221","18.0","7.81","0.51","7.05",NA,NA,NA,NA,NA
"145","37",1994-08-23,"August",1994,"235","20.8","4.76","0.54","7.07",NA,NA,NA,NA,NA
"146","37",1994-09-14,"September",1994,"257","14.4","5.36","0.83","7.23",NA,NA,NA,NA,NA
"147","50",1994-05-11,"May",1994,"131","13.5","4.20","2.87","7.92",NA,NA,NA,NA,NA
"148","50",1994-05-24,"May",1994,"144","20.9","6.40","3.29","8.52",NA,NA,NA,NA,NA
"149","50",1994-06-07,"June",1994,"158","18.8","9.35","3.49","8.24",NA,NA,NA,NA,NA
"150","50",1994-06-21,"June",1994,"172","25.5","10.15","4.47","8.36",NA,NA,NA,NA,NA
"151","50",1994-07-05,"July",1994,"186","19.8","8.39","5.16","8.32",NA,NA,NA,NA,NA
"152","50",1994-07-19,"July",1994,"200","21.5","9.24","4.85","8.37",NA,NA,NA,NA,NA
"153","50",1994-08-09,"August",1994,"221","19.3","7.26","5.88","7.58",NA,NA,NA,NA,NA
"154","50",1994-08-23,"August",1994,"235","22.7","5.70","6.55","7.63",NA,NA,NA,NA,NA
"155","50",1994-09-13,"September",1994,"256","18.9","9.65","7.40","8.03",NA,NA,NA,NA,NA
"156","50",1994-10-11,"October",1994,"284","8.6","10.99","8.43","8.25",NA,NA,NA,NA,NA
"157","60",1994-05-11,"May",1994,"131","18.1","6.57","0.35","7.69",NA,NA,NA,NA,NA
"158","60",1994-06-08,"June",1994,"159","15.2","1.11","0.31","7.25",NA,NA,NA,NA,NA
"159","60",1994-06-22,"June",1994,"173","23.9","4.10","0.39","7.10",NA,NA,NA,NA,NA
"160","60",1994-07-06,"July",1994,"187","17.8","4.16","0.39","7.26",NA,NA,NA,NA,NA
"161","60",1994-07-19,"July",1994,"200","21.1","5.85","0.35","7.20",NA,NA,NA,NA,NA
"162","60",1994-08-10,"August",1994,"222","19.8","4.59","0.37","6.91",NA,NA,NA,NA,NA
"163","60",1994-08-23,"August",1994,"235","25.1","6.43","0.35","6.98",NA,NA,NA,NA,NA
"164","65",1994-05-11,"May",1994,"131","15.3","9.53","2.71","8.59",NA,NA,NA,NA,NA
"165","65",1994-05-25,"May",1994,"145","15.2","5.09","2.68","7.73",NA,NA,NA,NA,NA
"166","65",1994-06-08,"June",1994,"159","15.2","4.92","2.31","8.31",NA,NA,NA,NA,NA
"167","65",1994-06-22,"June",1994,"173","22.4","7.37","2.88","8.28",NA,NA,NA,NA,NA
"168","65",1994-07-06,"July",1994,"187","17.9","5.54","3.04","8.22",NA,NA,NA,NA,NA
"169","65",1994-07-20,"July",1994,"201","18.9","4.11","2.99","8.25",NA,NA,NA,NA,NA
"170","65",1994-08-10,"August",1994,"222","18.3","3.76","3.31","7.81",NA,NA,NA,NA,NA
"171","65",1994-08-24,"August",1994,"236","19.0","4.66","3.54","7.87",NA,NA,NA,NA,NA
"172","65",1994-09-14,"September",1994,"257","16.0","6.03","3.83","8.04",NA,NA,NA,NA,NA
"173","65",1994-10-12,"October",1994,"285","6.7","8.88","4.15","8.45",NA,NA,NA,NA,NA
"174","66",1994-05-11,"May",1994,"131","17.3","8.84","25.95","8.86",NA,NA,NA,NA,NA
"175","66",1994-05-25,"May",1994,"145","16.0","5.09","9.73","8.06",NA,NA,NA,NA,NA
"176","66",1994-06-08,"June",1994,"159","13.4","8.79","19.20","8.73",NA,NA,NA,NA,NA
"177","66",1994-06-22,"June",1994,"173","24.7","10.34","22.60","8.64",NA,NA,NA,NA,NA
"178","66",1994-07-06,"July",1994,"187","17.6","9.52","24.45","9.18",NA,NA,NA,NA,NA
"179","66",1994-07-20,"July",1994,"201","17.7","8.22","24.70","9.98",NA,NA,NA,NA,NA
"180","66",1994-08-10,"August",1994,"222","18.7","8.06","28.15","9.86",NA,NA,NA,NA,NA
"181","66",1994-08-24,"August",1994,"236","17.4","4.04","31.05","9.25",NA,NA,NA,NA,NA
"182","66",1994-09-14,"September",1994,"257","16.0","7.70","34.20","8.61",NA,NA,NA,NA,NA
"183","66",1994-10-12,"October",1994,"285","4.6","9.22","39.85","9.24",NA,NA,NA,NA,NA
"184","67",1994-05-11,"May",1994,"131","15.5","9.14","3.39","8.60",NA,NA,NA,NA,NA
"185","67",1994-06-08,"June",1994,"159","15.2","5.83","3.07","8.54",NA,NA,NA,NA,NA
"186","67",1994-06-22,"June",1994,"173","21.8","6.18","3.80","8.34",NA,NA,NA,NA,NA
"187","67",1994-07-06,"July",1994,"187","17.5","6.16","4.00","8.35",NA,NA,NA,NA,NA
"188","67",1994-07-20,"July",1994,"201","19.0","1.66","4.14","8.21",NA,NA,NA,NA,NA
"189","67",1994-08-10,"August",1994,"222","18.4","3.09","4.55","7.74",NA,NA,NA,NA,NA
"190","67",1994-08-24,"August",1994,"236","18.4","0.74","4.97","7.78",NA,NA,NA,NA,NA
"191","67",1994-09-14,"September",1994,"257","14.9","6.05","5.48","8.03",NA,NA,NA,NA,NA
"192","67",1994-10-12,"October",1994,"285","6.4","1.78","6.14","8.18",NA,NA,NA,NA,NA
"193","86",1994-05-11,"May",1994,"131","14.6","3.67","0.34","Error",NA,NA,NA,NA,NA
"194","86",1994-05-25,"May",1994,"145","12.3","4.53","0.36","7.34",NA,NA,NA,NA,NA
"195","86",1994-06-08,"June",1994,"159","14.5","4.19","0.32","7.76",NA,NA,NA,NA,NA
"196","86",1994-06-22,"June",1994,"173","17.9","5.02","0.43","7.36",NA,NA,NA,NA,NA
"197","86",1994-07-06,"July",1994,"187","16.2","3.38","0.46","7.31",NA,NA,NA,NA,NA
"198","86",1994-07-20,"July",1994,"201","17.6","2.09","0.46","7.29",NA,NA,NA,NA,NA
"199","86",1994-08-10,"August",1994,"222","15.6","3.55","0.48","7.12",NA,NA,NA,NA,NA
"200","86",1994-09-14,"September",1994,"257","13.4","6.06","0.51","7.45",NA,NA,NA,NA,NA
"201","86",1994-10-12,"October",1994,"285","4.9","10.10","0.65","7.89",NA,NA,NA,NA,NA
"202","90",1994-05-11,"May",1994,"131","16.1","6.60","9.66","4.47",NA,NA,NA,NA,NA
"203","90",1994-05-25,"May",1994,"145","16.2","5.12","9.17","7.68",NA,NA,NA,NA,NA
"204","90",1994-06-08,"June",1994,"159","14.9","7.98","7.68","8.39",NA,NA,NA,NA,NA
"205","90",1994-06-22,"June",1994,"173","23.1","7.00","10.16","8.22",NA,NA,NA,NA,NA
"206","90",1994-07-06,"July",1994,"187","16.9","6.71","11.04","8.39",NA,NA,NA,NA,NA
"207","90",1994-07-20,"July",1994,"201","19.3","6.22","11.22","8.49",NA,NA,NA,NA,NA
"208","90",1994-08-24,"August",1994,"236","16.8","5.51","6.05","7.52",NA,NA,NA,NA,NA
"209","90",1994-09-14,"September",1994,"257","14.8","4.39","16.00","8.21",NA,NA,NA,NA,NA
"210","90",1994-10-12,"October",1994,"285","4.8","7.10","19.70","8.40",NA,NA,NA,NA,NA
"211","109",1994-05-11,"May",1994,"131","14.8","3.35","0.35","7.04",NA,NA,NA,NA,NA
"212","109",1994-05-25,"May",1994,"145","14.9","3.19","0.32","7.13",NA,NA,NA,NA,NA
"213","109",1994-06-09,"June",1994,"160","17.0","5.86","0.21","6.65",NA,NA,NA,NA,NA
"214","109",1994-06-22,"June",1994,"173","20.2","2.05","0.40","7.07",NA,NA,NA,NA,NA
"215","109",1994-07-06,"July",1994,"187","17.7","1.82","0.40","7.08",NA,NA,NA,NA,NA
"216","109",1994-07-20,"July",1994,"201","18.9","2.12","0.41","6.91",NA,NA,NA,NA,NA
"217","109",1994-08-09,"August",1994,"221","18.5","4.26","0.43","6.96",NA,NA,NA,NA,NA
"218","109",1994-08-24,"August",1994,"236","16.0","3.70","0.45","7.00",NA,NA,NA,NA,NA
"219","109",1994-09-14,"September",1994,"257","14.7","2.44","1.04","7.28",NA,NA,NA,NA,NA
"220","4857",1994-05-11,"May",1994,"131","13.4","10.06","0.82","8.44",NA,NA,NA,NA,NA
"221","4857",1994-05-25,"May",1994,"145","17.7","11.08","0.77","8.15",NA,NA,NA,NA,NA
"222","4857",1994-06-08,"June",1994,"159","17.9","11.47","0.68","8.82",NA,NA,NA,NA,NA
"223","4857",1994-06-21,"June",1994,"172","19.9","11.75","0.77","8.87",NA,NA,NA,NA,NA
"224","4857",1994-07-05,"July",1994,"186","18.0","10.47","0.79","9.05",NA,NA,NA,NA,NA
"225","4857",1994-07-19,"July",1994,"200","18.8","9.92","0.77","9.64",NA,NA,NA,NA,NA
"226","4857",1994-08-09,"August",1994,"221","17.6","8.26","0.63","8.62",NA,NA,NA,NA,NA
"227","4857",1994-08-23,"August",1994,"235","21.8","7.57","0.84","9.06",NA,NA,NA,NA,NA
"228","4857",1994-09-13,"September",1994,"256","17.5","9.49","0.96","8.35",NA,NA,NA,NA,NA
"229","4857",1994-10-11,"October",1994,"284","8.4","9.32","1.06","8.46",NA,NA,NA,NA,NA
"230","6642",1994-05-25,"May",1994,"145","16.0","4.07","0.96","7.72",NA,NA,NA,NA,NA
"231","6642",1994-06-08,"June",1994,"159","17.1","2.86","1.01","7.76",NA,NA,NA,NA,NA
"232","6642",1994-06-22,"June",1994,"173","18.4","1.04","1.14","7.61",NA,NA,NA,NA,NA
"233","6642",1994-07-06,"July",1994,"187","17.1","0.91","1.17","7.78",NA,NA,NA,NA,NA
"234","6642",1994-07-20,"July",1994,"201","17.6","1.18","1.21","7.61",NA,NA,NA,NA,NA
"235","6642",1994-08-10,"August",1994,"222","16.8","0.61","1.22","7.34",NA,NA,NA,NA,NA
"236","6642",1994-08-24,"August",1994,"236","16.8","1.25","1.29","7.52",NA,NA,NA,NA,NA
"237","6642",1994-09-14,"September",1994,"257","15.6","2.09","1.34","7.72",NA,NA,NA,NA,NA
"238","6642",1994-10-11,"October",1994,"284","9.1","8.56","1.47","8.35",NA,NA,NA,NA,NA
"239","Gursky's",1994-05-11,"May",1994,"131","14.0","10.55","0.85","Error",NA,NA,NA,NA,NA
"240","Gursky's",1994-05-25,"May",1994,"145","15.5","9.80","0.81","8.25",NA,NA,NA,NA,NA
"241","Gursky's",1994-06-21,"June",1994,"172","18.5","7.26","0.85","8.46",NA,NA,NA,NA,NA
"242","Gursky's",1994-07-06,"July",1994,"187","18.0","5.74","0.72","Error",NA,NA,NA,NA,NA
"243","Gursky's",1994-07-20,"July",1994,"201","20.6","2.95","0.89","8.14",NA,NA,NA,NA,NA
"244","Gursky's",1994-08-09,"August",1994,"221","19.8","6.21","0.93","7.88",NA,NA,NA,NA,NA
"245","Gursky's",1994-08-24,"August",1994,"236","21.4","15.58","0.89","8.76",NA,NA,NA,NA,NA
"246","Gursky's",1994-09-14,"September",1994,"257","16.4","10.94","0.92","8.86",NA,NA,NA,NA,NA
"247","Gursky's",1994-10-11,"October",1994,"284","8.3","10.37","0.96","8.89",NA,NA,NA,NA,NA
"248","1A",1995-06-20,"June",1995,"150","21.46","5.39","2.02","7.73",NA,NA,NA,NA,NA
"249","1A",1995-07-12,"July",1995,"171","23.785","8.015","2.045","8.39",NA,NA,NA,NA,NA
"250","1A",1995-07-25,"July",1995,"193","19.35","9.135","2.155","8.48",NA,NA,NA,NA,NA
"251","1A",1995-08-14,"August",1995,"206","16.815","10.41","2.29","8.57",NA,NA,NA,NA,NA
"252","1A",1995-08-28,"August",1995,"226","18.39","12.245","2.355","9.11",NA,NA,NA,NA,NA
"253","1A",1995-09-12,"September",1995,"240","17.97","11.185","2.155","8.97",NA,NA,NA,NA,NA
"254","1A",1995-10-17,"October",1995,"255","6.975","10.47","2.3","8.53",NA,NA,NA,NA,NA
"255","1B",1995-05-30,"May",1995,"150","19.7","7.59","1.96","7.92",NA,NA,NA,NA,NA
"256","1B",1995-06-20,"June",1995,"171","21.2","5.54","2.06","7.76",NA,NA,NA,NA,NA
"257","1B",1995-07-12,"July",1995,"193","23.5","8.18","2.10","8.38",NA,NA,NA,NA,NA
"258","1B",1995-07-25,"July",1995,"206","19.8","8.73","2.15","8.46",NA,NA,NA,NA,NA
"259","1B",1995-08-14,"August",1995,"226","16.1","9.08","2.38","8.58",NA,NA,NA,NA,NA
"260","1B",1995-08-28,"August",1995,"240","17.8","11.15","2.31","9.01",NA,NA,NA,NA,NA
"261","1B",1995-09-12,"September",1995,"255","17.4","9.69","2.20","8.75",NA,NA,NA,NA,NA
"262","1B",1995-10-17,"October",1995,"290","6.7","10.48","2.28","8.02",NA,NA,NA,NA,NA
"263","25",1995-05-30,"May",1995,"150","21.0","6.92","1.72","7.95",NA,NA,NA,NA,NA
"264","25",1995-06-20,"June",1995,"171","20.9","3.90","1.84","7.89",NA,NA,NA,NA,NA
"265","25",1995-07-12,"July",1995,"193","25.4","12.38","1.83","8.81",NA,NA,NA,NA,NA
"266","25",1995-07-25,"July",1995,"206","23.8","15.61","1.97","9.05",NA,NA,NA,NA,NA
"267","25",1995-08-14,"August",1995,"226","21.0",NA,"2.00","9.10",NA,NA,NA,NA,NA
"268","25",1995-08-28,"August",1995,"240","16.8","8.46","2.12","9.02",NA,NA,NA,NA,NA
"269","25",1995-09-12,"September",1995,"255","17.9","10.88","2.13","8.86",NA,NA,NA,NA,NA
"270","25",1995-10-17,"October",1995,"290","5.9","11.13","2.40","8.55",NA,NA,NA,NA,NA
"271","37",1995-05-31,"May",1995,"151","17.1","4.47","0.22","7.69",NA,NA,NA,NA,NA
"272","50",1995-05-30,"May",1995,"150","25.2","8.94","5.37","8.26",NA,NA,NA,NA,NA
"273","50",1995-06-20,"June",1995,"171","24.3","11.13","6.17","7.94",NA,NA,NA,NA,NA
"274","50",1995-07-12,"July",1995,"193","26.5","8.55","7.20","8.01",NA,NA,NA,NA,NA
"275","50",1995-07-25,"July",1995,"206","21.6","9.22","7.89","7.99",NA,NA,NA,NA,NA
"276","50",1995-08-14,"August",1995,"226","20.2","7.46","7.14","8.04",NA,NA,NA,NA,NA
"277","65",1995-05-30,"May",1995,"150","21.6","8.92","3.04","8.11",NA,NA,NA,NA,NA
"278","65",1995-06-20,"June",1995,"171","20.8","8.15","3.16","8.39",NA,NA,NA,NA,NA
"279","65",1995-07-12,"July",1995,"193","22.1","7.72","2.75","8.80",NA,NA,NA,NA,NA
"280","65",1995-07-25,"July",1995,"206","22.1","12.05","3.42","9.31",NA,NA,NA,NA,NA
"281","65",1995-08-14,"August",1995,"226","15.2","8.59","3.51","9.15",NA,NA,NA,NA,NA
"282","65",1995-08-28,"August",1995,"240","17.2","9.40","3.77","9.35",NA,NA,NA,NA,NA
"283","65",1995-09-12,"September",1995,"255","17.1","8.96","3.72","8.98",NA,NA,NA,NA,NA
"284","65",1995-10-17,"October",1995,"290","5.9","11.39","4.22","8.95",NA,NA,NA,NA,NA
"285","66",1995-05-30,"May",1995,"150","24.7","10.25","26.20","8.56",NA,NA,NA,NA,NA
"286","66",1995-06-20,"June",1995,"171","19.6","9.54","31.50","8.76",NA,NA,NA,NA,NA
"287","66",1995-07-12,"July",1995,"193","21.4","6.76","17.83","9.78",NA,NA,NA,NA,NA
"288","66",1995-07-25,"July",1995,"206","25.2","11.46","20.39","9.71",NA,NA,NA,NA,NA
"289","66",1995-08-14,"August",1995,"226","15.4","9.81","32.80","9.62",NA,NA,NA,NA,NA
"290","66",1995-08-28,"August",1995,"240","17.6","12.15","37.80","9.52",NA,NA,NA,NA,NA
"291","66",1995-09-12,"September",1995,"255","16.2","8.60","41.00","9.10",NA,NA,NA,NA,NA
"292","66",1995-10-17,"October",1995,"290","6.0","10.05","43.20","8.81",NA,NA,NA,NA,NA
"293","67",1995-05-30,"May",1995,"150","21.3","5.63","4.91","8.01",NA,NA,NA,NA,NA
"294","67",1995-06-20,"June",1995,"171","20.4","7.07","5.36","8.14",NA,NA,NA,NA,NA
"295","67",1995-07-12,"July",1995,"193","22.0","3.67","5.44","8.44",NA,NA,NA,NA,NA
"296","67",1995-07-25,"July",1995,"206","20.6","7.63","6.15","8.66",NA,NA,NA,NA,NA
"297","67",1995-08-14,"August",1995,"226","14.6","8.40","6.19","8.67",NA,NA,NA,NA,NA
"298","67",1995-08-28,"August",1995,"240","17.3","9.41","6.51","8.91",NA,NA,NA,NA,NA
"299","67",1995-09-12,"September",1995,"255","17.1","6.67","6.40","8.53",NA,NA,NA,NA,NA
"300","67",1995-10-17,"October",1995,"290","6.1","11.26","7.07","8.55",NA,NA,NA,NA,NA
"301","86",1995-05-31,"May",1995,"151","17.0","5.41","0.62","8.36",NA,NA,NA,NA,NA
"302","90",1995-05-31,"May",1995,"151","17.5","5.98","10.39","8.20",NA,NA,NA,NA,NA
"303","90",1995-06-20,"June",1995,"171","24.3","9.29","11.33","8.21",NA,NA,NA,NA,NA
"304","90",1995-07-12,"July",1995,"193","24.1","7.24","5.14","9.24",NA,NA,NA,NA,NA
"305","90",1995-08-14,"August",1995,"226","21.7","8.65","9.96","8.47",NA,NA,NA,NA,NA
"306","109",1995-05-31,"May",1995,"151","19.91","4.77","0.399","7.45",NA,NA,NA,NA,NA
"307","109",1995-06-20,"June",1995,"171","24.35","12.46","0.374","8.15",NA,NA,NA,NA,NA
"308","4857",1995-05-30,"May",1995,"150","20.7","8.11","0.95","8.19",NA,NA,NA,NA,NA
"309","4857",1995-06-20,"June",1995,"171","20.6","4.67","0.98","7.70",NA,NA,NA,NA,NA
"310","4857",1995-07-12,"July",1995,"193","21.0","5.78","0.92","8.47",NA,NA,NA,NA,NA
"311","4857",1995-07-25,"July",1995,"206","23.0","13.91","0.93","9.38",NA,NA,NA,NA,NA
"312","4857",1995-08-14,"August",1995,"226","14.0","7.00","1.07","8.20",NA,NA,NA,NA,NA
"313","4857",1995-08-28,"August",1995,"240","16.5","8.80","1.13","8.52",NA,NA,NA,NA,NA
"314","4857",1995-09-12,"September",1995,"255","18.1","13.08","1.05","Probe Broken",NA,NA,NA,NA,NA
"315","4857",1995-10-17,"October",1995,"290","5.3","11.43","1.15","8.18",NA,NA,NA,NA,NA
"316","6642",1995-05-31,"May",1995,"151","17.9","4.25","1.24","8.01",NA,NA,NA,NA,NA
"317","6642",1995-06-20,"June",1995,"171","20.4","6.59","1.30","8.01",NA,NA,NA,NA,NA
"318","6642",1995-07-12,"July",1995,"193","22.5","6.12","1.06","8.16",NA,NA,NA,NA,NA
"319","6642",1995-07-25,"July",1995,"206","19.4","6.50","1.46","8.21",NA,NA,NA,NA,NA
"320","6642",1995-08-14,"August",1995,"226","20.0","8.74","1.42","8.31",NA,NA,NA,NA,NA
"321","6642",1995-08-28,"August",1995,"240","18.9","9.32","1.53","8.36",NA,NA,NA,NA,NA
"322","6642",1995-09-12,"September",1995,"255","15.6","4.94","1.52","7.93",NA,NA,NA,NA,NA
"323","6642",1995-10-17,"October",1995,"290","6.4","12.18","1.79","8.05",NA,NA,NA,NA,NA
"324","Gursky's",1995-05-31,"May",1995,"151","17.2","6.02","0.87","8.75",NA,NA,NA,NA,NA
"325","Gursky's",1995-06-20,"June",1995,"171","21.8","5.87","0.90","8.22",NA,NA,NA,NA,NA
"326","Gursky's",1995-07-12,"July",1995,"193","24.3","10.81","0.87","8.87",NA,NA,NA,NA,NA
"327","Gursky's",1995-07-25,"July",1995,"206","20.6","10.56","0.91","8.92",NA,NA,NA,NA,NA
"328","Gursky's",1995-08-14,"August",1995,"226","17.2","9.06","0.94","9.16",NA,NA,NA,NA,NA
"329","Gursky's",1995-08-28,"August",1995,"240","18.5","10.64","0.94","9.26",NA,NA,NA,NA,NA
"330","Gursky's",1995-09-12,"September",1995,"255","17.8","8.65","0.89","Probe Broken",NA,NA,NA,NA,NA
"331","Gursky's",1995-10-17,"October",1995,"290","7.4","11.25","0.94","8.81",NA,NA,NA,NA,NA
"332","1A",1996-05-09,"May",1996,"130","5.9","11.49","0.97","8.08",NA,NA,NA,NA,NA
"333","1A",1996-06-10,"June",1996,"162","22.3","7.66","1.14","8.05",NA,NA,NA,NA,NA
"334","1A",1996-07-09,"July",1996,"191","21.1","12.64","1.53","8.32",NA,NA,NA,NA,NA
"335","1A",1996-08-13,"August",1996,"226","19.8","7.95","1.16","7.98",NA,NA,NA,NA,NA
"336","1A",1996-09-18,"September",1996,"262","14.0","12.10","1.64","8.54",NA,NA,NA,NA,NA
"337","1A",1996-10-15,"October",1996,"289","9.6","12.22","1.74","8.32",NA,NA,NA,NA,NA
"338","1B",1996-05-09,"May",1996,"130","7.3","11.40","0.96","8.12",NA,NA,NA,NA,NA
"339","1B",1996-06-10,"June",1996,"162","22.4","8.68","1.13","8.16",NA,NA,NA,NA,NA
"340","1B",1996-07-09,"July",1996,"191","21.7","12.79","1.53","8.39",NA,NA,NA,NA,NA
"341","1B",1996-08-13,"August",1996,"226","20.1","5.92","1.27","7.96",NA,NA,NA,NA,NA
"342","1B",1996-09-18,"September",1996,"262","13.9","10.27","1.67","8.47",NA,NA,NA,NA,NA
"343","1B",1996-10-15,"October",1996,"289","8.7","8.78","1.77","8.02",NA,NA,NA,NA,NA
"344","25A",1996-08-13,"August",1996,"226","20.2","3.97","1.41","7.85",NA,NA,NA,NA,NA
"345","25",1996-05-08,"May",1996,"129","5.3","11.26","0.65","7.86",NA,NA,NA,NA,NA
"346","25",1996-06-10,"June",1996,"162","23.5","3.24","0.89","7.77",NA,NA,NA,NA,NA
"347","25",1996-07-09,"July",1996,"191","22.0","3.66","1.18","7.77",NA,NA,NA,NA,NA
"348","25",1996-08-13,"August",1996,"226","19.9","2.54","3.49","7.77",NA,NA,NA,NA,NA
"349","25",1996-09-18,"September",1996,"262","13.9","7.43","1.51","8.13",NA,NA,NA,NA,NA
"350","25",1996-10-15,"October",1996,"289","8.6","8.49","1.63","8.11",NA,NA,NA,NA,NA
"351","37",1996-05-09,"May",1996,"130","8.1","7.95","0.15","7.57",NA,NA,NA,NA,NA
"352","37",1996-06-10,"June",1996,"162","23.2","3.38","0.18","7.62",NA,NA,NA,NA,NA
"353","37",1996-07-09,"July",1996,"191","21.2","1.99","0.25","7.50",NA,NA,NA,NA,NA
"354","37",1996-08-13,"August",1996,"226","20.9","4.49","0.36","7.65",NA,NA,NA,NA,NA
"355","37",1996-09-18,"September",1996,"262","14.5","9.32","0.39","7.77",NA,NA,NA,NA,NA
"356","37",1996-10-15,"October",1996,"289","9.4","7.21","0.43","7.81",NA,NA,NA,NA,NA
"357","50",1996-05-09,"May",1996,"130","9.0","12.03","1.03","7.70",NA,NA,NA,NA,NA
"358","50",1996-06-10,"June",1996,"162","25.1","6.91","2.03","7.98",NA,NA,NA,NA,NA
"359","50",1996-07-09,"July",1996,"191","24.8","7.59","2.85","7.85",NA,NA,NA,NA,NA
"360","50",1996-08-13,"August",1996,"226","21.2","9.73","3.72","8.14",NA,NA,NA,NA,NA
"361","50",1996-09-18,"September",1996,"262","14.7","8.53","4.35","8.10",NA,NA,NA,NA,NA
"362","50",1996-10-15,"October",1996,"289","9.2","7.59","4.98","8.25",NA,NA,NA,NA,NA
"363","60",1996-05-09,"May",1996,"130","9.0","7.76","0.16","7.74",NA,NA,NA,NA,NA
"364","60",1996-06-11,"June",1996,"163","17.9","1.52","0.21","7.11",NA,NA,NA,NA,NA
"365","60",1996-07-09,"July",1996,"191","19.4","5.01","0.24","7.43",NA,NA,NA,NA,NA
"366","60",1996-08-13,"August",1996,"226","20.9","3.88","0.30","7.20",NA,NA,NA,NA,NA
"367","65",1996-05-08,"May",1996,"129","4.6","13.77","1.27","8.30",NA,NA,NA,NA,NA
"368","65",1996-06-11,"June",1996,"163","21.0","7.50","1.78","8.44",NA,NA,NA,NA,NA
"369","65",1996-07-10,"July",1996,"192","18.9","2.42","2.28","8.22",NA,NA,NA,NA,NA
"370","65",1996-08-14,"August",1996,"227","19.3","6.40","1.82","8.16",NA,NA,NA,NA,NA
"371","65",1996-09-19,"September",1996,"263","13.3","5.73","2.89","8.09",NA,NA,NA,NA,NA
"372","65",1996-10-15,"October",1996,"289","8.9","11.01","3.03","8.37",NA,NA,NA,NA,NA
"373","66",1996-05-08,"May",1996,"129","5.2","12.27","14.73","9.12",NA,NA,NA,NA,NA
"374","66",1996-06-11,"June",1996,"163","20.9","6.56","15.10","8.78",NA,NA,NA,NA,NA
"375","66",1996-07-10,"July",1996,"192","18.2","9.93","15.70","9.76",NA,NA,NA,NA,NA
"376","66",1996-08-14,"August",1996,"227","18.4","6.29","19.05","10.04",NA,NA,NA,NA,NA
"377","66",1996-09-19,"September",1996,"263","13.1","6.04","21.05","8.70",NA,NA,NA,NA,NA
"378","66",1996-10-15,"October",1996,"289","9.7","9.54","22.75","8.47",NA,NA,NA,NA,NA
"379","67",1996-05-08,"May",1996,"129","5.6","13.56","2.33","8.17",NA,NA,NA,NA,NA
"380","67",1996-06-11,"June",1996,"163","21.4","2.74","3.01","7.79",NA,NA,NA,NA,NA
"381","67",1996-07-10,"July",1996,"192","19.0","4.76","3.48","7.97",NA,NA,NA,NA,NA
"382","67",1996-08-14,"August",1996,"227","19.3","3.66","4.05","8.08",NA,NA,NA,NA,NA
"383","67",1996-09-19,"September",1996,"263","13.1","6.87","4.17","8.58",NA,NA,NA,NA,NA
"384","67",1996-10-15,"October",1996,"289","8.7","10.52","4.48","8.62",NA,NA,NA,NA,NA
"385","86",1996-05-09,"May",1996,"130","5.6","10.66","0.25","7.70",NA,NA,NA,NA,NA
"386","86",1996-06-11,"June",1996,"163","20.4","3.03","0.33","7.83",NA,NA,NA,NA,NA
"387","86",1996-07-10,"July",1996,"192","17.0","1.78","0.38","7.72",NA,NA,NA,NA,NA
"388","86",1996-08-14,"August",1996,"227","17.3","4.83","0.44","7.77",NA,NA,NA,NA,NA
"389","86",1996-09-19,"September",1996,"263","12.3","2.79","0.44","7.34",NA,NA,NA,NA,NA
"390","86",1996-10-16,"October",1996,"290","3.6","4.63","0.51","7.53",NA,NA,NA,NA,NA
"391","90",1996-05-09,"May",1996,"130","5.5","10.10","3.55","8.06",NA,NA,NA,NA,NA
"392","90",1996-06-11,"June",1996,"163","21.8","3.26","5.84","7.93",NA,NA,NA,NA,NA
"393","90",1996-07-10,"July",1996,"192","18.5","4.32","6.97","8.21",NA,NA,NA,NA,NA
"394","90",1996-08-14,"August",1996,"227","19.7","2.79","9.44","8.13",NA,NA,NA,NA,NA
"395","90",1996-09-18,"September",1996,"262","15.5","8.75","10.53","8.36",NA,NA,NA,NA,NA
"396","90",1996-10-16,"October",1996,"290","3.3","5.42","12.26","7.98",NA,NA,NA,NA,NA
"397","109",1996-05-09,"May",1996,"130","8.1","9.61","0.27","7.39",NA,NA,NA,NA,NA
"398","109",1996-06-11,"June",1996,"163","20.6","3.27","0.31","7.60",NA,NA,NA,NA,NA
"399","109",1996-07-10,"July",1996,"192","16.2","2.36","0.31","7.02",NA,NA,NA,NA,NA
"400","109",1996-08-14,"August",1996,"227","16.4","2.72","0.39","7.39",NA,NA,NA,NA,NA
"401","109",1996-09-18,"September",1996,"262","13.8","5.80","0.40","7.82",NA,NA,NA,NA,NA
"402","109",1996-10-16,"October",1996,"290","3.2","3.91","0.39","7.35",NA,NA,NA,NA,NA
"403","4857",1996-05-08,"May",1996,"129","4.5","12.49","0.58","8.11",NA,NA,NA,NA,NA
"404","4857",1996-06-10,"June",1996,"162","23.1","6.20","0.82","7.86",NA,NA,NA,NA,NA
"405","4857",1996-07-09,"July",1996,"191","20.8","4.99","0.93","7.75",NA,NA,NA,NA,NA
"406","4857",1996-08-13,"August",1996,"226","19.6","8.01","1.01","8.57",NA,NA,NA,NA,NA
"407","4857",1996-09-18,"September",1996,"262","13.6","9.34","1.06","8.50",NA,NA,NA,NA,NA
"408","4857",1996-10-15,"October",1996,"289","8.2","9.48","1.11","8.56",NA,NA,NA,NA,NA
"409","6642",1996-05-09,"May",1996,"130","4.1","12.59","0.56","8.23",NA,NA,NA,NA,NA
"410","6642",1996-06-11,"June",1996,"163","21.4","6.08","0.75","7.83",NA,NA,NA,NA,NA
"411","6642",1996-07-10,"July",1996,"192","17.8","3.26","0.87","7.62",NA,NA,NA,NA,NA
"412","6642",1996-08-14,"August",1996,"227","19.2","2.67","1.05","8.08",NA,NA,NA,NA,NA
"413","6642",1996-09-19,"September",1996,"263","13.1","2.19","1.16","7.84",NA,NA,NA,NA,NA
"414","6642",1996-10-16,"October",1996,"290","4.2","4.56","1.28","7.58",NA,NA,NA,NA,NA
"415","Gursky's",1996-06-11,"June",1996,"163","20.7","7.19","0.71","8.64",NA,NA,NA,NA,NA
"416","Gursky's",1996-07-10,"July",1996,"192","19.3","5.14","0.82","8.56",NA,NA,NA,NA,NA
"417","Gursky's",1996-08-13,"August",1996,"226","19.9","7.77","0.84","8.71",NA,NA,NA,NA,NA
"418","Gursky's",1996-09-18,"September",1996,"262","14.6","6.78","0.84","8.49",NA,NA,NA,NA,NA
"419","Gursky's",1996-10-15,"October",1996,"289","9.0","13.04","0.88","8.46",NA,NA,NA,NA,NA
"420","Gursky's",NA,"April",1997,NA,"3.5","15.26","0.494","8.66","0.2","121.6","336",0,"10:53"
"421","Gursky's",NA,"May",1997,NA,"11.22","11.75","0.279","8.66","0.1","112.5","308",0,"14:41"
"422","Gursky's",NA,"June",1997,NA,"20.56","9.64","0.799","8.56","0.4","113.3","317",0,"13:30"
"423","Gursky's",NA,"July",1997,NA,"23.96","7.45","0.837","8.37","0.4","94","224",0,"12:32"
"424","Gursky's",NA,"August",1997,NA,"20.16","11.77","0.8","8.9","0.4","137.3","324",0,"14:50"
"425","Gursky's",NA,"September",1997,NA,"12.68","11.26","0.847","8.84","0.4","113.2","333",0,"16:16"
"426","Gursky's",NA,"October",1997,NA,"5.27","14.39","0.874","8.84","0.5","121.1","330",0,"15:55"
"427","Gursky's",NA,"April",1997,NA,"3.53","14.68","0.525","8.63","0.3","117.1","337",-0.4,"10:54"
"428","Gursky's",NA,"May",1997,NA,"11.14","11.69","0.819","8.69","0.4","111.8","307",-0.8,"14:42"
"429","Gursky's",NA,"June",1997,NA,"20.48","9.6","0.802","8.58","0.4","112.7","314",-0.6,"13:30"
"430","Gursky's",NA,"July",1997,NA,"23.14","7","0.838","8.36","0.4","87.1","223",-0.8,"12:33"
"431","Gursky's",NA,"August",1997,NA,"19.95","10.88","0.801","8.91","0.4","126.4","323",-0.6,"14:51"
"432","Gursky's",NA,"September",1997,NA,"12.57","10.89","0.856","8.82","0.4","109.2","334",-0.8,"16:17"
"433","Gursky's",NA,"October",1997,NA,"5.21","13.73","0.873","8.9","0.5","115.4","328",-0.8,"15:56"
"434","1",NA,"April",1997,NA,"3.14","6.38","1.432","7.76","0.8","50.6","320",0,"12:53"
"435","1",NA,"May",1997,NA,"8.29","10.24","0.673","8.58","0.3","91.6","334",0,"11:31"
"436","1",NA,"June",1997,NA,"19.9","8.5","1.86","8.29","1","99","331",0,"10:22"
"437","1",NA,"July",1997,NA,"24.53","7.04","1.11","8.53","0.6","89.6","156",0,"12:06"
"438","1",NA,"August",1997,NA,"19.33","6.45","1.74","8.67","0.9","74.3","370",0,"11:35"
"439","1",NA,"September",1997,NA,"11.8","10.74","1.83","8.42","1.0","106.2","355",0,"13:33"
"440","1",NA,"October",1997,NA,"3.28","13.77","1.8","8.12","1","110.5","372",0,"13:37"
"441","1",NA,"April",1997,NA,"3.21","5.88","1.461","7.64","0.8","46.7","321",-0.5,"12:54"
"442","1",NA,"May",1997,NA,"8.39","9.96","1.8","8.58","1","89.6","331",-1,"11:32"
"443","1",NA,"June",1997,NA,"19.92","8.25","1.71","8.32","0.9","96.1","316",-0.7,"10:22"
"444","1",NA,"July",1997,NA,"24.54","6","1.73","8.51","0.9","76.6","118",-0.4,"12:07"
"445","1",NA,"August",1997,NA,"19.28","6.22","1.75","8.66","0.9","71.6","360",-0.6,"11:36"
"446","1",NA,"September",1997,NA,"11.77","10.01","1.88","8.38","1.0","98.9","351",-0.7,"13:34"
"447","1",NA,"October",1997,NA,"3.48","13.1","1.8","8.07","1","105.6","371",-0.8,"13:39"
"448","25",NA,"April",1997,NA,"5.27","10.33","1.06","7.87","0.6","86.5","322",0,"13:34"
"449","25",NA,"May",1997,NA,"9.05","10.47","1.374","8.21","0.7","95.6","328",0,"13:12"
"450","25",NA,"June",1997,NA,"19.77","4.92","1.499","7.85","0.8","57","334",0,"10:41"
"451","25",NA,"July",1997,NA,"23.22","6.22","1.63","7.97","0.9","77.6","330",0,"942"
"452","25",NA,"August",1997,NA,"21.33","8.59","1.74","8.38","0.9","102.9","319",0,"13:06"
"453","25",NA,"September",1997,NA,"12.08","10.73","1.79","8.57","1.0","106.8","328",0,"15:33"
"454","25",NA,"October",1997,NA,"3.7","14.13","1.84","8.83","1","114.6","322",0,"15:10"
"455","25",NA,"April",1997,NA,"4.14","9.98","1.11","7.8","0.6","81.1","324",-0.5,"13:34"
"456","25",NA,"May",1997,NA,"7.4","10.32","1.398","8.21","0.7","90.6","330",-0.7,"13:13"
"457","25",NA,"June",1997,NA,"19.78","4.79","1.5","7.82","0.8","55.6","332",-0.7,"10:41"
"458","25",NA,"July",1997,NA,"23.23","6.15","1.63","7.98","0.9","76.8","322",-0.7,"944"
"459","25",NA,"August",1997,NA,"20.17","8.61","1.7","8.36","0.9","100.8","248",-0.6,"13:07"
"460","25",NA,"September",1997,NA,"12.08","11.24","1.81","8.63","1.0","111.9","312",-0.6,"15:34"
"461","25",NA,"October",1997,NA,"3.63","13.87","1.85","8.83","1","112.3","319",-0.6,"15:11"
"462","37",NA,"April",1997,NA,"10.66","9.01","0.143","8.05","0.1","85.7","311",0,"13:57"
"463","37",NA,"May",1997,NA,"9.7","8.3","0.112","8.17","0","76.6","329",0,"13:30"
"464","37",NA,"June",1997,NA,"19.47","1.75","0.332","7.7","0.2","20.1","330",0,"10:54"
"465","37",NA,"July",1997,NA,"23.16","1.95","0.409","7.29","0.2","24.2","316",0,"10:02"
"466","37",NA,"August",1997,NA,"21.27","4.69","0.447","7.48","0.2","55.9","337",0,"13:23"
"467","37",NA,"September",1997,NA,"12.47","6.81","0.445","7.93","0.2","68.0","355",0,"15:21"
"468","37",NA,"October",1997,NA,"5.77","10.05","0.456","8.35","0.2","85.5","338",0,"14:44"
"469","37",NA,"April",1997,NA,"9.23","8.98","0.147","7.96","0.1","82.6","314",-0.5,"13:57"
"470","37",NA,"May",1997,NA,"8.85","7.84","0.272","8","0.1","71","332",-0.6,"13:32"
"471","37",NA,"June",1997,NA,"19.42","1.55","0.333","7.46","0.2","17.8","332",-0.4,"10:54"
"472","37",NA,"July",1997,NA,"22.86","1.74","0.41","7.22","0.2","21.4","315",-0.4,"10:04"
"473","37",NA,"August",1997,NA,"21.18","4.07","0.45","7.36","0.2","48.4","343",-0.4,"13:25"
"474","37",NA,"September",1997,NA,"12.57","7.03","0.444","7.83","0.2","70.4","363",-0.3,"15:22"
"475","37",NA,"October",1997,NA,"5.75","9.5","0.458","8.21","0.2","80.8","343",-0.3,"14:45"
"476","50",NA,"April",1997,NA,"10.04","10.77","1.479","7.81","0.8","101.4","300",0,"14:18"
"477","50",NA,"May",1997,NA,"10.8","9.31","2.76","7.91","1.5","89","352",0,"13:58"
"478","50",NA,"June",1997,NA,"19.37","2","1.056","7.54","0.6","23","321",0,"11:15"
"479","50",NA,"July",1997,NA,"23.75","5.72","3.81","7.83","2.1","72.8","62",0,"10:26"
"480","50",NA,"August",1997,NA,"21.18","8.97","4.24","8.04","2.3","108.2","347",0,"13:41"
"481","50",NA,"September",1997,NA,"11.81","2.13","4.7","8.3","2.6","21.3","370",0,"15:05"
"482","50",NA,"October",1997,NA,"4.25","12.74","4.93","8.35","2.7","106.1","354",0,"14:58"
"483","50",NA,"April",1997,NA,"7.31","11.39","1.47","7.89","0.8","100.5","283",-0.4,"14:19"
"484","50",NA,"May",1997,NA,"8.1","10.1","2.76","7.99","1.5","90.6","350",-0.5,"13:59"
"485","50",NA,"June",1997,NA,"19.25","1.49","3.21","7.54","1.7","17.3","304",-0.6,"11:15"
"486","50",NA,"July",1997,NA,"23.49","4.62","3.86","7.77","2.1","58.4","21",-0.2,"10:27"
"487","50",NA,"August",1997,NA,"20.76","8.59","4.25","8.04","2.3","102.7","347",-0.3,"13:43"
"488","50",NA,"September",1997,NA,"11.83","1.6","4.71","8.31","2.6","16.0","369",-0.4,"15:06"
"489","50",NA,"October",1997,NA,"4.21","12.42","4.91","8.38","2.7","103.4","353",-0.5,"14:59"
"490","60",NA,"April",1997,NA,"9.3","12.21","165","7.81","0.1","112.4","305",0,"15:16"
"491","60",NA,"May",1997,NA,"7.35","6.45","0.234","8.01","0.1","56.3","316",0,"14:17"
"492","60",NA,"June",1997,NA,"18.17","1.64","0.252","7.4","0.1","18.3","284",0,"11:30"
"493","60",NA,"July",1997,NA,"21.84","2.56","0.347","7.3","0.2","31","203",0,"10:44"
"494","60",NA,"August",1997,NA,"21.6","6.03","0.391","7.28","0.2","72.2","342",0,"13:57"
"495","60",NA,"September",1997,NA,"14.78","12.16","0.361","8.27","0.2","127.8","359",0,"14:53"
"496","60",NA,"April",1997,NA,"7.64","10.54","168","7.75","0.1","93.3","308",-0.6,"15:17"
"497","60",NA,"May",1997,NA,"7.27","6","0.236","7.82","0.1","52.3","318",-0.6,"14:19"
"498","60",NA,"June",1997,NA,"18.03","1.1","0.255","7.18","0.1","12.3","0.282",-0.6,"11.3"
"499","60",NA,"July",1997,NA,"19.95","0.72","0.36","7.12","0.2","8.4","190",-0.3,"10:46"
"500","60",NA,"August",1997,NA,"20.91","6.18","0.402","7.19","0.2","73.1","347",-0.1,"13:59"
"501","65",NA,"April",1997,NA,"6","8.82","1.86","7.59","1","75.4","329",0,"12:02"
"502","65",NA,"May",1997,NA,"6.48","10.96","2.52","8.48","1.4","94.4","350",0,"11:09"
"503","65",NA,"June",1997,NA,"19.18","6.43","0.859","8.32","0.4","73.5","298",0,"12:35"
"504","65",NA,"July",1997,NA,"23.93","2.63","2.86","7.92","1.5","33.4","172",0,"11:16"
"505","65",NA,"August",1997,NA,"20.59","9.68","3.17","8.21","1.7","114.9","300",0,"12:39"
"506","65",NA,"September",1997,NA,"11.11","10.57","1.398","8.46","0.7","102.7","351",0,"14:12"
"507","65",NA,"October",1997,NA,"3.63","13.31","3.3","8.71","1.8","108.4","333",0,"14:16"
"508","65",NA,"April",1997,NA,"5.7","8.35","1.83","7.62","1","70.9","326",-0.5,"12:03"
"509","65",NA,"May",1997,NA,"6.41","11","2.51","8.5","1.4","94.6","343",-0.5,"11:12"
"510","65",NA,"June",1997,NA,"19.21","6.24","2.6","8.32","1.4","71.8","0.297",-0.4,"12:35"
"511","65",NA,"July",1997,NA,"23.96","2.51","2.98","7.89","1.6","32","104",-0.5,"11:19"
"512","65",NA,"August",1997,NA,"20.57","9.72","3.13","8.19","1.7","115.4","303",-0.1,"12:40"
"513","65",NA,"September",1997,NA,"11.16","10.43","3.47","8.45","1.9","102.3","352",-0.4,"14:12"
"514","65",NA,"October",1997,NA,"3.65","12.82","3.54","8.66","1.9","104.5","335",-0.4,"14:17"
"515","66",NA,"April",1997,NA,"6.66","11.21","6.46","8.14","3.6","99.2","313",0,"12:11"
"516","66",NA,"May",1997,NA,"6.33","11.61","3.63","8.74","2","100.1","360",0,"10:59"
"517","66",NA,"June",1997,NA,"18.94","8.35","11.4","8.62","6.5","98.9","303",0,"12:16"
"518","66",NA,"July",1997,NA,"23.81","8.36","13.39","8.96","7.7","110.2","193",0,"11:06"
"519","66",NA,"August",1997,NA,"20.59","10.16","15.1","8.99","8.8","126.2","308",0,"12:29"
"520","66",NA,"September",1997,NA,"11.08","9.93","6.2","8.01","3.5","98.3","365",0,"14:03"
"521","66",NA,"October",1997,NA,"4.66","11.52","18.2","7.95","10.7","102.5","360",0,"14:06"
"522","66",NA,"April",1997,NA,"6.79","11.13","6.37","8.21","3.5","98.8","311",-0.2,"12:12"
"523","66",NA,"May",1997,NA,"6.33","11.23","10.28","8.75","5.8","99.4","360",-0.4,"11:00"
"524","66",NA,"June",1997,NA,"18.92","8.44","11.29","8.64","6.4","99.9","301",-0.4,"12:16"
"525","66",NA,"July",1997,NA,"23.81","8.22","13.48","8.97","7.8","108.5","191",-0.2,"11:08"
"526","66",NA,"August",1997,NA,"20.59","10.07","15.1","9.01","8.8","125.1","307",-0.3,"12:30"
"527","66",NA,"September",1997,NA,"11.09","9.24","17.0","8.07","10.0","95.5","366",-0.3,"14:04"
"528","66",NA,"October",1997,NA,"4.58","11.34","18.9","8.34","11.2","101","353",-0.4,"14:08"
"529","67",NA,"April",1997,NA,"6046","9.6","0.863","7.97","0.4","82.7","316",0,"12:31"
"530","67",NA,"May",1997,NA,"7.33","10.43","1.416","8.45","0.7","91.4","391",0,"10:40"
"531","67",NA,"June",1997,NA,"19.78","1.81","3.99","7.74","2.2","21.2","304",0,"12:03"
"532","67",NA,"July",1997,NA,"24.27","3.44","4.47","7.9","2.4","44.3","214",0,"11:34"
"533","67",NA,"August",1997,NA,"20.09","7.96","4.78","8.25","2.6","94.1","308",0,"12:11"
"534","67",NA,"September",1997,NA,"11.85","12.23","3.67","8.84","2.0","122.0","346",0,"13:50"
"535","67",NA,"October",1997,NA,"3.5","13.01","5.16","8.95","2.8","106.4","352",0,"13:54"
"536","67",NA,"April",1997,NA,"6.21","9.61","2.48","7.97","1.3","82.8","317",-0.4,"11:32"
"537","67",NA,"May",1997,NA,"7.28","10.1","3.82","8.5","2.1","89.2","385",-0.6,"10:42"
"538","67",NA,"June",1997,NA,"19.78","1.66","4.06","7.79","2.2","19.5","298",-0.5,"12:03"
"539","67",NA,"July",1997,NA,"24.37","3.33","4.48","7.9","2.5","43","206",-0.5,"11:35"
"540","67",NA,"August",1997,NA,"20.08","7.74","4.76","8.25","2.6","91.5","311",-0.4,"12:12"
"541","67",NA,"September",1997,NA,"11.88","11.65","5.0","8.86","2.7","116.9","345",-0.4,"13:51"
"542","67",NA,"October",1997,NA,"3.53","12.9","5.22","8.97","2.9","105.6","350",-0.6,"13:55"
"543","86",NA,"April",1997,NA,"7.76","8.33","0.25","7.86","0.1","73.9","316",0,"11:44"
"544","86",NA,"May",1997,NA,"6.74","9.97","0.36","8.16","0.2","85.7","321",0,"12:21"
"545","86",NA,"June",1997,NA,"18.31","4","0.405","7.68","0.2","44.8","306",0,"13:10"
"546","86",NA,"July",1997,NA,"23.79","5.96","0.496","7.58","0.3","74.9","228",0,"12:13"
"547","86",NA,"August",1997,NA,"21.75","10.39","0.509","7.75","0.3","124.9","347",0,"14:29"
"548","86",NA,"September",1997,NA,"13.13","14.13","0.434","8.52","0.2","143.3","346",0,"14:41"
"549","86",NA,"October",1997,NA,"8.89","8.59","0.487","8.31","0.2","79","331",0,"15:40"
"550","86",NA,"April",1997,NA,"6.38","7.69","0.259","7.7","0.1","65.9","317",-0.7,"11:46"
"551","86",NA,"May",1997,NA,"6.21","9.35","0.364","8","0.2","79.3","311",-0.8,"12:23"
"552","86",NA,"June",1997,NA,"17.88","3.31","0.418","7.49","0.2","36.8","307",-0.6,"13:10"
"553","86",NA,"July",1997,NA,"21.21","1.94","0.493","7.31","0.2","23.2","184",-0.4,"12:14"
"554","86",NA,"August",1997,NA,"21.54","10.01","0.508","7.67","0.3","119.9","352",-0.2,"14:31"
"555","86",NA,"September",1997,NA,"13.19","13.95","0.428","8.49","0.2","141.6","349",-0.3,"14:42"
"556","90",NA,"April",1997,NA,"7.66","10.62","0.796","7.82","0.4","94.3","324",0,"11:22"
"557","90",NA,"May",1997,NA,"7.92","10.24","1.241","8.25","0.7","90.9","341",0,"11:57"
"558","90",NA,"June",1997,NA,"20.18","4.99","0.503","7.86","0.3","58.2","313",0,"12:55"
"559","90",NA,"July",1997,NA,"24.73","5.76","1.95","7.85","1","74.1","228",0,"11:54"
"560","90",NA,"August",1997,NA,"21.63","5.89","2.41","7.73","1.3","71.2","353",0,"14:14"
"561","90",NA,"September",1997,NA,"12.54","11.48","2.74","8.26","1.5","115.9","357",0,"14:28"
"562","90",NA,"October",1997,NA,"3.68","12.68","3.27","8.36","1.8","103.4","339",0,"15:28"
"563","90",NA,"April",1997,NA,"7.66","10.33","0.785","7.75","0.4","91.6","328",-0.4,"11:23"
"564","90",NA,"May",1997,NA,"7.66","10.19","1.248","8.19","0.7","89.9","343",-0.7,"11:58"
"565","90",NA,"June",1997,NA,"20.2","4.78","1.52","7.77","0.8","55.9","311",-0.8,"12:55"
"566","90",NA,"July",1997,NA,"24.73","5.59","1.95","7.83","1","71.9","229",-0.7,"11:55"
"567","90",NA,"August",1997,NA,"20.77","4.65","2.46","7.68","1.3","55.2","354",-0.8,"14:15"
"568","90",NA,"September",1997,NA,"12.54","10.85","3.02","8.23","1.6","109.6","359",-0.5,"14:29"
"569","90",NA,"October",1997,NA,"3.56","11.93","3.28","8.34","1.8","97","340",-0.7,"15:29"
"570","4857",NA,"April",1997,NA,"8.08","11.35","0.544","8.1","0.3","101.7","304",0,"13:17"
"571","4857",NA,"May",1997,NA,"6","10.92","0.778","7.99","0.4","92.3","440",0,"10:23"
"572","4857",NA,"June",1997,NA,"19.26","8.31","0.858","7.85","0.4","95.2","361",0,"10:00"
"573","4857",NA,"July",1997,NA,"23.59","8.59","0.93","8.48","0.5","107.4","316",0,"11:07"
"574","4857",NA,"August",1997,NA,"20.8","12","0.945","9.22","0.5","141.8","279",0,"11:56"
"575","4857",NA,"September",1997,NA,"11.5","10.98","0.911","9.13","0.5","107.5","351",0,"13:20"
"576","4857",NA,"October",1997,NA,"3.96","15.21","1.107","9.16","0.6","123.8","311",0,"14:29"
"577","4857",NA,"April",1997,NA,"8.07","11.17","0.544","8.08","0.3","100","304",-0.5,"13:18"
"578","4857",NA,"May",1997,NA,"6.03","10.66","0.779","7.89","0.4","90.2","438",-0.4,"10:26"
"579","4857",NA,"June",1997,NA,"19.28","8.09","0.859","7.86","0.4","92.7","353",-0.3,"10:00"
"580","4857",NA,"July",1997,NA,"23.6","8.67","0.932","8.49","0.5","108.4","314",-0.7,"11:08"
"581","4857",NA,"August",1997,NA,"20.21","8.76","0.947","9.18","0.5","102.4","202",-0.2,"11:59"
"582","4857",NA,"September",1997,NA,"11.36","10.8","1.043","9.12","0.5","105.4","347",-0.2,"13:21"
"583","4857",NA,"October",1997,NA,"3.85","14.58","1.093","9.18","0.6","118.4","312",-0.3,"14:31"
"584","1",NA,"May",1998,NA,"11.09","9.41","1.702","8.35",NA,NA,"169",0,NA
"585","1",NA,"May",1998,NA,"11.05","9.02","1.708","8.36",NA,NA,"159",-0.9,NA
"586","1",NA,"June",1998,NA,"17.92","6.1","1.92","7.61","1","58.8","388",0,NA
"587","1",NA,"June",1998,NA,"17.92","5.09","1.92","7.6","1","57.4","388",-0.2,NA
"588","1",NA,"July",1998,NA,"20.46","6.93","1.91","8.61","1","88.3","425",0,NA
"589","1",NA,"July",1998,NA,"20.41","6.83","1.91","8.6","1","86.8","424",-0.4,NA
"590","1",NA,"August",1998,NA,"22.73","2.87","2.31","8.18","1.2","35.5","406",0,NA
"591","1",NA,"August",1998,NA,"22.48","2.68","2.31","8.17","1.2","33","406",-0.1,NA
"592","1",NA,"September",1998,NA,"14.98","6.14","2.53","8.6","1.4","64.6","306",0,NA
"593","1",NA,"September",1998,NA,"15","6.06","2.54","8.53","1.4","63.8","309",-0.2,NA
"594","1",NA,"October",1998,NA,"7.85","12.31","2.586","8.27",NA,NA,"305",0,NA
"595","1",NA,"October",1998,NA,"7.86","11.52","2.593","8.23",NA,NA,"294",-0.4,NA
"596","15",NA,"May",1998,NA,"9.75","8.86","0.276","8.39",NA,NA,"358",0,NA
"597","15",NA,"May",1998,NA,"9.54","8.34","0.276","8.28",NA,NA,"346",-0.6,NA
"598","15",NA,"June",1998,NA,"15.75","7.72","0.276","8.52","0.1","82.1","389",0,NA
"599","15",NA,"July",1998,NA,"20.46","6.93","1.91","8.61","1","88.3","425",0,NA
"600","15",NA,"July",1998,NA,"20.41","6.83","1.91","8.6","1","86.8","424",-0.4,NA
"601","15",NA,"August",1998,NA,"20.35","6.55","0.352","8.21","0.2","76.7","339",0,NA
"602","15",NA,"August",1998,NA,"20.39","6.2","0.366","8.07","0.2","72.8","346",0,NA
"603","15",NA,"October",1998,NA,"5.02","10.73","0.346","8.62",NA,NA,"263",-0.2,NA
"604","25",NA,"May",1998,NA,"10.77","8.66","1.6","8.23",NA,NA,"200",0,NA
"605","25",NA,"May",1998,NA,"10.76","8.44","1.6","8.25",NA,NA,"163",-0.7,NA
"606","25",NA,"June",1998,NA,"17.66","9.66","1.77","8.87","0.9","108.3","328",0,NA
"607","25",NA,"June",1998,NA,"17.63","9.6","1.79","8.86","1","107.6","323",-0.4,NA
"608","25",NA,"July",1998,NA,"18.73","8.66","0.3","8.8","0.1","105.8","395",0,NA
"609","25",NA,"July",1998,NA,"18.32","8.55","0.3","8.74","0.1","103.6","400",-0.1,NA
"610","25",NA,"August",1998,NA,"23.89","10.7","2.08","9.91","1.1","135.2","268",0,NA
"611","25",NA,"August",1998,NA,"23.96","10.57","2.08","9.96","1.1","133.6","263",-0.1,NA
"612","25",NA,"September",1998,NA,"13.67","8.05","2.35","9.77","1.3","82.3","189",0,NA
"613","25",NA,"September",1998,NA,"13.67","7.94","2.35","9.83","1.3","81.2","189",-0.1,NA
"614","25",NA,"October",1998,NA,"6.97","15","2.366","9.61",NA,NA,"182",-0.1,NA
"615","37",NA,"May",1998,NA,"11.61","9.02","0.3","8.14",NA,NA,"324",0,NA
"616","37",NA,"May",1998,NA,"11.38","8.54","0.3","8.1",NA,NA,"322",-0.2,NA
"617","37",NA,"June",1998,NA,"18.76","12.5","0.37","9.26","0.2","142.7","330",0,NA
"618","37",NA,"July",1998,NA,"19.16","7.52","1.75","8.98","0.9","93.2","378",0,NA
"619","37",NA,"July",1998,NA,"19.18","7.44","1.76","9","0.9","92.2","376",-0.3,NA
"620","50",NA,"May",1998,NA,"10.57","8.83","4.1","8.2",NA,NA,"263",0,NA
"621","50",NA,"May",1998,NA,"10.61","8.6","4.1","8.21",NA,NA,"249",-0.4,NA
"622","50",NA,"June",1998,NA,"17.63","6.05","5.26","8.27","2.9","68.6","372",0,NA
"623","50",NA,"June",1998,NA,"17.58","5.78","5.26","8.27","2.9","65.5","371",-0.2,NA
"624","50",NA,"July",1998,NA,"19.09","5.04","5.41","8.32","3","63.3","395",0,NA
"625","50",NA,"July",1998,NA,"18.97","5.03","5.44","8.33","3","62.9","389",-0.3,NA
"626","50",NA,"August",1998,NA,"22.29","6.08","7.2","8.6","4","75.4","246",0,NA
"627","50",NA,"September",1998,NA,"13.6","2.38","9.3","8.6","5.2","24.9","231",0,NA
"628","50",NA,"October",1998,NA,"5.84","8.57","9.506","8.3",NA,NA,"396",-0.3,NA
"629","60",NA,"May",1998,NA,"10.29","10.05","0.3","7.67",NA,NA,"310",0,NA
"630","60",NA,"June",1998,NA,"18.7","9.71","3.4","8.82","1.8","111.8","343",0,NA
"631","60",NA,"June",1998,NA,"18.68","9.65","3.39","8.77","1.8","111.2","343",-0.3,NA
"632","65",NA,"May",1998,NA,"10.56","8.68","2.9","8.16",NA,NA,"313",0,NA
"633","65",NA,"May",1998,NA,"10.57","8.61","2.9","8.15",NA,NA,"306",-0.4,NA
"634","65",NA,"June",1998,NA,"18.7","9.71","3.4","8.82","1.8","111.8","343",0,NA
"635","65",NA,"June",1998,NA,"18.68","9.65","3.39","8.77","1.8","111.2","343",-0.3,NA
"636","65",NA,"July",1998,NA,"20.39","9.1","3.45","8.86","1.9","116.3","318",0,NA
"637","65",NA,"July",1998,NA,"20.46","9.26","3.46","8.86","1.9","118.5","275",-0.2,NA
"638","65",NA,"August",1998,NA,"22.48","7.74","4.59","9.47","2.5","95.5","141",0,NA
"639","65",NA,"August",1998,NA,"22.54","7.71","4.64","9.48","2.5","95.2","121",-0.1,NA
"640","65",NA,"September",1998,NA,"12.91","5.17","6.12","9.39","3.4","52.7","139",0,NA
"641","65",NA,"September",1998,NA,"12.84","5.05","6.12","9.4","3.4","51.4","116",0,NA
"642","66",NA,"May",1998,NA,"10.87","9.25","28.6","8.26",NA,NA,"160",0,NA
"643","66",NA,"May",1998,NA,"10.83","9.17","28.6","8.27",NA,NA,"177",-0.2,NA
"644","66",NA,"June",1998,NA,"18.75","9.9","16.94","8.88","9.9","120.2","324",0,NA
"645","66",NA,"June",1998,NA,"18.77","9.84","19","8.89","11.2","120.5","356",-0.2,NA
"646","66",NA,"July",1998,NA,"20.46","9.84","19.5","8.84","11.2","120.5","356",-0.1,NA
"647","66",NA,"August",1998,NA,"21.9","2.99","28.2","8.78","17.3","39.9","202",0,NA
"648","66",NA,"August",1998,NA,"21.88","2.94","29","8.78","17.9","39.4","204",-0.1,NA
"649","66",NA,"September",1998,NA,"11.87","4.58","43.3","8.72","27.9","53.2","139",-0.3,NA
"650","67",NA,"May",1998,NA,"11.01","11.58","4.4","8.52",NA,NA,"290",0,NA
"651","67",NA,"May",1998,NA,"10.53","11.67","4.4","8.59",NA,NA,"277",-0.5,NA
"652","67",NA,"June",1998,NA,"17.9","9.98","3.89","8.81","2.1","112.5","376",0,NA
"653","67",NA,"June",1998,NA,"17.9","9.91","3.89","8.83","2.1","111.8","374",-0.5,NA
"654","67",NA,"July",1998,NA,"20.46","9.15","5.04","9.3","2.8","117.8","292",0,NA
"655","67",NA,"July",1998,NA,"20.04","8.41","5.07","9.27","2.8","107.4","145",-0.3,NA
"656","67",NA,"August",1998,NA,"22.25","6.34","6.35","9.3","3.5","78.3","222",0,NA
"657","67",NA,"August",1998,NA,"22.04","4.53","6.56","9.28","3.6","55.8","58",0,NA
"658","67",NA,"September",1998,NA,"12.66","5.2","7.77","9.33","4.3","53.1","153",0,NA
"659","67",NA,"September",1998,NA,"12.65","5.14","7.78","9.34","4.3","52.4","153",0,NA
"660","86",NA,"May",1998,NA,"14.39","8.58","0.5","7.76",NA,NA,"300",0,NA
"661","86",NA,"June",1998,NA,"17.7","9.58","1.008","9.27","0.5","107.3","317",0,NA
"662","86",NA,"June",1998,NA,"17.8","9.5","1.006","9.28","0.5","106.4","312",-0.1,NA
"663","90",NA,"May",1998,NA,"14.25","13.32","3.2","8.3",NA,NA,"376",0,NA
"664","90",NA,"May",1998,NA,"14.21","13.59","3.3","8.32",NA,NA,"369",-0.2,NA
"665","90",NA,"June",1998,NA,"17.92","9.98","3.89","8.81","2.1","112.5","376",0,NA
"666","90",NA,"June",1998,NA,"17.93","9.91","3.89","8.83","2.1","111.8","374",-0.5,NA
"667","90",NA,"July",1998,NA,"21.18","6.67","3.85","8.58","2.1","86.8","389",0,NA
"668","90",NA,"July",1998,NA,"20.98","7.5","3.82","8.61","2.1","97.1","386",-0.5,NA
"669","90",NA,"August",1998,NA,"23.74","4.96","4.94","8.57","2.7","62.7","422",0,NA
"670","90",NA,"August",1998,NA,"23.71","4.96","4.95","8.58","2.7","62.7","411",-0.3,NA
"671","90",NA,"September",1998,NA,"13.74","5.32","5.87","8.33","3.2","55.3","455",0,NA
"672","90",NA,"September",1998,NA,"13.75","5.31","5.88","8.41","3.2","55.1","426",-0.4,NA
"673","90",NA,"October",1998,NA,"7.3","12.15","5.964","8.48",NA,NA,"360",-0.2,NA
"674","109",NA,"May",1998,NA,"13.18","9.64","0.4","7.85",NA,NA,"267",NA,NA
"675","109",NA,"May",1998,NA,"13.17","9.67","0.4","7.81",NA,NA,"252",NA,NA
"676","109",NA,"June",1998,NA,"18.65","8.02","0.488","8.13","0.2","90.7","360",0,NA
"677","4857",NA,"May",1998,NA,"9.49","9.32","0.7","8.3",NA,NA,"162",0,NA
"678","4857",NA,"May",1998,NA,"9.52","8.97","0.7","8.29",NA,NA,"121",-0.3,NA
"679","4857",NA,"June",1998,NA,"17.73","9.58","1.008","9.27","0.5","107.3","317",0,NA
"680","4857",NA,"June",1998,NA,"17.75","9.5","1.006","9.28","0.5","106.4","312",-0.1,NA
"681","4857",NA,"July",1998,NA,"20.77","12.61","1.02","9.82","0.5","161","359",0,NA
"682","4857",NA,"July",1998,NA,"20.81","12.61","1.03","9.84","0.5","161.1","320",0,NA
"683","4857",NA,"August",1998,NA,"20.9","6.31","1.46","9.32","0.8","74.6","207",0,NA
"684","5338",NA,"May",1998,NA,"11.73","9.28","38","8.57",NA,NA,"372",0,NA
"685","5338",NA,"May",1998,NA,"11.5","9.31","38","8.59",NA,NA,"370",-0.8,NA
"686","5338",NA,"June",1998,NA,"18.02","6.29","20.8","8.84","12.4","75.8","367",0,NA
"687","5338",NA,"June",1998,NA,"18.09","5.95","20.8","8.85","12.4","71.9","360",-0.7,NA
"688","5338",NA,"July",1998,NA,"20.77","3.29","20.8","8.69","12.4","45.3","377",0,NA
"689","5338",NA,"July",1998,NA,"20.44","3.3","20.9","8.7","12.5","45.2","341",-0.6,NA
"690","5338",NA,"August",1998,NA,"23.29","5","25.4","8.56","15.4","67.8","372",0,NA
"691","5338",NA,"August",1998,NA,"23.09","3.3","25.6","8.55","15.5","44.6","369",-0.5,NA
"692","5338",NA,"September",1998,NA,"13.79","6.22","28.9","8.55","17.8","70.9","353",-0.2,NA
"693","5338",NA,"September",1998,NA,"13.67","5.46","29","8.56","17.9","62.1","314",-0.2,NA
"694","5338",NA,"October",1998,NA,"6.97","12.09","29.832","8.28",NA,NA,"204",0,NA
"695","5338",NA,"October",1998,NA,"7","11.34","29.885","8.45",NA,NA,"178",-0.4,NA
"696","1",1999-04-20,"April",1999,NA,"7.16","12.50","2.17","7.71","1.20",NA,"493",0,"10:04:18"
"697","1",1999-04-20,"April",1999,NA,"7.23","12.76","2.17","7.68","1.20",NA,"490",-0.3,"10:05:30"
"698","1",1999-05-13,"May",1999,NA,"8.62","10.78","2.35","8.29","1.30",NA,"280",0,"13:13:59"
"699","1",1999-05-13,"May",1999,NA,"8.53","10.71","2.39","8.29","1.30",NA,"279",-0.4,"13:14:38"
"700","1",1999-06-16,"June",1999,NA,"22.13","11.12","2.40","8.09","1.0",NA,"491",0,"11:10:00"
"701","1",1999-06-16,"June",1999,NA,"21.58","11.19","2.41","8.16","1.0",NA,"473",-0.3,"11:12:00"
"702","1",1999-07-13,"July",1999,NA,"23.58","6.75","2.37","9.41","1.30",NA,"277",0,"13:20:59"
"703","1",1999-07-13,"July",1999,NA,"23.62","6.70","2.42","9.41","1.30",NA,"278",-0.4,"13:21:50"
"704","1",1999-08-11,"August",1999,NA,"20.02","10.38","2.50","8.60","1.30",NA,"316",0,"11:10:51"
"705","1",1999-08-11,"August",1999,NA,"19.97","9.69","2.46","8.66","1.30",NA,"316",-0.5,"11:11:52"
"706","1",1999-09-10,"September",1999,NA,"13.39","12.49","2.65","8.60","1.40",NA,"312",0,"11:15:13"
"707","1",1999-09-10,"September",1999,NA,"13.37","12.23","2.62","8.58","1.40",NA,"314",-0.4,"11:16:16"
"708","1",1999-10-13,"October",1999,NA,"4.71","15.86","2.74","7.50","1.50",NA,"469",0,"13:28:54"
"709","1",1999-10-13,"October",1999,NA,"4.71","15.73","2.74","7.55","1.50",NA,"469",-0.4,"13:29:16"
"710","15",1999-04-20,"April",1999,NA,"7.55","15.01","0.204","9.64","0.10",NA,"422",0,"10:15:43"
"711","15",1999-04-20,"April",1999,NA,"7.4","15.53","0.204","9.67","0.10",NA,"420",-0.2,"10:16:34"
"712","15",1999-05-13,"May",1999,NA,"10.99","11.32","0.275","8.95","0.10",NA,"250",0,"13:04:58"
"713","15",1999-05-13,"May",1999,NA,"9.89","11.67","0.274","8.98","0.10",NA,"249",-0.2,"13:05:50"
"714","15",1999-06-16,"June",1999,NA,"17.75","10.09","0.35","8.52","0.10",NA,"432",0,"11:30:00"
"715","15",1999-06-16,"June",1999,NA,"15.55","10.60","0.34","8.5","0.10",NA,"422",-0.1,"11:32:00"
"716","15",1999-07-13,"July",1999,NA,"23.58","6.75","2.37","9.41","1.30",NA,"277",0,"13:20:59"
"717","15",1999-07-13,"July",1999,NA,"23.62","6.70","2.42","9.41","1.30",NA,"278",-0.4,"13:21:50"
"718","15",1999-08-11,"August",1999,NA,"20.02","10.38","2.50","8.60","1.30",NA,"316",0,"11:10:51"
"719","15",1999-08-11,"August",1999,NA,"19.97","9.69","2.46","8.66","1.30",NA,"316",-0.5,"11:11:52"
"720","15",1999-09-10,"September",1999,NA,"13.39","12.49","2.65","8.60","1.40",NA,"312",0,"11:15:13"
"721","15",1999-09-10,"September",1999,NA,"13.37","12.23","2.62","8.58","1.40",NA,"314",-0.4,"11:16:16"
"722","15",1999-10-13,"October",1999,NA,"4.71","15.86","2.74","7.50","1.50",NA,"469",0,"13:28:54"
"723","15",1999-10-13,"October",1999,NA,"4.71","15.73","2.74","7.55","1.50",NA,"469",-0.4,"13:29:16"
"724","25",1999-04-20,"April",1999,NA,"8.99","12.31","1.55","8.48","0.80",NA,"407",0,"10:39:01"
"725","25",1999-04-20,"April",1999,NA,"9.02","11.9","1.54","8.48","0.80",NA,"392",-0.2,"10:39:33"
"726","25",1999-05-13,"May",1999,NA,"9.05","12.44","1.83","8.46","1.0",NA,"164",0,"12:40:01"
"727","25",1999-05-13,"May",1999,NA,"8.69","12.42","1.84","8.46","1.0",NA,"105",-0.3,"12:40:48"
"728","25",1999-06-16,"June",1999,NA,"22.25","14.36","2.01","8.95","1.0",NA,"358",0,"11:59:00"
"729","25",1999-06-16,"June",1999,NA,"22.09","14.48","2.02","8.97","1.0",NA,"351",-0.2,"12:01:00"
"730","25",1999-07-13,"July",1999,NA,"24.65","10.74","2.01","10.64","1.1",NA,"248",0,"14:06:15"
"731","25",1999-07-13,"July",1999,NA,"24.47","10.39","2.03","10.63","1.1",NA,"243",-0.5,"14:07:06"
"732","25",1999-08-11,"August",1999,NA,"20.7","10.7","0.779","10.31","0.4",NA,"240",0,"15:42:56"
"733","25",1999-08-11,"August",1999,NA,"20.62","10.6","2.16","10.33","1.2",NA,"234",-0.3,"15:43:53"
"734","25",1999-09-10,"September",1999,NA,"13.99","16.20","2.36","9.96","1.3",NA,"243",0,"10:45:14"
"735","25",1999-09-10,"September",1999,NA,"12.65","13.74","2.43","9.93","1.3",NA,"248",-0.2,"10:47:39"
"736","25",1999-10-13,"October",1999,NA,"6.46","17.31","2.54","9.04","1.4",NA,"380",0,"14:17:33"
"737","25",1999-10-13,"October",1999,NA,"5.57","15.30","2.56","9.17","1.4",NA,"379",-0.3,"14:18:17"
"738","50",1999-04-20,"April",1999,NA,"8.7","12.05","3.36","8.66","1.8",NA,"279",0,"11:48:46"
"739","50",1999-04-20,"April",1999,NA,"8.77","11.82","3.36","8.63","1.8",NA,"278",-0.1,"11:49:11"
"740","50",1999-05-13,"May",1999,NA,"10.46","10.42","4.89","8.13","2.7",NA,"268",0,"12:21:32"
"741","50",1999-05-13,"May",1999,NA,"10.45","10.33","4.89","8.13","2.7",NA,"269",-0.1,"12:22:14"
"742","50",1999-06-16,"June",1999,NA,"22.81","8.93","6.05","8.20","2.9",NA,"399",0,"12:15:11"
"743","50",1999-06-16,"June",1999,NA,"22.66","8.65","6.07","8.20","2.9",NA,"401",-0.1,"12:17:12"
"744","50",1999-07-13,"July",1999,NA,"25.9","10.98","6.23","9.41","3.4",NA,"191",0,"15:00:48"
"745","50",1999-07-13,"July",1999,NA,"25.71","10.58","6.23","9.38","3.4",NA,"157",-0.1,"15:01:55"
"746","50",1999-08-11,"August",1999,NA,"21.05","14.9","4.16","8.94","2.3",NA,"241",0,"15:56:22"
"747","50",1999-08-11,"August",1999,NA,"20.44","15.84","7.13","8.86","4.0",NA,"195",-0.1,"15:58:05"
"748","50",1999-09-10,"September",1999,NA,"11.65","12.09","8.19","8.63","4.6",NA,"293",0,"10:27:25"
"749","50",1999-09-10,"September",1999,NA,"11.44","10.3","8.19","8.66","4.6",NA,"225",-0.1,"10:29:53"
"750","50",1999-10-13,"October",1999,NA,"3.95","14.62","9.25","8.48","5.2",NA,"405",0,"14:08:36"
"751","65",1999-04-20,"April",1999,NA,"8.37","13.16","2.57","8.76","1.4",NA,"209",0,"11:08:51"
"752","65",1999-04-20,"April",1999,NA,"8.37","12.87","2.56","8.74","1.4",NA,"209",-0.1,"11:09:21"
"753","65",1999-05-13,"May",1999,NA,"8.14","10.09","3.48","8.34","1.9",NA,"92",0,"11:18:48"
"754","65",1999-05-13,"May",1999,NA,"8.1","10.54","3.50","8.29","1.9",NA,"84",-0.3,"11:19:32"
"755","65",1999-06-17,"June",1999,NA,"19.73","11.25","4.13","8.87","1.9",NA,"225",0,"90500"
"756","65",1999-06-17,"June",1999,NA,"19.77","11.35","4.18","8.85","2.0",NA,"208",-0.3,"90724"
"757","65",1999-07-13,"July",1999,NA,"23.43","8.14","3.89","10.58","2.1",NA,"174",0,"12:46:10"
"758","65",1999-07-13,"July",1999,NA,"23.42","8.00","3.96","10.58","2.2",NA,"152",-0.3,"12:47:30"
"759","65",1999-08-10,"August",1999,NA,"20.48","12.34","1.47","9.35","0.8",NA,"204",0,"15:25:23"
"760","65",1999-08-10,"August",1999,NA,"20.48","12.25","4.37","9.35","2.4",NA,"190",-0.3,"15:29:08"
"761","65",1999-09-10,"September",1999,NA,"13.41","14.54","5.06","9.10","2.8",NA,"153",0,"11:56:47"
"762","65",1999-09-10,"September",1999,NA,"13.42","14.41","5.04","9.11","2.8",NA,"131",-0.2,"11:59:06"
"763","65",1999-10-13,"October",1999,NA,"4.69","14.24","3.71","8.39","2.0",NA,"306",0,"15:01:53"
"764","65",1999-10-13,"October",1999,NA,"4.71","13.69","5.84","8.24","3.2",NA,"279",-0.2,"15:02:39"
"765","66",1999-04-20,"April",1999,NA,"8.83","13.41","6.88","8.66","3.8",NA,"367",0,"11:05:03"
"766","66",1999-04-20,"April",1999,NA,"8.83","12.64","7.01","8.65","3.9",NA,"364",-0.1,"11:04:08"
"767","66",1999-05-13,"May",1999,NA,"8.91","11.14","28.6","8.64","9.1",NA,"161",0,"11:09:27"
"768","66",1999-05-13,"May",1999,NA,"8.92","11.34","28.6","8.64","9.2",NA,"168",-0.1,"11:10:00"
"769","66",1999-06-17,"June",1999,NA,"18.73","8.31","30.4","8.84","9.9",NA,"295",0,"85225"
"770","66",1999-06-17,"June",1999,NA,"18.8","8.33","30.9","8.88","11.2",NA,"314",-0.1,"85316"
"771","66",1999-07-13,"July",1999,NA,"24.49","9.07","28.0","10.64","17.2",NA,"261",0,"12:39:18"
"772","66",1999-07-13,"July",1999,NA,"24.53","9.16","27.8","10.65","17.1",NA,"258",-0.2,"12:40:37"
"773","66",1999-08-10,"August",1999,NA,"20.7","9.04","10.58","10.02","6.0",NA,"246",0,"15:18:23"
"774","66",1999-08-10,"August",1999,NA,"20.77","10.1","30.6","10.00","19.0",NA,"246",-0.2,"15:19:23"
"775","66",1999-09-10,"September",1999,NA,"13.77","15.98","36.7","9.90","23.2",NA,"217",0,"11:49:28"
"776","66",1999-09-10,"September",1999,NA,"13.79","15.81","37.7","9.92","23.9",NA,"205",-0.1,"11:50:11"
"777","66",1999-10-13,"October",1999,NA,"5.98","14.7","44.2","9.00","28.6",NA,"337",-0.1,"14:56:22"
"778","67",1999-04-20,"April",1999,NA,"8.29","8.61","4.37","8.08","2.4",NA,"312",-0.1,"10:55:18"
"779","67",1999-05-13,"May",1999,NA,"9.96","10.74","5.49","8.31","3.0",NA,"99",0,"11:41:54"
"780","67",1999-05-13,"May",1999,NA,"10.02","10.65","5.49","8.32","3.0",NA,"126",-0.2,"11:42:52"
"781","67",1999-06-17,"June",1999,NA,"19.39","11.62","6.1","9.36","3.0",NA,"236",0,"92545"
"782","67",1999-06-17,"June",1999,NA,"19.39","11.48","6.13","9.38","3.0",NA,"198",-0.3,"92:27:08"
"783","67",1999-07-13,"July",1999,NA,"23.81","9.39","5.96","10.68","3.3",NA,"161",0,"12:58:59"
"784","67",1999-07-13,"July",1999,NA,"23.85","9.35","6.07","10.70","3.4",NA,"149",-0.3,"13:00:01"
"785","67",1999-08-11,"August",1999,NA,"17.90","9.28","6.74","9.79","3.7",NA,"228",0,"10:38:19"
"786","67",1999-08-11,"August",1999,NA,"17.86","8.99","6.73","9.82","3.7",NA,"195",-0.3,"10:39:43"
"787","67",1999-09-10,"September",1999,NA,"13.64","14.3","7.54","9.53","4.2",NA,"245",0,"11:35:36"
"788","67",1999-09-10,"September",1999,NA,"13.62","14.36","7.46","9.56","4.2",NA,"237",-0.3,"11:36:28"
"789","67",1999-10-13,"October",1999,NA,"6.39","16.2","0.073","8.71","0.0",NA,"368",0,"14:44:02"
"790","67",1999-10-13,"October",1999,NA,"4.23","16.04","8.41","8.80","4.7",NA,"347",-0.2,"14453"
"791","90",1999-04-20,"April",1999,NA,"9.0","10.96","3.51","8.16","1.9",NA,"367",0,"11:25:51"
"792","90",1999-04-20,"April",1999,NA,"9.01","10.73","3.52","8.15","1.9",NA,"368",-0.3,"11:26:21"
"793","90",1999-05-13,"May",1999,NA,"7.64","9.1","4.82","8.63","2.6",NA,"294",0,"10:37:04"
"794","90",1999-05-13,"May",1999,NA,"7.63","6.7","4.82","8.64","2.6",NA,"283",-0.4,"10:38:06"
"795","90",1999-06-16,"June",1999,NA,"22.31","13.16","5.24","9.07","2.7",NA,"236",0,"13:10:46"
"796","90",1999-06-16,"June",1999,NA,"20.35","10.9","5.3","9.00","2.7",NA,"144",-0.4,"13:12:45"
"797","90",1999-07-13,"July",1999,NA,"24.82","10.13","5.13","10.15","2.8",NA,"190",0,"15:21:35"
"798","90",1999-07-13,"July",1999,NA,"24.67","10.00","5.13","10.16","2.8",NA,"167",-0.5,"15:22:53"
"799","90",1999-08-11,"August",1999,NA,"20.55","12.79","5.78","9.09","3.2",NA,"402",0,"14:46:38"
"800","90",1999-08-11,"August",1999,NA,"20.58","12.88","5.76","9.10","3.2",NA,"390",-0.4,"14:48:03"
"801","90",1999-09-10,"September",1999,NA,"14.76","14.13","6.11","8.77","3.4",NA,"258",0,"12:32:38"
"802","90",1999-10-13,"October",1999,NA,"4.04","14.65","7.26","7.67","4.0",NA,"436",0,"13:46:18"
"803","90",1999-10-13,"October",1999,NA,"4.04","13.01","7.27","7.75","4.1",NA,"434",-0.4,"13:47:28"
"804","4857",1999-04-20,"April",1999,NA,"8.73","11.84","0.65","8.79","0.3",NA,"437",0,"10:27:26"
"805","4857",1999-04-20,"April",1999,NA,"8.72","11.61","0.649","8.78","0.3",NA,"436",-0.1,"10:28:01"
"806","4857",1999-05-13,"May",1999,NA,"8.43","12.05","0.805","8.48","0.4",NA,"258",0,"12:56:13"
"807","4857",1999-05-13,"May",1999,NA,"8.42","12.14","0.807","8.45","0.4",NA,"258",-0.1,"12:57:19"
"808","4857",1999-06-16,"June",1999,NA,"21.79","14.89","0.994","8.83","0.4",NA,"408",0,"11:45:10"
"809","4857",1999-06-16,"June",1999,NA,"20.97","14.33","1.006","8.81","0.4",NA,"405",-0.1,"11:47:52"
"810","4857",1999-07-13,"July",1999,NA,"25.02","11.43","0.857","11.10","0.4",NA,"236",0,"13:50:17"
"811","4857",1999-07-13,"July",1999,NA,"23.62","13.27","0.893","11.11","0.5",NA,"231",-0.2,"13:51:57"
"812","4857",1999-08-11,"August",1999,NA,"18.87","15.19","0.94","10.20","0.5",NA,"225",0,"10:52:25"
"813","4857",1999-08-11,"August",1999,NA,"17.85","12.95","0.96","10.18","0.5",NA,"225",-0.1,"10:53:18"
"814","4857",1999-09-10,"September",1999,NA,"12.31","12.47","1.019","9.92","0.5",NA,"253",0,"11:03:11"
"815","4857",1999-09-10,"September",1999,NA,"11.68","12.06","1.02","9.94","0.5",NA,"253",-0.1,"11:04:07"
"816","4857",1999-10-13,"October",1999,NA,"6.97","18.84","1.093","9.40","0.6",NA,"361",0,"14:30:37"
"817","5338",1999-04-20,"April",1999,NA,"9.18","14.71","20.01","8.91","9.5",NA,"378",0,"11:36:44"
"818","5338",1999-04-20,"April",1999,NA,"9.18","15","20","8.94","9.71",NA,"377",-0.3,"11:37:17"
"819","5338",1999-05-13,"May",1999,NA,"7.67","10.86","24.1","8.72","9.2",NA,"306",0,"10:55:24"
"820","5338",1999-05-13,"May",1999,NA,"7.62","10.85","24.2","8.67","9.3",NA,"305",-0.3,"10:56:16"
"821","5338",1999-06-16,"June",1999,NA,"25.08","4.58","25.3","8.29","12.4",NA,"319",0,"13:25:12"
"822","5338",1999-06-16,"June",1999,NA,"24.62","4.36","25.5","8.29","12.5",NA,"320",-0.3,"13:27:14"
"823","5338",1999-07-13,"July",1999,NA,"25.36","9.69","25.1","8.76","15.2",NA,"255",0,"15:39:28"
"824","5338",1999-07-13,"July",1999,NA,"25.34","9.68","25.4","8.75","15.4",NA,"254",-0.5,"15:40:29"
"825","5338",1999-08-10,"August",1999,NA,"21.0","4.56","26.6","8.6","16.2",NA,"381",0,"15:01:14"
"826","5338",1999-08-10,"August",1999,NA,"20.84","4.58","26.8","8.6","16.4",NA,"381",-0.5,"15:02:14"
"827","5338",1999-09-10,"September",1999,NA,"14.15","11.2","28.8","8.94","17.7",NA,"175",0,"12:18:27"
"828","5338",1999-09-10,"September",1999,NA,"14.13","11.02","28.6","8.95","17.6",NA,"171",-0.5,"12:19:15"
"829","5338",1999-10-13,"October",1999,NA,"4.43","16.2","30.0","8.11","18.6",NA,"438",0,"13:58:40"
"830","5338",1999-10-13,"October",1999,NA,"4.45","16.21","30.2","8.19","18.7",NA,"437",-0.5,"13:58:51"
