"","Pond","Date","Region","Analyzing_date","250_nm","254_nm","280_nm","350_nm","365_nm","370_nm","Filter","Comments","pH","Fe_mg.L","SO4_mg.L","DOC_mg.L","SUVA","Bottle_PCO2","Wholewater_THg_ng.L","Wholewater_MeHg_ng.L","MeHg_std.err","MeHg_perc","CO2_umol.L","CH4_umol.L","DIC_mg.L","TDC_mg.L","Chla","Temp_degC","Cond_uS.cm","DO_perc","DO_mg.L","Secchi_cm","Depth_m","ORP","Airtemp_C","Cloud"
"1","1",2006-07-20,"SDNWA",NA,NA,NA,NA,NA,NA,NA,NA,NA,9.36,NA,640.98,58.12,0.52312456987777,NA,0.390037014894321,0.424694822258091,0.2837873729088,108.8857739,NA,NA,8.57103915,65.03,NA,22.03,1305,NA,8.91,NA,NA,NA,NA,NA
"2","1",2006-09-06,"SDNWA",NA,NA,NA,NA,NA,NA,NA,NA,NA,9.43,NA,814.183,22.25,1.23454606717416,NA,0.277324738105874,0.142879923559509,0.140907449349291,51.52079996,NA,NA,36.5436454,132.165,NA,18.2,1439,NA,7.94,NA,NA,NA,NA,NA
"3","1",2009-07-06,"SDNWA",NA,NA,NA,NA,NA,NA,NA,NA,NA,7.76,NA,1213.85,29.48,2.25179782903664,NA,1.2473,0.217253645836063,0.00764089752114688,NA,NA,NA,NA,NA,NA,21.78,2394,NA,3.3,NA,NA,NA,NA,NA
"4","1",2010-06-02,"SDNWA",NA,NA,NA,NA,NA,NA,NA,NA,NA,8.12,NA,NA,23.23,2.60589754627637,NA,1.98253071592471,0.2826,NA,14.2545080250213,NA,NA,NA,NA,NA,16.75,2236,NA,7.51,NA,NA,NA,NA,NA
"5","1",2010-07-05,"SDNWA",NA,NA,NA,NA,NA,NA,NA,NA,NA,8.11,NA,NA,26.1,2.31287356321839,NA,3.06295554437076,0.52,NA,16.9770665119733,NA,NA,NA,NA,NA,20.31,2207,NA,3.55,NA,NA,NA,NA,NA
"6","1",2010-08-04,"SDNWA",NA,NA,NA,NA,NA,NA,NA,NA,NA,8.45,NA,NA,22.64,2.94231448763251,NA,2.32337196849541,0.2349,NA,10.1103053314411,NA,NA,NA,NA,NA,21.86,2307,NA,3.28,NA,NA,NA,NA,NA
"7","1",2011-05-31,"SDNWA",NA,NA,NA,NA,NA,NA,NA,NA,NA,8.18,NA,NA,29.61,NA,88,1.035,1.3214,NA,127.671497584541,NA,NA,NA,NA,NA,12.23,2507,NA,8.47,NA,NA,NA,NA,NA
"8","1",2011-06-28,"SDNWA",NA,NA,NA,NA,NA,NA,NA,NA,NA,8.31,NA,NA,71.64,NA,101,2.025,0.1533,NA,7.57037037037037,NA,NA,NA,NA,NA,23.47,2590,NA,6.54,NA,NA,NA,NA,NA
"9","1",2011-07-28,"SDNWA",NA,NA,NA,NA,NA,NA,NA,NA,NA,8.36,NA,NA,52.93,NA,121,0.77,0.322,NA,41.8181818181818,NA,NA,NA,NA,NA,21.4,2606,NA,10.99,NA,NA,NA,NA,NA
"10","1",2011-08-22,"SDNWA",NA,NA,NA,NA,NA,NA,NA,NA,NA,8.53,NA,NA,42.62,NA,936,0.705,0.0958,NA,13.5886524822695,NA,NA,NA,NA,NA,23.43,2669,NA,9.97,NA,NA,NA,NA,NA
"11","1",2012-05-31,"SDNWA",NA,NA,NA,NA,NA,NA,NA,NA,NA,8.11,NA,NA,21.02,3.23263558515699,125,1.43310609239894,0.810178719404177,NA,56.533059464424,NA,NA,NA,NA,NA,15.61,2693,NA,3.65,NA,NA,NA,NA,NA
"12","1",2012-06-28,"SDNWA",NA,NA,NA,NA,NA,NA,NA,NA,NA,7.88,NA,NA,75.5,0.616185430463576,18,1.95955094805882,0.397613421749183,NA,20.291047912945,NA,NA,NA,NA,NA,17.4,2749,NA,2.79,NA,NA,NA,NA,NA
"13","1",2012-07-26,"SDNWA",NA,NA,NA,NA,NA,NA,NA,NA,NA,8.14,NA,NA,99.8,0.673276553106212,65,1.27682429903139,0.311445296590254,NA,24.39218119725,NA,NA,NA,NA,NA,24.94,2840,NA,4.93,NA,NA,NA,NA,NA
"14","1",2012-08-30,"SDNWA",NA,NA,NA,NA,NA,NA,NA,NA,NA,8.27,NA,NA,73.87,0.968552863137945,16,1.19007481358884,0.238507252945188,NA,20.0413663260326,NA,NA,NA,NA,NA,18.84,2849,NA,9.22,NA,NA,NA,NA,NA
"15","1",2020-06-11,"SDNWA",NA,NA,NA,NA,NA,NA,NA,NA,NA,6.17,NA,1746,29.3,NA,NA,NA,NA,NA,NA,NA,NA,NA,NA,NA,17.68,3103,72.3,6.92,40,NA,NA,NA,NA
"16","1",2020-06-29,"SDNWA",NA,NA,NA,NA,NA,NA,NA,NA,"NO YSI",NA,NA,1771.34,28.6,0.0207932517482517,NA,NA,NA,NA,NA,NA,NA,NA,NA,NA,NA,NA,NA,NA,113,NA,NA,NA,NA
"17","1",2020-07-15,"SDNWA",NA,NA,NA,NA,NA,NA,NA,NA,NA,8.41,NA,1798.17,36.1,NA,NA,NA,NA,NA,NA,NA,NA,NA,NA,NA,18.9,2602,74.8,6.95,64,NA,NA,NA,NA
"18","1",2020-07-29,"SDNWA",NA,NA,NA,NA,NA,NA,NA,NA,NA,8.86,NA,1854.29,33,NA,NA,NA,NA,NA,NA,NA,NA,NA,NA,NA,NA,3036,151.2,12.28,33,NA,NA,NA,NA
"19","1",2020-08-12,"SDNWA",NA,NA,NA,NA,NA,NA,NA,NA,NA,8.78,"<0.02",1972.26,35.3,NA,NA,NA,NA,NA,NA,NA,NA,NA,NA,NA,19.9,2840,120.1,11.02,10,NA,NA,NA,NA
"20","1",2020-08-23,"SDNWA",NA,NA,NA,NA,NA,NA,NA,NA,NA,8.62,NA,2077.41,33.3,NA,NA,NA,NA,NA,NA,NA,NA,NA,NA,NA,21.7,3110,124.5,10.83,45,NA,NA,NA,NA
"21","1",2020-09-05,"SDNWA",NA,NA,NA,NA,NA,NA,NA,NA,NA,8.72,NA,2115.88,33.5,NA,NA,NA,NA,NA,NA,NA,NA,NA,NA,NA,15.8,2829,110.9,10.86,27,NA,NA,NA,NA
"22","1",2020-09-20,"SDNWA",NA,NA,NA,NA,NA,NA,NA,NA,NA,8.7,NA,2222.86,38,NA,NA,NA,NA,NA,NA,NA,NA,NA,NA,NA,14.3,2839,123,12.4,21,NA,NA,NA,NA
"23","1",2020-10-04,"SDNWA",NA,NA,NA,NA,NA,NA,NA,NA,NA,8.79,NA,2154.16,35.7,NA,NA,NA,NA,NA,NA,NA,NA,NA,NA,NA,12.8,2727,149.8,15.55,31,NA,NA,NA,NA
"24","1",2021-05-19,"SDNWA",NA,0.807118,0.72058,0.45563,0.0915415,0.0701539,0.0619189,1.2,NA,9.2,NA,NA,35.98,NA,NA,NA,NA,NA,NA,NA,NA,77.88,NA,40.4091047733333,15.5,3001,NA,NA,NA,NA,162,10.4,5
"25","1",2021-06-06,"SDNWA",NA,0.782374,0.702404,0.434474,0.0869311,0.0655193,0.0589927,1.2,NA,9.36,NA,NA,37.41,NA,NA,NA,NA,NA,NA,NA,NA,79.72,NA,45.8205013333333,20.4,3463,85.2,7.62,7.5,NA,NA,16.6,75
"26","1",2021-06-22,"SDNWA",NA,0.728612,0.811534,0.466297,0.0969061,0.0718018,0.066796,1.2,NA,9.91,NA,NA,41.27,NA,NA,NA,NA,NA,NA,NA,NA,73.91,NA,11.75505892,20.3,3512,NA,12.8,26,NA,NA,18.8,5
"27","1",2021-07-06,"SDNWA","2021-07-07",1.00338,0.901907,0.479693,0.0948342,0.0705584,0.0639718,1.2,NA,8.55,NA,NA,34.95,NA,NA,NA,NA,NA,NA,NA,NA,66.47,NA,75.5192020769231,21.5,3737,98.6,8.5,17,NA,27.8,15.7,90
"28","1",2021-07-22,"SDNWA",NA,0.859257,0.793601,0.481475,0.0994585,0.0749982,0.0682427,1.2,NA,8.6,NA,NA,43.52,NA,NA,NA,NA,NA,NA,NA,NA,73.93,NA,92.4102958,23.9,4107,135.2,11.2,14,NA,108.5,21.6,60
"29","1",2021-08-04,"SDNWA",NA,NA,NA,NA,NA,NA,NA,NA,NA,8.5,NA,NA,36.65,NA,NA,NA,NA,NA,NA,NA,NA,59.85,NA,122.135309,21.5,4071,48.1,4.02,11,NA,32.5,18.8,100
"30","1",2021-08-18,"SDNWA",NA,NA,NA,NA,NA,NA,NA,NA,NA,8.65,NA,NA,47.44,NA,NA,NA,NA,NA,NA,NA,NA,66.54,NA,220.772291833333,17.2,3842,47.2,4.19,8,NA,-33.8,17.2,100
"31","1",2021-09-01,"SDNWA",NA,NA,NA,NA,NA,NA,NA,NA,NA,9.15,NA,NA,47.94,NA,NA,NA,NA,NA,NA,NA,NA,81.21,NA,147.27861,17.4,3754,87.2,7.76,71,NA,-140.2,14.7,100
"32","1",2021-09-19,"SDNWA",NA,NA,NA,NA,NA,NA,NA,NA,NA,8.9,NA,NA,49.37,NA,NA,NA,NA,NA,NA,NA,NA,83.3,NA,139.697130833333,12.5,3491,81.4,8.6,67,NA,8.9,15.9,25
"33","1",2022-05-10,"SDNWA","2022-05-11",0.692493,0.663399,0.396096,0.0818851,0.0614876,0.0557988,1.2,NA,8.4,NA,NA,27.89,NA,NA,NA,NA,NA,NA,NA,NA,54.53,NA,65.4604007777778,11.9,2700,110.1,11.78,76,NA,18.1,9.5,100
"34","1",2022-05-24,"SDNWA","2022-05-26",0.863964,0.829973,0.492687,0.0993048,0.0745433,0.0674341,1.2,NA,8.66,NA,NA,34.37,NA,NA,NA,NA,NA,NA,NA,NA,67.34,NA,84.6105356,13.4,3413,107.3,11.9,77,NA,76.6,12.9,5
"35","1",2022-06-08,"SDNWA","2022-06-10",0.942913,0.906103,0.536144,0.10938,0.0824657,0.0748838,1.2,NA,8.7,NA,NA,38.17,NA,NA,NA,NA,NA,NA,NA,NA,72.03,NA,58.5069644,21.5,4322,136,11.65,27,NA,29,21.4,10
"36","1",2022-06-21,"SDNWA","2022-06-23",0.465753,0.448311,0.265525,0.0553999,0.0415375,0.038525,1.2,NA,8.36,NA,NA,38,NA,NA,NA,NA,NA,NA,NA,NA,68.75,NA,247.073741666667,18.8,4318,41.9,3.86,53,NA,102.1,17.2,85
"37","1",2022-07-06,"SDNWA","2022-07-08",0.529485,0.508863,0.302243,0.0639561,0.0486178,0.0440538,1.2,NA,8.57,NA,NA,39.95,NA,NA,NA,NA,NA,NA,NA,NA,71.7,NA,96.8896988,18,4408,65.3,6.01,19.5,NA,-38.1,17.8,99
"38","1",2022-07-19,"SDNWA","2022-07-21",1.02435,0.985625,0.587547,0.130304,0.0994955,0.0905768,1.2,NA,8.38,NA,NA,43.12,NA,NA,NA,NA,NA,NA,NA,NA,68.28,NA,94.4612595,24.9,4927,58.3,4.8,16,NA,48.5,23.3,0
"39","1",2022-08-03,"SDNWA","2022-08-04",1.06118,1.02029,0.604755,0.131933,0.100563,0.0915949,1.2,NA,8.6,NA,NA,43.365,NA,NA,NA,NA,NA,NA,NA,NA,70.575,NA,271.2955358,20.8,4646,101.8,9.07,13,NA,-15.9,14.5,7
"40","1",2022-08-16,"SDNWA","2022-08-17",1.07187,1.03118,0.606452,0.126816,0.0953261,0.086169,1.2,NA,8.48,NA,NA,44.12,NA,NA,NA,NA,NA,NA,NA,NA,69.83,NA,81.1772228,23.6,51.13,78.6,6.62,10,NA,124,21.7,1
"41","1",2022-08-29,"SDNWA","2022-08-30",1.08485,1.0475,0.610515,0.130097,0.0981269,0.0886841,1.2,NA,8.37,NA,NA,46.13,NA,NA,NA,NA,NA,NA,NA,NA,70.93,NA,123.2542228,18.1,4603,63.3,5.92,23,NA,92.1,17.3,1
"42","1",2022-09-12,"SDNWA","2022-09-13",1.15771,1.11215,0.656207,0.141236,0.107189,0.0975796,1.2,NA,8.46,NA,NA,49.34,NA,NA,NA,NA,NA,NA,NA,NA,73.17,NA,111.35897854,14.5,4495,74.4,7.34,9,NA,125.5,11.8,0
"43","1",2023-05-17,"SDNWA","2023-05-19",0.86092,0.826325,0.481942,0.0936824,0.0693607,0.062504,1.2,NA,8.55,NA,NA,38.98,NA,NA,NA,NA,NA,NA,NA,NA,57.285,NA,58.23459568,16.1,3801,73.1,7.02,10,NA,2.1,12.6,40
"44","1",2023-05-30,"SDNWA","2023-06-01",0.989134,0.849924,0.550379,0.107076,0.0790431,0.0712945,1.2,NA,8.58,NA,NA,NA,NA,NA,NA,NA,NA,NA,NA,NA,NA,NA,38.2161015,20.3,4695,108.2,9.73,7,NA,86.9,18.5,0
"45","1",2023-06-13,"SDNWA","2023-06-15",1.11896,1.07535,0.627902,0.12563,0.093637,0.0845005,1.2,NA,8.47,NA,NA,NA,NA,NA,NA,NA,NA,NA,NA,NA,NA,NA,51.3293586666667,22.2,5399,88,7.5,3,NA,-1,23.1,0
"46","1",2023-06-27,"SDNWA","2023-06-29",1.19831,1.5188,0.673457,0.133685,0.0997205,0.0900436,1.2,NA,8.43,NA,NA,NA,NA,NA,NA,NA,NA,NA,NA,NA,NA,NA,52.692571,22.2,5704,98.6,8.25,8,NA,-22.4,19.7,85
"47","1",2023-07-11,"SDNWA","2023-07-12",1.273,1.22278,0.704268,0.137088,0.101617,0.0914767,1.2,NA,8.51,NA,NA,NA,NA,NA,NA,NA,NA,NA,NA,NA,NA,NA,113.416070533333,19.4,5731,95.8,8.58,0,NA,79,15.3,100
"48","1",2023-07-20,"SDNWA","2023-07-21",1.2511,1.20093,0.695613,0.136207,0.10139,0.0915475,1.2,"NO YSI",NA,NA,NA,NA,NA,NA,NA,NA,NA,NA,NA,NA,NA,NA,72.2717958,NA,NA,NA,NA,NA,NA,NA,NA,NA
"49","1",2023-08-15,"SDNWA","2023-08-16",1.38399,1.32848,0.767015,0.153387,0.115227,0.104541,1.2,NA,8.93,NA,NA,NA,NA,NA,NA,NA,NA,NA,NA,NA,NA,NA,NA,24.4,6850,188.2,16.46,0,NA,-89,23,0
"50","1",2023-09-19,"SDNWA",NA,NA,NA,NA,NA,NA,NA,NA,NA,8.81,NA,NA,NA,NA,NA,NA,NA,NA,NA,NA,NA,NA,NA,NA,14.7,5761,70,6.92,0,NA,17.6,12.6,100
"51","1",2024-04-25,"SDNWA",NA,NA,NA,NA,NA,NA,NA,NA,NA,8.62,NA,NA,NA,NA,NA,NA,NA,NA,NA,NA,NA,NA,NA,NA,11.7,3414,118.3,12.44,23,NA,202.7,14.3,25
"52","1",2024-04-26,"SDNWA","2024-04-25",0.8329929,0.797684,0.462697,0.0885906,0.0653649,0.0586623,1.2,NA,NA,NA,NA,NA,NA,NA,NA,NA,NA,NA,NA,NA,NA,NA,NA,NA,NA,NA,NA,NA,NA,NA,NA,NA
"53","1",2024-05-09,"SDNWA","2024-05-10",1.0022,0.960201,0.557252,0.105537,0.0780215,0.0701796,1.2,NA,8.79,NA,NA,NA,NA,NA,NA,NA,NA,NA,NA,NA,NA,NA,NA,14.9,4375,115.4,115.1,29,NA,97.7,14.5,0
"54","1",2024-05-22,"SDNWA","2024-05-23",1.10767,1.06309,0.618237,0.120362,0.0901729,0.081527,1.2,NA,NA,NA,NA,NA,NA,NA,NA,NA,NA,NA,NA,NA,NA,NA,NA,NA,NA,NA,NA,NA,NA,NA,NA,NA
"55","1",2024-05-23,"SDNWA",NA,NA,NA,NA,NA,NA,NA,NA,NA,8.61,NA,NA,NA,NA,NA,NA,NA,NA,NA,NA,NA,NA,NA,NA,10.6,4260,88.1,9.5,13,NA,-34.1,9.1,100
"56","1",2024-06-05,"SDNWA","2024-06-06",1.19971,1.15099,0.670264,0.132147,0.099191,0.0896483,1.2,NA,8.56,NA,NA,NA,NA,NA,NA,NA,NA,NA,NA,NA,NA,NA,NA,14.1,4923,84.3,8.55,7,NA,-8.2,13.2,100
"57","1",2024-06-19,"SDNWA","2024-06-20",1.1765,1.12919,0.659533,0.132598,0.0999834,0.0907281,1.2,NA,8.4,NA,NA,NA,NA,NA,NA,NA,NA,NA,NA,NA,NA,NA,NA,16.2,5091,87.2,8.4,7,NA,-13.8,12.9,30
"58","1",2024-07-03,"SDNWA","2024-07-04",1.23534,1.18359,0.695784,0.152705,0.116702,0.106125,1.2,NA,8.14,NA,NA,NA,NA,NA,NA,NA,NA,NA,NA,NA,NA,NA,NA,21,5731,100.6,8.8,8,NA,-17.4,21.1,0
"59","1",2024-07-18,"SDNWA","2024-07-19",1.30597,1.25123,0.723986,0.144511,0.107547,0.0968019,1.2,NA,8.97,NA,NA,NA,NA,NA,NA,NA,NA,NA,NA,NA,NA,NA,NA,27.4,6922,182.8,14.18,7.62,NA,-1.3,29.8,0
"60","1",2024-08-06,"SDNWA",NA,NA,NA,NA,NA,NA,NA,NA,NA,8.43,NA,NA,NA,NA,NA,NA,NA,NA,NA,NA,NA,NA,NA,NA,23.4,6565,6.4,0.53,10.16,NA,-127.1,24,0
"61","1",2024-08-14,"SDNWA","2024-08-15",1.45848,1.39999,0.811171,0.163732,0.122642,0.110445,1.2,NA,8.47666666666667,NA,NA,NA,NA,NA,NA,NA,NA,NA,NA,NA,NA,NA,NA,22.1333333333333,6738.66666666667,96.2333333333333,8.14333333333333,1,0.416666666666667,40.1,21.5,0
"62","100",2006-07-20,"SDNWA",NA,NA,NA,NA,NA,NA,NA,NA,NA,7.34,NA,7.975,60.2,1.979069767,NA,0.749848837367901,0.0323817108860992,0.00150370183222674,4.318431832,NA,NA,0.3207871,86.91,NA,20.23,501,NA,3,NA,NA,NA,NA,NA
"63","104",2006-07-21,"SDNWA",NA,NA,NA,NA,NA,NA,NA,NA,NA,7.09,NA,0.947,31.11,3.167695275,NA,1.65,0.109802209698806,NA,6.654679376,NA,NA,0.3403634,59.45,NA,18.01,304,NA,2.06,NA,NA,NA,NA,NA
"64","109",2006-07-21,"SDNWA",NA,NA,NA,NA,NA,NA,NA,NA,NA,6.93,NA,2.887,43.11,1.04346903265518,NA,1.95502168636797,0.164856288238859,NA,8.432453174,NA,NA,6.017085,65.03,NA,18.02,300,NA,1.08,NA,NA,NA,NA,NA
"65","109",2008-05-12,"SDNWA",NA,NA,NA,NA,NA,NA,NA,NA,NA,6.59,NA,51.06,15.77,2.71959416613824,NA,2.04684498708519,0.58446902641311,NA,28.5546306682179,159.903439382853,0.973127682847755,NA,NA,NA,9.35,514,NA,2.45,NA,NA,NA,NA,NA
"66","109",2008-06-09,"SDNWA",NA,NA,NA,NA,NA,NA,NA,NA,NA,7.85,NA,49.21,19.09,3.10701938187533,NA,5.40625377935822,2.57532981966706,NA,47.6361252129896,453.261466465358,35.5673882288629,NA,NA,NA,16.96,501,NA,10.97,NA,NA,NA,NA,NA
"67","109",2008-07-14,"SDNWA",NA,NA,NA,NA,NA,NA,NA,NA,NA,7.43,NA,31.21,22.11,3.01763907734057,NA,4.93807035163868,2.22928502203533,NA,45.1448615205645,91.7406153003676,27.689041824725,NA,NA,NA,19.77,526,NA,8.75,NA,NA,NA,NA,NA
"68","109",2008-08-11,"SDNWA",NA,NA,NA,NA,NA,NA,NA,NA,NA,7.6,NA,17.24,27.3,2.88384615384615,NA,7.63973199469283,NA,NA,0,113.691597452857,52.5248567742269,NA,NA,NA,23.31,569,NA,9.3,NA,NA,NA,NA,NA
"69","109",2010-06-01,"SDNWA",NA,NA,NA,NA,NA,NA,NA,NA,NA,7.03,NA,NA,11.87,4.95711878685762,NA,7.05824707946221,2.165,NA,30.6733382329392,NA,NA,NA,NA,NA,10.13,487,NA,2.8,NA,NA,NA,NA,NA
"70","109",2010-07-06,"SDNWA",NA,NA,NA,NA,NA,NA,NA,NA,NA,7.06,NA,NA,20.9,3.43555023923445,NA,11.2958252626385,2.231,NA,19.7506596297938,NA,NA,NA,NA,NA,15.73,639,NA,2.72,NA,NA,NA,NA,NA
"71","109",2010-08-04,"SDNWA",NA,NA,NA,NA,NA,NA,NA,NA,NA,6.63,NA,NA,29.12,2.97043269230769,NA,8.23008322962259,1.7143,NA,20.8296799943615,NA,NA,NA,NA,NA,16.92,705,NA,1.88,NA,NA,NA,NA,NA
"72","109",2021-05-23,"SDNWA",NA,NA,NA,NA,NA,NA,NA,NA,NA,8.25,NA,NA,NA,NA,NA,NA,0.212,NA,NA,NA,NA,NA,NA,4.7367008,16.7,1959,NA,NA,20,NA,140.2,18.4,80
"73","109",2021-06-07,"SDNWA",NA,0.862892,0.771245,0.538761,0.122839,0.0916754,0.0847608,1.2,NA,9.56,NA,1388.26,30.51,NA,NA,NA,0.457,NA,NA,NA,NA,73.27,NA,10.06600316,22.7,2376,13.8,11.28,16,NA,NA,18.8,50
"74","109",2021-06-23,"SDNWA","2021-06-25",0.841286,0.841324,0.589198,0.132967,0.0985474,0.0910373,1.2,NA,9.78,NA,1432.79,30.24,NA,NA,NA,0.533150104,NA,NA,NA,NA,60.35,NA,5.9975082,22.9,2551,125.8,10.58,22,NA,23.3,19.3,80
"75","109",2021-07-06,"SDNWA","2021-07-07",1.04358,1.12993,0.754017,0.170441,0.128517,0.115342,1.2,NA,8.02,NA,1771.665,37.25,NA,NA,NA,0.201850307,NA,NA,NA,NA,48.31,NA,10.96022232,20.6,2603,97.3,8.58,14,NA,36,16,85
"76","109",2021-07-22,"SDNWA",NA,1.1799,1.30282,1.06009,0.262823,0.200457,0.179516,1.2,NA,7.8,NA,2615.045,48.78,NA,NA,NA,2.522245527,NA,NA,NA,NA,62.82,NA,55.0413784,30.8,2692,49.9,3.69,5,NA,-38.4,24.3,5
"77","109",2021-08-04,"SDNWA",NA,NA,NA,NA,NA,NA,NA,NA,NA,NA,NA,NA,NA,NA,NA,NA,NA,NA,NA,NA,NA,NA,NA,NA,NA,NA,NA,NA,NA,NA,NA,19.7,100
"78","109",2021-08-18,"SDNWA",NA,NA,NA,NA,NA,NA,NA,NA,NA,NA,NA,NA,NA,NA,NA,NA,NA,NA,NA,NA,NA,NA,NA,NA,NA,NA,NA,NA,NA,NA,NA,18,NA
"79","109",2021-09-01,"SDNWA",NA,NA,NA,NA,NA,NA,NA,NA,NA,NA,NA,NA,NA,NA,NA,NA,NA,NA,NA,NA,NA,NA,NA,NA,NA,NA,NA,NA,NA,NA,NA,NA,100
"80","109",2021-09-19,"SDNWA",NA,NA,NA,NA,NA,NA,NA,NA,NA,NA,NA,NA,NA,NA,NA,NA,NA,NA,NA,NA,NA,NA,NA,NA,NA,NA,NA,NA,NA,NA,NA,NA,NA
"81","109",2022-05-10,"SDNWA","2022-05-11",0.553515,0.534111,0.401339,0.129318,0.102097,0.0939804,1.2,NA,8.25,NA,212.04,11.1,NA,NA,NA,NA,NA,NA,NA,NA,29.41,NA,2.2487676,12.6,458.5,92.1,9.68,52,NA,2.6,10.6,98
"82","109",2022-05-24,"SDNWA","2022-05-26",0.617444,0.594076,0.436906,0.132181,0.10356,0.09465,1.2,NA,8.26,NA,241.89,13.02,NA,NA,NA,NA,NA,NA,NA,NA,38.7,NA,0.59196636,18,630,94.5,8.75,63,NA,28.1,19,NA
"83","109",2022-06-08,"SDNWA","2022-06-10",0.826865,0.796398,0.574055,0.168636,0.131067,0.119669,1.2,NA,7.98,NA,271.52,19.05,NA,NA,NA,NA,NA,NA,NA,NA,54.69,NA,6.7216311,NA,NA,NA,NA,NA,NA,NA,NA,NA
"84","109",2022-06-09,"SDNWA",NA,NA,NA,NA,NA,NA,NA,NA,NA,7.98,NA,NA,NA,NA,NA,NA,NA,NA,NA,NA,NA,NA,NA,NA,18,765,39.5,3.69,80,NA,20.9,15.6,100
"85","109",2022-06-21,"SDNWA","2022-06-23",0.962967,0.928695,0.658887,0.198479,0.155337,0.142496,1.2,NA,7.96,NA,225.06,21.36,NA,NA,NA,NA,NA,NA,NA,NA,60.15,NA,30.3378336,23.2,949,97.8,8.31,41,NA,56.2,19.8,5
"86","109",2022-07-06,"SDNWA","2022-07-07; 2022-07-08",0.3553495,0.342281,0.24464015,0.08242355,0.0671632,0.06244845,1.2,NA,7.6,NA,225.76,26.08,NA,NA,NA,NA,NA,NA,NA,NA,75.37,NA,36.129274116,19.4,933,70,6.28,15,NA,17.5,19.1,50
"87","109",2022-07-19,"SDNWA","2022-07-21",1.28033,1.23853,0.876682,0.265143,0.206682,0.18917,1.2,NA,7.81,NA,233.83,28.14,NA,NA,NA,NA,NA,NA,NA,NA,79.3,NA,37.951544,27,1084,84.2,6.5,39,NA,-21,23.5,2
"88","109",2022-08-03,"SDNWA","2022-08-04",1.23308,1.19262,0.832123,0.235464,0.180428,0.164366,1.2,NA,8.2,NA,260.39,30.005,NA,NA,NA,NA,NA,NA,NA,NA,80.51,NA,2.2214226,19.3,977,96.2,8.85,26.5,NA,45.9,18.8,10
"89","109",2022-08-16,"SDNWA","2022-08-17",1.24009,1.20136,0.83535,0.227844,0.174846,0.159159,1.2,NA,8.8,NA,280.55,31.08,NA,NA,NA,NA,NA,NA,NA,NA,77.55,NA,4.7486216,23.3,1099,113.5,9.3,19,NA,107.9,25.2,0
"90","109",2022-08-29,"SDNWA","2022-08-30",1.25722,1.21831,0.834702,0.22119,0.169084,0.153469,1.2,NA,9.15,NA,315.09,33.49,NA,NA,NA,NA,NA,NA,NA,NA,68.38,NA,5.37569,15.6,978,95.2,14.75,0,NA,-22.4,18.3,10
"91","109",2022-09-12,"SDNWA",NA,NA,NA,NA,NA,NA,NA,NA,NA,NA,NA,NA,NA,NA,NA,NA,NA,NA,NA,NA,NA,NA,NA,NA,NA,NA,NA,NA,NA,NA,NA,NA,NA
"92","109",2023-05-17,"SDNWA","2023-05-18",1.03089,0.993224,0.685906,0.176238,0.133498,0.120978,1.2,NA,8.17,NA,NA,33.37,NA,NA,NA,NA,NA,NA,NA,NA,58.465,NA,3.6296516,13.5,1710,133.9,9.29,10,NA,29.2,11.3,100
"93","109",2023-05-30,"SDNWA","2023-06-01",1.04957,1.01154,0.687099,0.16705,0.125644,0.113305,1.2,NA,8.24,NA,NA,NA,NA,NA,NA,NA,NA,NA,NA,NA,NA,NA,7.9580016,23.3,2269,111.8,9.43,18,NA,20,24.2,0
"94","109",2023-06-13,"SDNWA","2023-06-15",1.83873,1.78614,1.22444,0.304274,0.229976,0.208083,1.2,NA,8.51,NA,NA,NA,NA,NA,NA,NA,NA,NA,NA,NA,NA,NA,58.6344024,30.4,3631,124.2,9.09,1,NA,-21.3,23.1,0
"95","109",2023-06-27,"SDNWA",NA,NA,NA,NA,NA,NA,NA,NA,NA,NA,NA,NA,NA,NA,NA,NA,NA,NA,NA,NA,NA,NA,NA,NA,NA,NA,NA,NA,NA,NA,NA,NA,NA
"96","109",2023-07-11,"SDNWA",NA,NA,NA,NA,NA,NA,NA,NA,NA,NA,NA,NA,NA,NA,NA,NA,NA,NA,NA,NA,NA,NA,NA,NA,NA,NA,NA,NA,NA,NA,NA,NA,NA
"97","109",2023-07-20,"SDNWA",NA,NA,NA,NA,NA,NA,NA,NA,NA,NA,NA,NA,NA,NA,NA,NA,NA,NA,NA,NA,NA,NA,NA,NA,NA,NA,NA,NA,NA,NA,NA,NA,NA
"98","109",2023-08-15,"SDNWA",NA,NA,NA,NA,NA,NA,NA,NA,NA,NA,NA,NA,NA,NA,NA,NA,NA,NA,NA,NA,NA,NA,NA,NA,NA,NA,NA,NA,NA,NA,NA,NA,NA
"99","109",2024-04-26,"SDNWA","2024-04-25",0.961079,0.922483,0.709105,0.245748,0.194908,0.179204,1.2,NA,NA,NA,NA,NA,NA,NA,NA,NA,NA,NA,NA,NA,NA,NA,NA,NA,NA,NA,NA,NA,NA,NA,NA,NA
"100","109",2024-05-09,"SDNWA","2024-05-10",1.04452,1.0018,0.756648,0.250247,0.196521,0.180356,1.2,NA,7.58,NA,NA,NA,NA,NA,NA,NA,NA,NA,NA,NA,NA,NA,NA,17.8,448.3,63.5,6.12,22.5,NA,31.3,16.9,0
"101","109",2024-05-22,"SDNWA","2024-05-23",1.35297,1.30027,0.967457,0.315639,0.24791,0.227795,1.2,NA,NA,NA,NA,NA,NA,NA,NA,NA,NA,NA,NA,NA,NA,NA,NA,NA,NA,NA,NA,NA,NA,NA,NA,NA
"102","109",2024-05-23,"SDNWA",NA,NA,NA,NA,NA,NA,NA,NA,NA,7.54,NA,NA,NA,NA,NA,NA,NA,NA,NA,NA,NA,NA,NA,NA,13.3,480.4,87.1,9.45,17,NA,-8.2,10.7,100
"103","109",2024-06-05,"SDNWA","2024-06-06",1.43009,1.37735,1.00962,0.302352,0.236363,0.21704,1.2,NA,8.88,NA,NA,NA,NA,NA,NA,NA,NA,NA,NA,NA,NA,NA,NA,16.4,638,162.9,15.96,10,NA,39.7,14,100
"104","110",2006-07-21,"SDNWA",NA,NA,NA,NA,NA,NA,NA,NA,NA,6.96,NA,0.409,33.19,3.033142513,NA,0.674461959912812,0.0185271014507454,NA,2.746945351,NA,NA,0.4634659,71.78,NA,17.68,421,NA,0.92,NA,NA,NA,NA,NA
"105","113",2006-07-21,"SDNWA",NA,NA,NA,NA,NA,NA,NA,NA,NA,6.79,NA,3.613,28.27,2.85150336,NA,1.11924093992069,0.0461896283890904,NA,4.126870877,NA,NA,0.3923667,60.94,NA,18.66,367,NA,1.97,NA,NA,NA,NA,NA
"106","118",2006-07-21,"SDNWA",NA,NA,NA,NA,NA,NA,NA,NA,NA,7.08,NA,0.79,24.59,1.59721431484201,NA,1.28,0.0311625621219505,NA,2.434575166,NA,NA,16.7786387,59.83,NA,18.97,402,NA,2.45,NA,NA,NA,NA,NA
"107","118",2007-05-07,"SDNWA",NA,NA,NA,NA,NA,NA,NA,NA,NA,7.55,NA,2.4,14.474306,3.98665055167412,NA,3.2375739924214,0.1675,NA,NA,NA,NA,NA,NA,NA,9.25,168,NA,5.19,NA,NA,NA,NA,NA
"108","118",2008-05-13,"SDNWA",NA,NA,NA,NA,NA,NA,NA,NA,NA,7.12,NA,4.6,21.02,4.65737392959087,NA,4.40544744860015,0.290065222252844,NA,6.58423975401213,283.859517330775,24.8342640969644,NA,NA,NA,11.66,236,NA,10.04,NA,NA,NA,NA,NA
"109","118",2008-06-09,"SDNWA",NA,NA,NA,NA,NA,NA,NA,NA,NA,7.29,NA,2.29,29.38,4.92409802586794,NA,5.47413714673805,0.677163803776337,NA,12.3702381877635,758.466749082173,51.174980659199,NA,NA,NA,19.29,375,NA,12.31,NA,NA,NA,NA,NA
"110","118",2008-07-14,"SDNWA",NA,NA,NA,NA,NA,NA,NA,NA,NA,NA,NA,NA,NA,NA,NA,NA,NA,NA,NA,NA,NA,NA,NA,NA,NA,NA,NA,NA,NA,NA,NA,NA,NA
"111","118",2009-06-01,"SDNWA",NA,NA,NA,NA,NA,NA,NA,NA,NA,NA,NA,NA,NA,NA,NA,NA,NA,NA,NA,NA,NA,NA,NA,NA,NA,NA,NA,NA,NA,NA,NA,NA,NA
"112","118",2009-07-06,"SDNWA",NA,NA,NA,NA,NA,NA,NA,NA,NA,NA,NA,NA,NA,NA,NA,NA,NA,NA,NA,NA,NA,NA,NA,NA,NA,NA,NA,NA,NA,NA,NA,NA,NA
"113","118",2010-06-01,"SDNWA",NA,NA,NA,NA,NA,NA,NA,NA,NA,6.3,NA,NA,10.62,7.67768361581921,NA,5.14489947372322,0.4892,NA,9.5084462290957,NA,NA,NA,NA,NA,7.64,276,NA,6.15,NA,NA,NA,NA,NA
"114","118",2010-07-06,"SDNWA",NA,NA,NA,NA,NA,NA,NA,NA,NA,6.39,NA,NA,24.03,4.07732001664586,NA,4.9498430284323,0.343,NA,6.92951267403391,NA,NA,NA,NA,NA,14.49,228,NA,2.05,NA,NA,NA,NA,NA
"115","118",2010-08-04,"SDNWA",NA,NA,NA,NA,NA,NA,NA,NA,NA,NA,NA,NA,NA,NA,NA,NA,NA,NA,NA,NA,NA,NA,NA,NA,NA,NA,NA,NA,NA,NA,NA,NA,NA
"116","118",2011-05-31,"SDNWA",NA,NA,NA,NA,NA,NA,NA,NA,NA,6.86,NA,NA,21.2,NA,108,2.12,0.495,NA,23.3490566037736,NA,NA,NA,NA,NA,12.39,291,NA,9.12,NA,NA,NA,NA,NA
"117","118",2011-06-29,"SDNWA",NA,NA,NA,NA,NA,NA,NA,NA,NA,6.65,NA,NA,38.91,NA,124,3.245,1.1551,NA,35.5963020030817,NA,NA,NA,NA,NA,18.3,378,NA,6.44,NA,NA,NA,NA,NA
"118","118",2011-07-28,"SDNWA",NA,NA,NA,NA,NA,NA,NA,NA,NA,6.8,NA,NA,29.58,NA,53,1.87,2.173,NA,116.20320855615,NA,NA,NA,NA,NA,18.52,443,NA,4.89,NA,NA,NA,NA,NA
"119","118",2011-08-22,"SDNWA",NA,NA,NA,NA,NA,NA,NA,NA,NA,6.82,NA,NA,28.66,NA,2,1.285,0.4173,NA,32.4747081712062,NA,NA,NA,NA,NA,14.65,471,NA,3.56,NA,NA,NA,NA,NA
"120","118",2012-05-31,"SDNWA",NA,NA,NA,NA,NA,NA,NA,NA,NA,7.2,NA,NA,39.5,1.5299746835443,59,2.7582517708091,1.55182758546777,NA,56.2612739667548,NA,NA,NA,NA,NA,14.6,666,NA,4.14,NA,NA,NA,NA,NA
"121","118",2012-06-28,"SDNWA",NA,NA,NA,NA,NA,NA,NA,NA,NA,7.34,NA,NA,77.56,1.01812790097989,118,4.64547307098681,1.50679867469525,NA,32.4358499483277,NA,NA,NA,NA,NA,17.57,964,NA,2.69,NA,NA,NA,NA,NA
"122","118",2012-07-26,"SDNWA",NA,NA,NA,NA,NA,NA,NA,NA,NA,7.03,NA,NA,112.48,0.809690611664296,47,7.98490659473261,2.78873552106847,NA,34.925086323591,NA,NA,NA,NA,NA,17.54,1068,NA,4.82,NA,NA,NA,NA,NA
"123","118",2012-08-30,"SDNWA",NA,NA,NA,NA,NA,NA,NA,NA,NA,7.59,NA,NA,153.5,0.42914006514658,100,2.96590653915456,0.806357028928312,NA,27.1875400752907,NA,NA,NA,NA,NA,16.4,1028,NA,7.42,NA,NA,NA,NA,NA
"124","118",2020-06-11,"SDNWA",NA,NA,NA,NA,NA,NA,NA,NA,NA,6.08,NA,147.55,25.2,NA,NA,NA,NA,NA,NA,NA,NA,NA,NA,NA,15.8,710,NA,0.66,50,NA,NA,NA,NA
"125","118",2020-06-29,"SDNWA",NA,NA,NA,NA,NA,NA,NA,NA,"NO YSI",NA,NA,164.33,33.9,0.0338525073746313,NA,NA,NA,NA,NA,NA,NA,NA,NA,NA,NA,NA,NA,NA,21,NA,NA,NA,NA
"126","118",2020-07-15,"SDNWA",NA,NA,NA,NA,NA,NA,NA,NA,NA,8.51,NA,163.99,34.1,NA,NA,NA,NA,NA,NA,NA,NA,NA,NA,NA,19.7,572,134.9,12.55,23.5,NA,NA,NA,NA
"127","118",2020-07-29,"SDNWA",NA,NA,NA,NA,NA,NA,NA,NA,NA,8.16,NA,183.42,37.4,NA,NA,NA,NA,NA,NA,NA,NA,NA,NA,NA,24,843,142.5,11.86,19,NA,NA,NA,NA
"128","118",2020-08-12,"SDNWA",NA,NA,NA,NA,NA,NA,NA,NA,NA,NA,NA,NA,NA,NA,NA,NA,NA,NA,NA,NA,NA,NA,NA,NA,NA,NA,NA,NA,NA,NA,NA,NA,NA
"129","118",2020-08-23,"SDNWA",NA,NA,NA,NA,NA,NA,NA,NA,NA,NA,NA,NA,NA,NA,NA,NA,NA,NA,NA,NA,NA,NA,NA,NA,NA,NA,NA,NA,NA,NA,NA,NA,NA
"130","118",2020-09-05,"SDNWA",NA,NA,NA,NA,NA,NA,NA,NA,NA,NA,NA,NA,NA,NA,NA,NA,NA,NA,NA,NA,NA,NA,NA,NA,NA,NA,NA,NA,NA,NA,NA,NA,NA
"131","118",2020-09-20,"SDNWA",NA,NA,NA,NA,NA,NA,NA,NA,NA,NA,NA,NA,NA,NA,NA,NA,NA,NA,NA,NA,NA,NA,NA,NA,NA,NA,NA,NA,NA,NA,NA,NA,NA
"132","118",2020-10-04,"SDNWA",NA,NA,NA,NA,NA,NA,NA,NA,NA,NA,NA,NA,NA,NA,NA,NA,NA,NA,NA,NA,NA,NA,NA,NA,NA,NA,NA,NA,NA,NA,NA,NA,NA
"133","118",2021-05-23,"SDNWA",NA,1.38651,1.07621,0.851365,0.219658,0.161161,0.147479,1.2,NA,7.77,NA,540.63,38.9,NA,NA,NA,0.153,NA,NA,NA,NA,82.72,NA,4.59373016,25,1549,NA,NA,5,NA,16.4,20,35
"134","118",2021-06-07,"SDNWA",NA,1.13768,1.10435,0.788612,0.208965,0.15836,0.146175,1.2,NA,8.83,NA,759.585,37.23,NA,NA,NA,0.087,NA,NA,NA,NA,84.16,NA,71.1824692,22.8,1618,113,11.46,15,NA,NA,20,10
"135","118",2022-05-10,"SDNWA","2022-05-11",1.0998,1.05212,0.816558,0.289919,0.22751,0.208539,1.2,NA,7.8,NA,30.52,18.86,NA,NA,NA,NA,NA,NA,NA,NA,26.09,NA,2.4191638,12.3,150.6,93.5,9.7,30,NA,9.2,11,98
"136","118",2022-05-24,"SDNWA","2022-05-26",1.28312,1.22765,0.938887,0.313084,0.243113,0.221995,1.2,NA,7.3,NA,25.69,22.92,NA,NA,NA,NA,NA,NA,NA,NA,29.81,NA,2.1730462,15.4,280.1,66.9,6.64,29,NA,97.8,14.9,50
"137","118",2022-06-08,"SDNWA","2022-06-10",1.79406,1.72233,1.30611,0.411141,0.31634,0.288522,1.2,NA,7.91,NA,14.55,33.55,NA,NA,NA,NA,NA,NA,NA,NA,70.39,NA,24.358659932,NA,NA,NA,NA,NA,NA,NA,NA,NA
"138","118",2022-06-09,"SDNWA",NA,NA,NA,NA,NA,NA,NA,NA,NA,7.91,NA,NA,NA,NA,NA,NA,NA,NA,NA,NA,NA,NA,NA,NA,15,504,76.2,7.67,10,NA,-67.5,15.4,100
"139","118",2022-06-21,"SDNWA","2022-06-23",1.07532,1.03369,0.777674,0.236337,0.181068,0.164782,1.2,NA,8.79,NA,14.425,38.59,NA,NA,NA,NA,NA,NA,NA,NA,57.66,NA,117.8107492,27.1,582,108.9,8.62,3,NA,77.1,22.9,NA
"140","118",2022-07-06,"SDNWA",NA,NA,NA,NA,NA,NA,NA,NA,NA,NA,NA,NA,NA,NA,NA,NA,NA,NA,NA,NA,NA,NA,NA,NA,NA,NA,NA,NA,NA,NA,NA,NA,NA
"141","118",2022-07-19,"SDNWA",NA,NA,NA,NA,NA,NA,NA,NA,NA,NA,NA,NA,NA,NA,NA,NA,NA,NA,NA,NA,NA,NA,NA,NA,NA,NA,NA,NA,NA,NA,NA,NA,NA
"142","118",2022-08-03,"SDNWA",NA,NA,NA,NA,NA,NA,NA,NA,NA,NA,NA,NA,NA,NA,NA,NA,NA,NA,NA,NA,NA,NA,NA,NA,NA,NA,NA,NA,NA,NA,NA,NA,NA
"143","118",2022-08-16,"SDNWA",NA,NA,NA,NA,NA,NA,NA,NA,NA,NA,NA,NA,NA,NA,NA,NA,NA,NA,NA,NA,NA,NA,NA,NA,NA,NA,NA,NA,NA,NA,NA,NA,NA
"144","118",2022-08-29,"SDNWA",NA,NA,NA,NA,NA,NA,NA,NA,NA,NA,NA,NA,NA,NA,NA,NA,NA,NA,NA,NA,NA,NA,NA,NA,NA,NA,NA,NA,NA,NA,NA,NA,NA
"145","118",2022-09-12,"SDNWA",NA,NA,NA,NA,NA,NA,NA,NA,NA,NA,NA,NA,NA,NA,NA,NA,NA,NA,NA,NA,NA,NA,NA,NA,NA,NA,NA,NA,NA,NA,NA,NA,NA
"146","118",2023-05-17,"SDNWA",NA,NA,NA,NA,NA,NA,NA,NA,NA,NA,NA,NA,NA,NA,NA,NA,NA,NA,NA,NA,NA,NA,NA,NA,NA,NA,NA,NA,NA,NA,NA,NA,NA
"147","118",2023-05-30,"SDNWA",NA,NA,NA,NA,NA,NA,NA,NA,NA,NA,NA,NA,NA,NA,NA,NA,NA,NA,NA,NA,NA,NA,NA,NA,NA,NA,NA,NA,NA,NA,NA,NA,NA
"148","118",2023-06-13,"SDNWA",NA,NA,NA,NA,NA,NA,NA,NA,NA,NA,NA,NA,NA,NA,NA,NA,NA,NA,NA,NA,NA,NA,NA,NA,NA,NA,NA,NA,NA,NA,NA,NA,NA
"149","118",2023-06-27,"SDNWA",NA,NA,NA,NA,NA,NA,NA,NA,NA,NA,NA,NA,NA,NA,NA,NA,NA,NA,NA,NA,NA,NA,NA,NA,NA,NA,NA,NA,NA,NA,NA,NA,NA
"150","118",2023-07-11,"SDNWA",NA,NA,NA,NA,NA,NA,NA,NA,NA,NA,NA,NA,NA,NA,NA,NA,NA,NA,NA,NA,NA,NA,NA,NA,NA,NA,NA,NA,NA,NA,NA,NA,NA
"151","118",2023-07-20,"SDNWA",NA,NA,NA,NA,NA,NA,NA,NA,NA,NA,NA,NA,NA,NA,NA,NA,NA,NA,NA,NA,NA,NA,NA,NA,NA,NA,NA,NA,NA,NA,NA,NA,NA
"152","118",2023-08-15,"SDNWA",NA,NA,NA,NA,NA,NA,NA,NA,NA,NA,NA,NA,NA,NA,NA,NA,NA,NA,NA,NA,NA,NA,NA,NA,NA,NA,NA,NA,NA,NA,NA,NA,NA
"153","118",2024-04-25,"SDNWA",NA,NA,NA,NA,NA,NA,NA,NA,NA,7.35,NA,NA,NA,NA,NA,NA,NA,NA,NA,NA,NA,NA,NA,NA,11.9,164.4,44.4,4.81,30,NA,123.5,15.5,10
"154","118",2024-04-26,"SDNWA","2024-04-25",0.907335,0.870999,0.675182,0.243312,0.1925,0.17704,1.2,NA,NA,NA,NA,NA,NA,NA,NA,NA,NA,NA,NA,NA,NA,NA,NA,NA,NA,NA,NA,NA,NA,NA,NA,NA
"155","118",2024-05-09,"SDNWA","2024-05-10",1.34491,1.28997,0.988449,0.34289,0.267093,0.243941,1.2,NA,7.37,NA,NA,NA,NA,NA,NA,NA,NA,NA,NA,NA,NA,NA,NA,18.9,264.4,33.6,3.42,10,NA,-4.1,15.7,0
"156","124",2021-05-19,"SDNWA","2021-05-23",1.36993,2.03471,1.44324,0.320473,0.234828,0.21052,1.2,NA,8.33,NA,6165.725,90.6,NA,NA,NA,0.303,NA,NA,NA,NA,109.37,NA,7.93656292,14.6,6201,NA,NA,24.1,NA,149.2,12,0
"157","124",2021-06-07,"SDNWA",NA,1.58796,2.80165,1.53658,0.358881,0.266605,0.242162,1.2,NA,9.13,NA,6566.95,102.67,NA,NA,NA,3.14,NA,NA,NA,NA,110.38,NA,4.072188,20.3,7684,NA,NA,14,NA,-10,15.9,100
"158","124",2021-06-23,"SDNWA",NA,1.63912,1.68672,1.73429,0.444958,0.3243241,0.295109,1.2,NA,9.75,NA,8633.435,134.37,NA,NA,NA,0.698936184,NA,NA,NA,NA,57.71,NA,7.5327812,22.4,9581,25.6,16.69,8,NA,2.7,19.5,40
"159","124",2021-07-06,"SDNWA","2021-07-07",2.034417,2.91486,1.48044,0.333483,0.246255,0.22809,1.2,NA,8.45,NA,12287.845,140.53,NA,NA,NA,0.718624135,NA,NA,NA,NA,63.74,NA,29.53571136,21.7,11688,80.1,6.6,6,NA,-36.4,16.4,100
"160","124",2021-07-22,"SDNWA",NA,NA,NA,NA,NA,NA,NA,NA,NA,NA,NA,NA,NA,NA,NA,NA,NA,NA,NA,NA,NA,NA,NA,NA,NA,NA,NA,NA,NA,NA,NA,23.4,40
"161","124",2021-08-04,"SDNWA",NA,NA,NA,NA,NA,NA,NA,NA,NA,NA,NA,NA,NA,NA,NA,NA,NA,NA,NA,NA,NA,NA,NA,NA,NA,NA,NA,NA,NA,NA,NA,19.6,100
"162","124",2021-08-18,"SDNWA",NA,NA,NA,NA,NA,NA,NA,NA,NA,NA,NA,NA,NA,NA,NA,NA,NA,NA,NA,NA,NA,NA,NA,NA,NA,NA,NA,NA,NA,NA,NA,16.4,100
"163","124",2021-09-01,"SDNWA",NA,NA,NA,NA,NA,NA,NA,NA,NA,NA,NA,NA,NA,NA,NA,NA,NA,NA,NA,NA,NA,NA,NA,NA,NA,NA,NA,NA,NA,NA,NA,NA,100
"164","124",2021-09-19,"SDNWA",NA,NA,NA,NA,NA,NA,NA,NA,NA,NA,NA,NA,NA,NA,NA,NA,NA,NA,NA,NA,NA,NA,NA,NA,NA,NA,NA,NA,NA,NA,NA,NA,NA
"165","124",2022-05-10,"SDNWA","2022-05-11",1.31613,1.27046,0.866164,0.210072,0.157489,0.142141,1.2,NA,9.1,NA,3478.825,38.52,NA,NA,NA,NA,NA,NA,NA,NA,28.99,NA,2.50843488,10.9,3663,122.5,13.1,12.5,NA,6.3,9.8,100
"166","124",2022-05-24,"SDNWA","2022-05-26",1.36792,1.31804,0.88182,0.207766,0.154931,0.139393,1.2,NA,8.79,NA,4542.355,41.51,NA,NA,NA,NA,NA,NA,NA,NA,41.38,NA,4.17715584,19.7,5557,108.1,10,23,NA,-16,16.3,15
"167","124",2022-06-08,"SDNWA","2022-06-10",2.52076,2.45584,1.64945,0.367054,0.270156,0.242428,1.2,NA,8.37,NA,7653.3,83.11,NA,NA,NA,NA,NA,NA,NA,NA,57.68,NA,4.73956712,28.4,10626,114.8,8.02,13,NA,-108.6,18.6,70
"168","124",2022-06-21,"SDNWA","2022-06-23",1.21864,1.17252,0.766776,0.186704,0.139517,0.126021,1.2,NA,8.28,NA,6353.845,69.37,NA,NA,NA,NA,NA,NA,NA,NA,65.11,NA,50.54239755,23.9,8383,106.3,8.61,10.9,NA,34,19.8,95
"169","124",2022-07-06,"SDNWA","2022-07-07; 2022-07-08",0.8439848,0.812008,0.52114835,0.1257476,0.0939806,0.08474955,1.2,NA,7.88,NA,8451.69,93.94,NA,NA,NA,NA,NA,NA,NA,NA,98.44,NA,16.201881296,28.1,11995,118.6,9.22,9,NA,48.5,18.3,85
"170","124",2022-07-19,"SDNWA",NA,NA,NA,NA,NA,NA,NA,NA,NA,NA,NA,NA,NA,NA,NA,NA,NA,NA,NA,NA,NA,NA,NA,NA,NA,NA,NA,NA,NA,NA,NA,NA,NA
"171","124",2022-08-03,"SDNWA",NA,NA,NA,NA,NA,NA,NA,NA,NA,NA,NA,NA,NA,NA,NA,NA,NA,NA,NA,NA,NA,NA,NA,NA,NA,NA,NA,NA,NA,NA,NA,NA,NA
"172","124",2022-08-16,"SDNWA",NA,NA,NA,NA,NA,NA,NA,NA,NA,NA,NA,NA,NA,NA,NA,NA,NA,NA,NA,NA,NA,NA,NA,NA,NA,NA,NA,NA,NA,NA,NA,NA,NA
"173","124",2022-08-29,"SDNWA",NA,NA,NA,NA,NA,NA,NA,NA,NA,NA,NA,NA,NA,NA,NA,NA,NA,NA,NA,NA,NA,NA,NA,NA,NA,NA,NA,NA,NA,NA,NA,NA,NA
"174","124",2022-09-12,"SDNWA",NA,NA,NA,NA,NA,NA,NA,NA,NA,NA,NA,NA,NA,NA,NA,NA,NA,NA,NA,NA,NA,NA,NA,NA,NA,NA,NA,NA,NA,NA,NA,NA,NA
"175","124",2023-05-17,"SDNWA",NA,NA,NA,NA,NA,NA,NA,NA,NA,NA,NA,NA,NA,NA,NA,NA,NA,NA,NA,NA,NA,NA,NA,NA,NA,NA,NA,NA,NA,NA,NA,NA,NA
"176","124",2023-05-30,"SDNWA",NA,NA,NA,NA,NA,NA,NA,NA,NA,NA,NA,NA,NA,NA,NA,NA,NA,NA,NA,NA,NA,NA,NA,NA,NA,NA,NA,NA,NA,NA,NA,NA,NA
"177","124",2023-06-13,"SDNWA",NA,NA,NA,NA,NA,NA,NA,NA,NA,NA,NA,NA,NA,NA,NA,NA,NA,NA,NA,NA,NA,NA,NA,NA,NA,NA,NA,NA,NA,NA,NA,NA,NA
"178","124",2023-06-27,"SDNWA",NA,NA,NA,NA,NA,NA,NA,NA,NA,NA,NA,NA,NA,NA,NA,NA,NA,NA,NA,NA,NA,NA,NA,NA,NA,NA,NA,NA,NA,NA,NA,NA,NA
"179","124",2023-07-11,"SDNWA",NA,NA,NA,NA,NA,NA,NA,NA,NA,NA,NA,NA,NA,NA,NA,NA,NA,NA,NA,NA,NA,NA,NA,NA,NA,NA,NA,NA,NA,NA,NA,NA,NA
"180","124",2023-07-20,"SDNWA",NA,NA,NA,NA,NA,NA,NA,NA,NA,NA,NA,NA,NA,NA,NA,NA,NA,NA,NA,NA,NA,NA,NA,NA,NA,NA,NA,NA,NA,NA,NA,NA,NA
"181","124",2023-08-15,"SDNWA",NA,NA,NA,NA,NA,NA,NA,NA,NA,NA,NA,NA,NA,NA,NA,NA,NA,NA,NA,NA,NA,NA,NA,NA,NA,NA,NA,NA,NA,NA,NA,NA,NA
"182","125",2020-06-11,"SDNWA",NA,NA,NA,NA,NA,NA,NA,NA,NA,6.26,NA,2298.47,48.6,NA,NA,NA,NA,NA,NA,NA,NA,NA,NA,NA,22.64,3828,7.5,0.63,NA,NA,NA,NA,NA
"183","125",2020-07-15,"SDNWA",NA,NA,NA,NA,NA,NA,NA,NA,NA,8.59333333333333,NA,1220.765,53.1,NA,NA,NA,NA,NA,NA,NA,NA,NA,NA,NA,22.35,3538.5,96.75,8.38,7.8,NA,NA,NA,NA
"184","125",2020-07-29,"SDNWA",NA,NA,NA,NA,NA,NA,NA,NA,NA,8.56,NA,228.43,53.3,NA,NA,NA,NA,NA,NA,NA,NA,NA,NA,NA,25.3,3858,93.8,7.68,16,NA,NA,NA,NA
"185","125",2020-08-12,"SDNWA",NA,NA,NA,NA,NA,NA,NA,NA,NA,8.57,"0.03",2690.69,55.6,NA,NA,NA,NA,NA,NA,NA,NA,NA,NA,NA,19.7,3541,101.4,9.2,10,NA,NA,NA,NA
"186","125",2020-08-23,"SDNWA",NA,NA,NA,NA,NA,NA,NA,NA,NA,8.45,NA,2952.1,59,NA,NA,NA,NA,NA,NA,NA,NA,NA,NA,NA,22,4178,100.4,8.6,12.5,NA,NA,NA,NA
"187","125",2020-09-05,"SDNWA",NA,NA,NA,NA,NA,NA,NA,NA,NA,8.49,NA,3035.37,61.5,NA,NA,NA,NA,NA,NA,NA,NA,NA,NA,NA,17.1,3939,113.1,10.74,13,NA,NA,NA,NA
"188","125",2020-09-20,"SDNWA",NA,NA,NA,NA,NA,NA,NA,NA,NA,8.625,NA,3014.315,71.45,NA,NA,NA,NA,NA,NA,NA,NA,NA,NA,NA,14.15,1839.1,89.25,9.105,13,NA,NA,NA,NA
"189","125",2020-10-04,"SDNWA",NA,NA,NA,NA,NA,NA,NA,NA,NA,8.47,NA,3173.33,63.9,NA,NA,NA,NA,NA,NA,NA,NA,NA,NA,NA,11.4,3607,107.4,11.53,11,NA,NA,NA,NA
"190","125",2021-05-19,"SDNWA",NA,1.14142,1.42008,0.893069,0.178607,0.131462,0.117327,1.2,NA,8.76,NA,3553.36,65.45,NA,NA,NA,0.239,NA,NA,NA,NA,87.84,NA,64.6485526666667,15.4,8064,NA,NA,29,NA,167,10.4,0
"191","125",2021-06-06,"SDNWA",NA,1.58493,1.59098,0.901718,0.190359,0.140727,0.129487,1.2,NA,9.42,NA,3835.295,68.66,NA,NA,NA,0.559,NA,NA,NA,NA,83.29,NA,5.35816668,19.8,4662,NA,NA,6.5,NA,NA,16,5
"192","125",2021-06-22,"SDNWA",NA,NA,NA,NA,NA,NA,NA,NA,NA,9.57,NA,3979.07,73.25,NA,NA,NA,0.19701512,NA,NA,NA,NA,86.72,NA,173.592087,24.8,5579,163.6,13.34,9,NA,9.4,22.3,65
"193","125",2021-06-23,"SDNWA",NA,1.34214,1.34299,0.99839,0.209507,0.157969,0.144681,1.2,NA,NA,NA,NA,NA,NA,NA,NA,NA,NA,NA,NA,NA,NA,NA,NA,NA,NA,NA,NA,NA,NA,NA,NA,NA
"194","125",2021-07-06,"SDNWA",NA,2.20686,1.84023,1.0742,0.22302,0.164693,0.149528,1.2,NA,8.23,NA,4575.53,67.83,NA,NA,NA,0.474916219,NA,NA,NA,NA,78.9,NA,179.12841,20.4,5476,66.6,5.08,6.5,NA,-125,15.7,100
"195","125",2021-07-22,"SDNWA","2021-07-23",1.15183,1.35477,1.11288,0.252961,0.186144,0.167746,1.2,NA,8.46,NA,5113.89,75.33,NA,NA,NA,0.093290938,NA,NA,NA,NA,77.09,NA,519.2981465,25.2,6674,154.3,12.36,7,NA,108.6,21.7,40
"196","125",2021-08-04,"SDNWA",NA,2.04366,1.85737,1.35301,0.282847,0.208828,0.1899244,1.2,NA,8.53,NA,5623.18,81.73,NA,NA,NA,0.426832943,NA,NA,NA,NA,71.76,NA,185.417846,27.2,6681,116.4,10.08,6,NA,35.4,18.6,100
"197","125",2021-08-18,"SDNWA",NA,NA,NA,NA,NA,NA,NA,NA,NA,8.89,NA,6083.955,107.54,NA,NA,NA,0.176597489,NA,NA,NA,NA,72.25,NA,416.29596,18.6,6730,170.1,15.12,4,NA,-83.5,12.8,100
"198","125",2021-09-01,"SDNWA",NA,NA,NA,NA,NA,NA,NA,NA,NA,9.08,NA,5559.915,103.4,NA,NA,NA,0.18083398,NA,NA,NA,NA,81.4,NA,NA,16.3,5143,90,8.7,5,NA,-69.4,14.2,100
"199","125",2021-09-19,"SDNWA",NA,NA,NA,NA,NA,NA,NA,NA,NA,9.19,NA,6455.31,109.46,NA,NA,NA,0.106580578,NA,NA,NA,NA,86.91,NA,207.8373272,14.5,6286,109.4,10.7,NA,NA,-7.6,NA,20
"200","125",2022-05-10,"SDNWA","2022-05-11",1.26883,1.2174,0.723867,0.147388,0.109036,0.0983662,1.2,NA,8.81,NA,3378.95,47.01,NA,NA,NA,NA,NA,NA,NA,NA,45.47,NA,23.5560701333333,11,3650,92.5,9.7,37,NA,57.2,8.3,100
"201","125",2022-05-24,"SDNWA","2022-05-26",1.37763,1.31999,0.719726,0.161599,0.119816,0.107471,1.2,NA,8.44,NA,3641.44,50.73,NA,NA,NA,NA,NA,NA,NA,NA,54.73,NA,21.123296,16.8,4464,96.3,9.1,46.5,NA,7,14.8,15
"202","125",2022-06-08,"SDNWA","2022-06-10",1.66237,1.59669,0.950778,0.192312,0.14193,0.127688,1.2,NA,8.23,NA,4497.135,61.25,NA,NA,NA,NA,NA,NA,NA,NA,65.11,NA,33.0499118666667,20.9,6161,42.7,3.5,30,NA,-78.3,19.1,40
"203","125",2022-06-21,"SDNWA","2022-06-23",0.479422,0.46002,0.275411,0.0620412,0.0472158,0.0430854,1.2,NA,7.88,NA,4280.585,63.7,NA,NA,NA,NA,NA,NA,NA,NA,62.27,NA,8.38048388,19.8,5961,35.5,3.83,18,NA,-24.8,15,95
"204","125",2022-07-06,"SDNWA","2022-07-07; 2022-07-08",0.516026,0.49372255,0.2994249,0.07540465,0.0589303,0.05412315,1.2,NA,7.84,NA,5005.48,69.49,NA,NA,NA,NA,NA,NA,NA,NA,65.99,NA,5.77076524,19.5,6575,15,1.35,18,NA,3.7,18,40
"205","125",2022-07-19,"SDNWA","2022-07-21",2.2139,2.14,1.29857,0.291542,0.216212,0.194444,1.2,NA,7.83,NA,5254.465,77.16,NA,NA,NA,NA,NA,NA,NA,NA,65.23,NA,11.7859648,25.3,7634,18.1,1.45,20,NA,23.1,24.3,0
"206","125",2022-08-03,"SDNWA","2022-08-04",2.24329,2.16229,1.29346,0.272403,0.198764,0.017743,1.2,NA,8.1,NA,6062.06,82.75,NA,NA,NA,NA,NA,NA,NA,NA,67.835,NA,4.648242324,18.7,7045,30.5,2.75,28,NA,20,16.5,10
"207","125",2022-08-16,"SDNWA","2022-08-17",2.51077,2.43389,1.4432,0.317438,0.232731,0.208293,1.2,NA,7.9,NA,6718.48,94.74,NA,NA,NA,NA,NA,NA,NA,NA,75.13,NA,7.30894399999999,26.1,8877,76.8,4.23,22,NA,23.4,23.4,2
"208","125",2022-08-29,"SDNWA","2022-08-30",2.65403,2.58938,1.57847,0.3183495,0.229835,0.2046605,1.2,NA,8.19,NA,7010.415,93.67,NA,NA,NA,NA,NA,NA,NA,NA,73.92,NA,5.6286136,8.19,7672,80.2,7.1,27,NA,104.8,16.6,4
"209","125",2022-09-12,"SDNWA",NA,NA,NA,NA,NA,NA,NA,NA,NA,7.82,NA,8662.145,110.84,NA,NA,NA,NA,NA,NA,NA,NA,75.55,NA,8.5613382,13.3,8175,65,6.31,21,NA,161.3,11.5,0
"210","125",2023-05-17,"SDNWA","2023-05-18",2.36556,2.29176,1.38463,0.286279,0.208293,0.185915,1.2,NA,8.15,NA,NA,93.53,NA,NA,NA,NA,NA,NA,NA,NA,73.415,NA,12.86256464,13.7,6337,85.1,8.54,22,NA,689.3,11.1,85
"211","125",2023-05-30,"SDNWA","2023-06-01",2.04735,1.97387,1.17757,0.240727,0.174635,0.155935,1.2,NA,8.27,NA,NA,NA,NA,NA,NA,NA,NA,NA,NA,NA,NA,NA,2.620196,21.26,9022,127.8,10.75,6,NA,2.7,21,0
"212","125",2023-06-13,"SDNWA","2023-06-15",3.67854,3.4581,2.62692,0.589956,0.430383,0.38487,1.2,NA,8.97,NA,NA,NA,NA,NA,NA,NA,NA,NA,NA,NA,NA,NA,37.889806,22.9,11450,142.2,11.8,33,NA,-42.6,23,0
"213","125",2023-06-27,"SDNWA","2023-06-29",4.134,3.96119,3.01616,0.67503,0.491621,0.440158,1.2,NA,8.65,NA,NA,NA,NA,NA,NA,NA,NA,NA,NA,NA,NA,NA,38.81425008,22.4,12287,95.1,7.82,14,NA,-131,21.9,70
"214","125",2023-07-11,"SDNWA",NA,NA,NA,NA,NA,NA,NA,NA,NA,NA,NA,NA,NA,NA,NA,NA,NA,NA,NA,NA,NA,NA,NA,NA,NA,NA,NA,NA,NA,NA,NA,NA,NA
"215","125",2023-07-20,"SDNWA",NA,NA,NA,NA,NA,NA,NA,NA,NA,NA,NA,NA,NA,NA,NA,NA,NA,NA,NA,NA,NA,NA,NA,NA,NA,NA,NA,NA,NA,NA,NA,NA,NA
"216","125",2023-08-15,"SDNWA",NA,NA,NA,NA,NA,NA,NA,NA,NA,NA,NA,NA,NA,NA,NA,NA,NA,NA,NA,NA,NA,NA,NA,NA,NA,NA,NA,NA,NA,NA,NA,NA,NA
"217","125",2024-04-25,"SDNWA",NA,NA,NA,NA,NA,NA,NA,NA,NA,9.36,NA,NA,NA,NA,NA,NA,NA,NA,NA,NA,NA,NA,NA,NA,13.4,1878,126.4,12.6,17,NA,157,15.5,30
"218","125N",2024-04-25,"SDNWA",NA,NA,NA,NA,NA,NA,NA,NA,NA,6.51,NA,NA,NA,NA,NA,NA,NA,NA,NA,NA,NA,NA,NA,NA,14.5,1341,99.5,9.98,21,NA,192.2,14.5,30
"219","125N",2024-05-09,"SDNWA",NA,NA,NA,NA,NA,NA,NA,NA,NA,8.66,NA,NA,NA,NA,NA,NA,NA,NA,NA,NA,NA,NA,NA,NA,17.2,2046,102.8,10.12,19,NA,65.3,15.3,0
"220","125N",2024-05-23,"SDNWA",NA,NA,NA,NA,NA,NA,NA,NA,NA,9.06,NA,NA,NA,NA,NA,NA,NA,NA,NA,NA,NA,NA,NA,NA,11.1,2270,107,10.9,20.8,NA,-42.3,9.8,100
"221","125N",2024-06-05,"SDNWA",NA,NA,NA,NA,NA,NA,NA,NA,NA,8.53,NA,NA,NA,NA,NA,NA,NA,NA,NA,NA,NA,NA,NA,NA,14.2,3144,110.7,16.39,15,NA,20,12.7,100
"222","125N",2024-06-19,"SDNWA",NA,NA,NA,NA,NA,NA,NA,NA,NA,8.94,NA,NA,NA,NA,NA,NA,NA,NA,NA,NA,NA,NA,NA,NA,16.1,3330,119.6,11.64,15,NA,50.51,12.8,20
"223","125N",2024-07-03,"SDNWA",NA,NA,NA,NA,NA,NA,NA,NA,NA,8.9,NA,NA,NA,NA,NA,NA,NA,NA,NA,NA,NA,NA,NA,NA,22.5,4117,137.8,11.78,6,NA,44.3,21.8,0
"224","125N",2024-07-18,"SDNWA",NA,NA,NA,NA,NA,NA,NA,NA,NA,8.96,NA,NA,NA,NA,NA,NA,NA,NA,NA,NA,NA,NA,NA,NA,26,5863,138.7,11.06,11.43,NA,-8.6,27,0
"225","125S",2024-05-09,"SDNWA",NA,NA,NA,NA,NA,NA,NA,NA,NA,8.73,NA,NA,NA,NA,NA,NA,NA,NA,NA,NA,NA,NA,NA,NA,17.9,2444,100.7,9.89,14,NA,0.3,16.4,0
"226","125S",2024-05-23,"SDNWA",NA,NA,NA,NA,NA,NA,NA,NA,NA,8.95,NA,NA,NA,NA,NA,NA,NA,NA,NA,NA,NA,NA,NA,NA,11.1,2621,95.8,10.37,14,NA,-61.5,9.8,100
"227","125S",2024-06-05,"SDNWA",NA,NA,NA,NA,NA,NA,NA,NA,NA,9.55,NA,NA,NA,NA,NA,NA,NA,NA,NA,NA,NA,NA,NA,NA,14,3327,105.5,10.35,17,NA,13.5,13.4,100
"228","125S",2024-06-19,"SDNWA",NA,NA,NA,NA,NA,NA,NA,NA,NA,8.92,NA,NA,NA,NA,NA,NA,NA,NA,NA,NA,NA,NA,NA,NA,16.9,2777,93.7,8.98,11,NA,209.9,13.3,20
"229","125S",2024-07-03,"SDNWA",NA,NA,NA,NA,NA,NA,NA,NA,NA,8.24,NA,NA,NA,NA,NA,NA,NA,NA,NA,NA,NA,NA,NA,NA,22.1,4692,135.6,11.67,20,NA,-51.5,21.3,0
"230","125S",2024-07-18,"SDNWA",NA,NA,NA,NA,NA,NA,NA,NA,NA,8.24,NA,NA,NA,NA,NA,NA,NA,NA,NA,NA,NA,NA,NA,NA,29.2,6896,106.9,8.04,8.89,NA,8.4,30,0
"231","125S",2024-08-06,"SDNWA",NA,NA,NA,NA,NA,NA,NA,NA,NA,8.3,NA,NA,NA,NA,NA,NA,NA,NA,NA,NA,NA,NA,NA,NA,24.1,6942,6.3,0.52,17.78,NA,-34.9,24.5,0
"232","125S",2024-08-14,"SDNWA",NA,NA,NA,NA,NA,NA,NA,NA,NA,8,NA,NA,NA,NA,NA,NA,NA,NA,NA,NA,NA,NA,NA,NA,25,8459,88.5,7,9,0,75,21.3,0
"233","125N",2006-07-20,"SDNWA",NA,NA,NA,NA,NA,NA,NA,NA,NA,8.05,NA,721.938,31.02,1.49306737580787,NA,3.25073402903982,1.17698727703663,0.463176099461871,36.20681565,NA,NA,34.78784375,99.77,NA,23.72,1728,NA,4.48,NA,NA,NA,NA,NA
"234","125N",2006-09-06,"SDNWA",NA,NA,NA,NA,NA,NA,NA,NA,NA,8.49,NA,884.742,47.08,1.06824766345922,NA,1.2236378209564,0.629306334482087,0.273840471277271,51.42913399,NA,NA,23.5940981,109,NA,17.69,1890,NA,6.66,NA,NA,NA,NA,NA
"235","125N",2020-06-29,"SDNWA",NA,NA,NA,NA,NA,NA,NA,NA,"NO YSI",NA,NA,2264.21,36.1,0.0289736842105263,NA,NA,NA,NA,NA,NA,NA,NA,NA,NA,NA,NA,NA,NA,28,NA,NA,NA,NA
"236","125N",2024-04-26,"SDNWA","2024-04-25",0.461437,0.443522,0.314232,0.0884354,0.0087386,0.0627911,1.2,NA,NA,NA,NA,NA,NA,NA,NA,NA,NA,NA,NA,NA,NA,NA,NA,NA,NA,NA,NA,NA,NA,NA,NA,NA
"237","125N",2024-05-09,"SDNWA","2024-05-10",0.627557,0.602213,0.414104,0.10857,0.0834205,0.0760089,1.2,NA,NA,NA,NA,NA,NA,NA,NA,NA,NA,NA,NA,NA,NA,NA,NA,NA,NA,NA,NA,NA,NA,NA,NA,NA
"238","125N",2024-05-22,"SDNWA","2024-05-23",0.86174,0.829411,0.558869,0.139811,0.106592,0.0969258,1.2,NA,NA,NA,NA,NA,NA,NA,NA,NA,NA,NA,NA,NA,NA,NA,NA,NA,NA,NA,NA,NA,NA,NA,NA,NA
"239","125N",2024-06-05,"SDNWA","2024-06-06",1.25099,1.20488,0.804582,0.199613,0.151278,0.13723,1.2,NA,NA,NA,NA,NA,NA,NA,NA,NA,NA,NA,NA,NA,NA,NA,NA,NA,NA,NA,NA,NA,NA,NA,NA,NA
"240","125N",2024-06-19,"SDNWA","2024-06-20",1.16358,1.11972,0.749672,0.181631,0.137387,0.124417,1.2,NA,NA,NA,NA,NA,NA,NA,NA,NA,NA,NA,NA,NA,NA,NA,NA,NA,NA,NA,NA,NA,NA,NA,NA,NA
"241","125N",2024-07-03,"SDNWA","2024-07-04",1.17533,1.13267,0.750638,0.185425,0.139693,0.126385,1.2,NA,NA,NA,NA,NA,NA,NA,NA,NA,NA,NA,NA,NA,NA,NA,NA,NA,NA,NA,NA,NA,NA,NA,NA,NA
"242","125N",2024-07-18,"SDNWA","2024-07-19",1.78329,1.7265,1.13729,0.272546,0.203488,0.183549,1.2,NA,NA,NA,NA,NA,NA,NA,NA,NA,NA,NA,NA,NA,NA,NA,NA,NA,NA,NA,NA,NA,NA,NA,NA,NA
"243","125S",2023-05-17,"SDNWA","2023-05-19",1.84776,1.77603,1.05152,0.214117,0.156061,0.139618,1.2,NA,8.25,NA,NA,72.465,NA,NA,NA,NA,NA,NA,NA,NA,63.845,NA,12.9018188,14.1,5854,75.3,7.34,18,NA,88.1,13.9,90
"244","125S",2023-05-30,"SDNWA","2023-06-01",2.81985,2.7532,1.75684,0.394468,0.290279,0.260746,1.2,NA,8.42,NA,NA,NA,NA,NA,NA,NA,NA,NA,NA,NA,NA,NA,6.7020096,21.1,7191,110.1,9.78,6,NA,107.1,20.6,0
"245","125S",2023-06-13,"SDNWA","2023-06-15",2.72084,2.04534,1.65894,0.3451,0.251096,0.224493,1.2,NA,8.95,NA,NA,NA,NA,NA,NA,NA,NA,NA,NA,NA,NA,NA,14.6631768,25.6,9407,163.5,13.42,23.4,NA,54.8,23.4,0
"246","125S",2023-06-27,"SDNWA","2023-06-29",2.86628,2.82255,1.85109,0.385354,0.281356,0.252379,1.2,NA,9.14,NA,NA,NA,NA,NA,NA,NA,NA,NA,NA,NA,NA,NA,11.2622772,23.4,9562,152.5,12.66,13,NA,-115.5,23.2,60
"247","125S",2023-07-11,"SDNWA","2023-07-12",3.03405,3.00482,1.9764,0.412499,0.297902,0.265769,1.2,NA,8.77,NA,NA,NA,NA,NA,NA,NA,NA,NA,NA,NA,NA,NA,3.1444944,16.4,9005,85.7,8.03,0,NA,-100,16.9,100
"248","125S",2023-07-20,"SDNWA","2023-07-21",3.1151,3.13464,2.16179,0.476951,0.348016,0.311474,1.2,"NO YSI",NA,NA,NA,NA,NA,NA,NA,NA,NA,NA,NA,NA,NA,NA,11.4809956,NA,NA,NA,NA,NA,NA,NA,NA,NA
"249","125S",2023-08-15,"SDNWA","2023-08-16",3.55473,3.33139,2.56972,0.549524,0.401696,0.358724,1.2,NA,8.37,NA,NA,NA,NA,NA,NA,NA,NA,NA,NA,NA,NA,NA,NA,26.6,12435,133,NA,5,NA,-40,20.9,0
"250","125S",2024-04-26,"SDNWA","2024-04-25",0.527006,0.504756,0.339973,0.0829848,0.062499,0.0571349,1.2,NA,NA,NA,NA,NA,NA,NA,NA,NA,NA,NA,NA,NA,NA,NA,NA,NA,NA,NA,NA,NA,NA,NA,NA,NA
"251","125S",2024-05-09,"SDNWA","2024-05-10",0.161657,0.591129,0.386593,0.0870312,0.0651197,0.058895,1.2,NA,NA,NA,NA,NA,NA,NA,NA,NA,NA,NA,NA,NA,NA,NA,NA,NA,NA,NA,NA,NA,NA,NA,NA,NA
"252","125S",2024-05-22,"SDNWA","2024-05-23",0.842607,0.809555,0.522316,0.117383,0.0886492,0.0802048,1.2,NA,NA,NA,NA,NA,NA,NA,NA,NA,NA,NA,NA,NA,NA,NA,NA,NA,NA,NA,NA,NA,NA,NA,NA,NA
"253","125S",2024-06-05,"SDNWA","2024-06-06",1.10167,1.05891,0.679768,0.145443,0.108084,0.0978215,1.2,NA,NA,NA,NA,NA,NA,NA,NA,NA,NA,NA,NA,NA,NA,NA,NA,NA,NA,NA,NA,NA,NA,NA,NA,NA
"254","125S",2024-06-19,"SDNWA","2024-06-20",1.07936,1.03785,0.656176,0.13736,0.101273,0.0912687,1.2,NA,NA,NA,NA,NA,NA,NA,NA,NA,NA,NA,NA,NA,NA,NA,NA,NA,NA,NA,NA,NA,NA,NA,NA,NA
"255","125S",2024-07-03,"SDNWA","2024-07-04",1.16936,1.2267,0.693812,0.144451,0.106812,0.0959751,1.2,NA,NA,NA,NA,NA,NA,NA,NA,NA,NA,NA,NA,NA,NA,NA,NA,NA,NA,NA,NA,NA,NA,NA,NA,NA
"256","125S",2024-07-18,"SDNWA","2024-07-19",1.53015,1.46974,0.904505,0.195003,0.144153,0.129465,1.2,NA,NA,NA,NA,NA,NA,NA,NA,NA,NA,NA,NA,NA,NA,NA,NA,NA,NA,NA,NA,NA,NA,NA,NA,NA
"257","125S",2024-08-14,"SDNWA","2024-08-15",2.41127,2.33638,1.44238,0.310013,0.228739,0.205983,1.2,NA,NA,NA,NA,NA,NA,NA,NA,NA,NA,NA,NA,NA,NA,NA,NA,NA,NA,NA,NA,NA,NA,NA,NA,NA
"258","130",2006-07-20,"SDNWA",NA,NA,NA,NA,NA,NA,NA,NA,NA,7.65,NA,4.22,138.74,2.181778867,NA,5.2045814751475,0.88371270730806,0.0259449652507939,16.97951529,NA,NA,0.3153826,165,NA,21.69,789,NA,18.34,NA,NA,NA,NA,NA
"259","130",2006-09-06,"SDNWA",NA,NA,NA,NA,NA,NA,NA,NA,NA,7.63,NA,8.97,179.62,2.618806369,NA,7.33271175913884,0.552964228779874,NA,7.541060483,NA,NA,0.9677658,260.2,NA,15.2,895,NA,3.85,NA,NA,NA,NA,NA
"260","137",2006-07-22,"SDNWA",NA,NA,NA,NA,NA,NA,NA,NA,NA,7.74,NA,120.236,45.38,2.972675187,NA,4.35725518593201,1.4838575823621,NA,34.05486984,NA,NA,1.0439092,132.3,NA,23.64,1035,NA,1.73,NA,NA,NA,NA,NA
"261","140",2021-05-19,"SDNWA","2021-05-22",2.42232,2.35802,1.49817,0.321907,0.236706,0.212213,1.2,NA,9.5,NA,NA,98.18,NA,NA,NA,NA,NA,NA,NA,NA,85.51,NA,55.3363983,14.3,6983,NA,NA,32.5,NA,100.4,10.1,1
"262","140",2021-06-07,"SDNWA","2021-06-09",2.17433,2.85038,1.57827,0.390522,0.289189,0.232329,1.2,NA,9.22,NA,NA,114.02,NA,NA,NA,NA,NA,NA,NA,NA,70.04,NA,63.8599962,20.7,8710,NA,NA,10,NA,NA,15.5,30
"263","140",2021-06-23,"SDNWA",NA,1.48556,1.69596,2.11745,0.510495,0.376584,0.333741,1.2,NA,NA,NA,NA,NA,NA,NA,NA,NA,NA,NA,NA,NA,NA,NA,NA,NA,NA,NA,NA,NA,NA,NA,NA,NA
"264","140",2021-06-24,"SDNWA",NA,NA,NA,NA,NA,NA,NA,NA,NA,9.17,NA,NA,164.91,NA,NA,NA,NA,NA,NA,NA,NA,83.12,NA,53.2415648,28.2,13370,110.7,8.3,12,NA,45.7,NA,70
"265","140",2022-05-24,"SDNWA",NA,NA,NA,NA,NA,NA,NA,NA,NA,8.74,NA,NA,NA,NA,NA,NA,NA,NA,NA,NA,NA,NA,NA,NA,17,2810,101,9.4,33,NA,43.2,14.5,15
"266","140",2022-06-21,"SDNWA",NA,NA,NA,NA,NA,NA,NA,NA,NA,8.13,NA,NA,NA,NA,NA,NA,NA,NA,NA,NA,NA,NA,NA,NA,20.8,4404,78.8,6.82,23,NA,5.4,19,40
"267","140",2022-07-19,"SDNWA",NA,NA,NA,NA,NA,NA,NA,NA,NA,8.86,NA,NA,NA,NA,NA,NA,NA,NA,NA,NA,NA,NA,NA,NA,29.3,7725,176.8,12.82,8.5,NA,1.4,25.5,0
"268","140",2024-04-25,"SDNWA",NA,NA,NA,NA,NA,NA,NA,NA,NA,8.95,NA,NA,NA,NA,NA,NA,NA,NA,NA,NA,NA,NA,NA,NA,12.3,303,124.9,13.19,10,NA,81.9,14.1,25
"269","140",2024-04-26,"SDNWA","2024-04-25",0.821335,0.78961,0.614849,0.212634,0.170625,0.157922,1.2,NA,NA,NA,NA,NA,NA,NA,NA,NA,NA,NA,NA,NA,NA,NA,NA,NA,NA,NA,NA,NA,NA,NA,NA,NA
"270","15",2021-05-19,"SDNWA","2021-05-24",0.293243,0.260895,0.174962,0.0436293,0.0333997,0.0300896,1.2,NA,9.01,NA,58.425,9.82,NA,NA,NA,0.335,NA,NA,NA,NA,53.29,NA,19.68438664,16.6,427.2,NA,NA,28.25,NA,119.5,11.3,0
"271","15",2021-06-07,"SDNWA",NA,0.2978,0.289552,0.187451,0.0476378,0.0353304,0.0324796,1.2,NA,9.65,NA,45.305,11.23,NA,NA,NA,0.252,NA,NA,NA,NA,47.83,NA,82.200945,20.7,441,124,10.9,33,NA,43.5,15.4,100
"272","15",2021-06-22,"SDNWA","2021-06-25",0.318734,0.323946,0.21963,0.0635575,0.0454339,0.043899,1.2,NA,10.26,NA,NA,12.95,NA,NA,NA,0.257510112,NA,NA,NA,NA,43.4,NA,5.07162368,18.3,365.6,127.6,11.98,67,NA,-28.6,19.2,5
"273","15",2021-07-06,"SDNWA","2021-07-07",0.410074,0.4121272,0.270488,0.0737898,0.0596793,0.0548312,1.2,NA,9.58,NA,39.35,12.84,NA,NA,NA,0.348878905,NA,NA,NA,NA,37.06,NA,12.90877184,21.8,344.5,140.7,10.29,39,NA,62.7,18.9,90
"274","15",2021-07-22,"SDNWA",NA,0.405926,0.391611,0.285339,0.0764645,0.0619012,0.0543127,1.2,NA,10.06,NA,38.75,19.64,NA,NA,NA,0.128812898,NA,NA,NA,NA,31.29,NA,9.0584782,26.2,424.8,215.7,16.89,36,NA,98,24,80
"275","15",2021-08-04,"SDNWA",NA,NA,NA,NA,NA,NA,NA,NA,NA,9.81,NA,38.585,14.21,NA,NA,NA,0.284,NA,NA,NA,NA,34.08,NA,42.04801992,20.6,361.4,131.9,11.72,32,NA,43.1,20.5,100
"276","15",2021-08-18,"SDNWA",NA,NA,NA,NA,NA,NA,NA,NA,NA,9.82,NA,37.24,18.88,NA,NA,NA,0.236951688,NA,NA,NA,NA,45.9,NA,14.71312136,16.9,388.7,180.7,17.08,26,NA,-56.9,16,100
"277","15",2021-09-01,"SDNWA",NA,NA,NA,NA,NA,NA,NA,NA,NA,8.03,NA,37.025,9.88,NA,NA,NA,0.007756697,NA,NA,NA,NA,40.72,NA,117.44907,15.5,1348,71.9,7.15,1,NA,-1.3,14.7,100
"278","15",2021-09-19,"SDNWA",NA,NA,NA,NA,NA,NA,NA,NA,NA,8.53,NA,57.405,17.76,NA,NA,NA,0.434873612,NA,NA,NA,NA,60.54,NA,502.602513333333,14.2,415.4,81.2,8.91,NA,NA,-25.3,15.2,90
"279","15",2022-05-10,"SDNWA","2022-05-11",0.329879,0.314289,0.232171,0.0747433,0.0599085,0.0555216,1.2,NA,7.3,NA,151.935,6.94,NA,NA,NA,NA,NA,NA,NA,NA,37.09,NA,1.630816,11.6,91.8,44.39,4.81,32,NA,91.8,9.4,100
"280","15",2022-05-24,"SDNWA","2022-05-26",0.427675,0.410371,0.311414,0.120273,0.0971954,0.089706,1.2,NA,7.74,NA,150.33,7.38,NA,NA,NA,NA,NA,NA,NA,NA,45.77,NA,1.3315856,14.7,525,54.1,5.51,100,NA,97,16.2,1
"281","15",2022-06-08,"SDNWA","2022-06-10",0.127752,0.122596,0.0911819,0.0319663,0.0259696,0.0241591,1.2,NA,7.93,NA,138.905,9.08,NA,NA,NA,NA,NA,NA,NA,NA,56.08,NA,4.0648472,20,636,109.9,9.91,72,NA,67.5,19.1,30
"282","15",2022-06-21,"SDNWA","2022-06-23",0.341477,0.329194,0.23875,0.0722586,0.0567297,0.0519142,1.2,NA,7.58,NA,102.605,10.26,NA,NA,NA,NA,NA,NA,NA,NA,61.65,NA,11.90191692,18.9,638,60.1,5.36,58.5,NA,143.8,18.1,50
"283","15",2022-07-06,"SDNWA","2022-07-07; 2022-07-08",0.1380871,0.13182825,0.0968468,0.0330294,0.02676555,0.0247634,1.2,NA,7.59,NA,70.825,10.08,NA,NA,NA,NA,NA,NA,NA,NA,66.58,NA,13.34410404,20.2,675,44.5,4.02,50,NA,27.3,19.1,35
"284","15",2022-07-19,"SDNWA","2022-07-21",0.405419,0.390416,0.275925,0.0782522,0.060211,0.0546945,1.2,NA,7.46,NA,56.77,11.3,NA,NA,NA,NA,NA,NA,NA,NA,70.66,NA,13.54988208,25.8,710,48.4,3.97,67,NA,80.5,23.7,0
"285","15",2022-08-03,"SDNWA","2022-08-04",0.387827,0.373228,0.261839,0.071127,0.0544017,0.0490743,1.2,NA,8.07,NA,36.83,11.78,NA,NA,NA,NA,NA,NA,NA,NA,68.97,NA,2.9199506,20.7,556,88.7,7.89,62,NA,48.3,17.2,NA
"286","15",2022-08-16,"SDNWA","2022-08-17",0.395599,0.381382,0.267873,0.0708967,0.0543393,0.0490683,1.2,NA,9.14,NA,26.59,12.41,NA,NA,NA,NA,NA,NA,NA,NA,53.35,NA,2.70836088,21.4,417.1,154,13.39,30,NA,118.5,22.5,0
"287","15",2022-08-29,"SDNWA","2022-08-30",0.465594,0.44875,0.321238,0.0964173,0.0755343,0.0690789,1.2,NA,8.73,NA,19.135,13.96,NA,NA,NA,NA,NA,NA,NA,NA,51.77,NA,6.0311712,19.4,394.7,89.2,8.26,40,NA,81.2,19.7,2
"288","15",2022-09-12,"SDNWA","2022-09-13",0.476617,0.46119,0.327702,0.0968175,0.0755291,0.0691753,1.2,NA,9.01,NA,18.86,13.21,NA,NA,NA,NA,NA,NA,NA,NA,54.4,NA,3.23426856,12.3,353.8,87.1,9.27,13.6,NA,120.4,13.6,0
"289","15",2023-05-17,"SDNWA","2023-05-18",0.307288,0.294768,0.198448,0.0489637,0.0376017,0.340972,1.2,NA,7.54,NA,NA,11.665,NA,NA,NA,NA,NA,NA,NA,NA,50.95,NA,7.83717,16.5,445.9,66.2,6.52,47,NA,54.1,10.5,40
"290","15",2023-05-30,"SDNWA","2023-06-01",0.29619,0.283885,0.196804,0.0526687,0.0402135,0.0363927,1.2,NA,8.47,NA,NA,NA,NA,NA,NA,NA,NA,NA,NA,NA,NA,NA,2.506896,18.5,417.7,110.7,10.38,38,NA,18,23.6,0
"291","15",2023-06-13,"SDNWA","2023-06-15",0.386497,0.373095,0.268907,0.0793542,0.0622284,0.0571327,1.2,NA,9.29,NA,NA,NA,NA,NA,NA,NA,NA,NA,NA,NA,NA,NA,5.30917004,19.6,350.1,131.1,11.85,25.4,NA,132.4,25.4,0
"292","15",2023-06-27,"SDNWA","2023-06-29",0.424113,0.409545,0.292025,0.0833582,0.0651628,0.0595982,1.2,NA,9.03,NA,NA,NA,NA,NA,NA,NA,NA,NA,NA,NA,NA,NA,9.57501336,18.8,347.4,100.2,9.31,22,NA,52.4,23,85
"293","15",2023-07-11,"SDNWA","2023-07-12",0.442282,0.427802,0.303151,0.0851113,0.0665467,0.0609234,1.2,NA,9.11,NA,NA,NA,NA,NA,NA,NA,NA,NA,NA,NA,NA,NA,7.47187224,16.9,346.3,98,9.54,17,NA,57.2,21.5,100
"294","15",2023-07-20,"SDNWA","2023-07-21",0.443381,0.428686,0.303448,0.0845721,0.06595,0.0605252,1.2,NA,8.95,NA,NA,NA,NA,NA,NA,NA,NA,NA,NA,NA,NA,NA,3.0202516,16.1,332.1,40.4,4,5.2,NA,NA,20.7,0
"295","15",2023-08-15,"SDNWA","2023-08-16",0.486888,0.471016,0.336448,0.0937309,0.073413,0.0675199,1.2,NA,9.12,NA,NA,NA,NA,NA,NA,NA,NA,NA,NA,NA,NA,NA,NA,19.4,400.6,79.7,7.15,10,NA,7.6,21.5,0
"296","15",2023-09-19,"SDNWA",NA,NA,NA,NA,NA,NA,NA,NA,NA,7.85,NA,NA,NA,NA,NA,NA,NA,NA,NA,NA,NA,NA,NA,NA,12.7,389.3,69.3,7.32,10,NA,-9.7,15.6,100
"297","15",2024-04-25,"SDNWA",NA,NA,NA,NA,NA,NA,NA,NA,NA,7.15,NA,NA,NA,NA,NA,NA,NA,NA,NA,NA,NA,NA,NA,NA,11.6,207.9,84.7,9.21,65,NA,280,15.5,75
"298","15",2024-04-26,"SDNWA","2024-04-25",0.450641,0.431042,0.326572,0.109576,0.0871236,0.0800159,1.2,NA,NA,NA,NA,NA,NA,NA,NA,NA,NA,NA,NA,NA,NA,NA,NA,NA,NA,NA,NA,NA,NA,NA,NA,NA
"299","15",2024-05-09,"SDNWA","2024-05-10",0.444585,0.425017,0.319032,0.100453,0.0788564,0.072368,1.2,NA,7.88,NA,NA,NA,NA,NA,NA,NA,NA,NA,NA,NA,NA,NA,NA,16.2,299.2,97.8,9.6,43,NA,94,20.4,0
"300","15",2024-05-22,"SDNWA","2024-05-23",0.484502,0.464582,0.343957,0.107221,0.0839345,0.075594,1.2,NA,NA,NA,NA,NA,NA,NA,NA,NA,NA,NA,NA,NA,NA,NA,NA,NA,NA,NA,NA,NA,NA,NA,NA,NA
"301","15",2024-05-23,"SDNWA",NA,NA,NA,NA,NA,NA,NA,NA,NA,7.31,NA,NA,NA,NA,NA,NA,NA,NA,NA,NA,NA,NA,NA,NA,10.7,317.2,30.6,3.33,65,NA,57.7,10.7,100
"302","15",2024-06-05,"SDNWA","2024-06-06",0.494601,0.474439,0.349134,0.110522,0.0868268,0.0794877,1.2,NA,7.33,NA,NA,NA,NA,NA,NA,NA,NA,NA,NA,NA,NA,NA,NA,14.9,402.3,40.5,4.03,47,NA,96.5,12.8,100
"303","15",2024-06-19,"SDNWA",NA,NA,NA,NA,NA,NA,NA,NA,NA,6.99,NA,NA,NA,NA,NA,NA,NA,NA,NA,NA,NA,NA,NA,NA,14.4,399.1,52.2,5.32,34,NA,450,13.5,30
"304","15",2024-07-03,"SDNWA","2024-07-04",0.365839,0.349969,0.246223,0.068819,0.0535264,0.0491169,1.2,NA,7.31,NA,NA,NA,NA,NA,NA,NA,NA,NA,NA,NA,NA,NA,NA,18.4,454.6,31.4,2.94,10,NA,5.3,21.4,0
"305","15",2024-07-18,"SDNWA","2024-07-19",0.376373,0.361627,0.251277,0.0680383,0.0523463,0.0476012,1.2,NA,7.55,NA,NA,NA,NA,NA,NA,NA,NA,NA,NA,NA,NA,NA,NA,22.7,574,94.5,8.13,3.8,NA,-32.9,26.6,0
"306","15",2024-08-06,"SDNWA",NA,NA,NA,NA,NA,NA,NA,NA,NA,7.16,NA,NA,NA,NA,NA,NA,NA,NA,NA,NA,NA,NA,NA,NA,19,539,7.5,0.69,7.62,NA,10.9,21.1,0
"307","15",2024-08-14,"SDNWA","2024-08-15",1.45967,1.40128,0.812423,0.163264,0.122044,0.110329,1.2,NA,8.21,NA,NA,NA,NA,NA,NA,NA,NA,NA,NA,NA,NA,NA,NA,24.5,9622,82.8,6.26,1.5,0,81,23.7,0
"308","2",2006-07-20,"SDNWA",NA,NA,NA,NA,NA,NA,NA,NA,NA,7.95,NA,1208.473,136.31,0.774220526749138,NA,4.118,3.1302494280249,NA,76.01382778,NA,NA,38.24650345,165.85,NA,21.02,2841,NA,1.31,NA,NA,NA,NA,NA
"309","2",2006-09-06,"SDNWA",NA,NA,NA,NA,NA,NA,NA,NA,NA,8.12,NA,1482.979,96,1.43057291683333,NA,1.98868259825205,0.487484502880407,NA,24.51293652,NA,NA,73.674328,241.6,NA,14.24,3034,NA,6.31,NA,NA,NA,NA,NA
"310","2",2007-05-07,"SDNWA",NA,NA,NA,NA,NA,NA,NA,NA,NA,7.96,NA,985.85,40.260204,2.74439742034094,NA,3.51564498541168,1.108,NA,NA,NA,NA,NA,NA,NA,9.56,2438,NA,4.8,NA,NA,NA,NA,NA
"311","2",2008-05-12,"SDNWA",NA,NA,NA,NA,NA,NA,NA,NA,NA,8.22,NA,1211.41,42.63,3.01806239737274,NA,1.54204168600362,0.299932775423534,NA,19.4503675319469,141.720607301094,0.435244286434674,NA,NA,NA,13,2678,NA,10.29,NA,NA,NA,NA,NA
"312","2",2008-06-11,"SDNWA",NA,NA,NA,NA,NA,NA,NA,NA,NA,8.18,NA,1632.95,61.16,2.93067364290386,NA,1.64732588541045,0.42069508338244,NA,25.5380606295529,126.649359179116,0.221394434219923,NA,NA,NA,14.07,3332,NA,3.1,NA,NA,NA,NA,NA
"313","2",2008-07-16,"SDNWA",NA,NA,NA,NA,NA,NA,NA,NA,NA,8.21,NA,1879.34,64.83,3.45688724356008,NA,2.40823841682019,0.712484850307575,NA,29.5853120410034,48.2337579303542,0.244256033092758,NA,NA,NA,21.6,3716,NA,9.22,NA,NA,NA,NA,NA
"314","2",2008-08-12,"SDNWA",NA,NA,NA,NA,NA,NA,NA,NA,NA,8.44,NA,2156.75,82.96,3.13331726133076,NA,1.7133338207581,0.741107637526648,NA,43.2552972776042,63.241891647619,0.409647740294396,NA,NA,NA,19.76,4180,NA,3.1,NA,NA,NA,NA,NA
"315","2",2009-06-01,"SDNWA",NA,NA,NA,NA,NA,NA,NA,NA,NA,8.25,NA,1603.14,68.05,2.68221895664952,NA,1.7827,0.34609705748138,NA,NA,NA,NA,NA,NA,NA,15.64,3155,NA,10.35,NA,NA,NA,NA,NA
"316","2",2009-07-06,"SDNWA",NA,NA,NA,NA,NA,NA,NA,NA,NA,8.33,NA,2079.29,94.66,2.99514050285231,NA,4.0182,3.13484681929456,NA,NA,NA,NA,NA,NA,NA,23.32,3901,NA,6.61,NA,NA,NA,NA,NA
"317","2",2010-06-02,"SDNWA",NA,NA,NA,NA,NA,NA,NA,NA,NA,7.94,NA,NA,31.29,2.81633109619687,NA,3.61117616342651,0.548,NA,15.1751112435352,NA,NA,NA,NA,NA,14.53,3156,NA,7.71,NA,NA,NA,NA,NA
"318","2",2010-07-05,"SDNWA",NA,NA,NA,NA,NA,NA,NA,NA,NA,7.79,NA,NA,45.69,2.43554388268768,NA,5.33843018488014,1.8616,NA,34.8716745471833,NA,NA,NA,NA,NA,19.66,3480,NA,2.95,NA,NA,NA,NA,NA
"319","2",2010-08-04,"SDNWA",NA,NA,NA,NA,NA,NA,NA,NA,NA,7.97,NA,NA,50.34,2.93603496225665,NA,3.5023622368226,0.8786,NA,25.0859260290872,NA,NA,NA,NA,NA,20.39,3949,NA,2.26,NA,NA,NA,NA,NA
"320","2",2011-05-31,"SDNWA",NA,NA,NA,NA,NA,NA,NA,NA,NA,8.16,NA,NA,52.85,NA,91,0.985,0.0939,NA,9.53299492385787,NA,NA,NA,NA,NA,14.5,3888,NA,11.54,NA,NA,NA,NA,NA
"321","2",2011-06-28,"SDNWA",NA,NA,NA,NA,NA,NA,NA,NA,NA,7.73,NA,NA,97.215,NA,77,2.265,0.8859,NA,39.112582781457,NA,NA,NA,NA,NA,22.78,3697,NA,6.01,NA,NA,NA,NA,NA
"322","2",2011-07-28,"SDNWA",NA,NA,NA,NA,NA,NA,NA,NA,NA,8.18,NA,NA,57.33,NA,81,0.995,0.2483,NA,24.9547738693467,NA,NA,NA,NA,NA,22.82,4013,NA,10.89,NA,NA,NA,NA,NA
"323","2",2011-08-22,"SDNWA",NA,NA,NA,NA,NA,NA,NA,NA,NA,8.33,NA,NA,81.08,NA,936,1.46,0.116,NA,7.94520547945206,NA,NA,NA,NA,NA,24.17,4397,NA,9.87,NA,NA,NA,NA,NA
"324","2",2012-05-31,"SDNWA",NA,NA,NA,NA,NA,NA,NA,NA,NA,8.35,NA,NA,81.96,1.89543679843826,4,0.922883091198376,0.422165536496483,NA,45.7442053628153,NA,NA,NA,NA,NA,18.79,3149,NA,4.11,NA,NA,NA,NA,NA
"325","2",2012-06-28,"SDNWA",NA,NA,NA,NA,NA,NA,NA,NA,NA,7.8,NA,NA,88.62,1.7501692620176,130,1.69431318109795,0.741548688601012,NA,43.7669196506205,NA,NA,NA,NA,NA,16.58,3372,NA,3.36,NA,NA,NA,NA,NA
"326","2",2012-07-26,"SDNWA",NA,NA,NA,NA,NA,NA,NA,NA,NA,7.92,NA,NA,151.55,0.600343121082151,128,1.21124689416614,0.318449266898763,NA,26.2910285617692,NA,NA,NA,NA,NA,23.04,3618,NA,4.96,NA,NA,NA,NA,NA
"327","2",2012-08-30,"SDNWA",NA,NA,NA,NA,NA,NA,NA,NA,NA,8.14,NA,NA,153.1,1.09830176355323,3,1.03514121076248,0.423398287042938,NA,40.9024665080297,NA,NA,NA,NA,NA,19.08,3810,NA,8.3,NA,NA,NA,NA,NA
"328","2",2020-06-11,"SDNWA",NA,NA,NA,NA,NA,NA,NA,NA,NA,6.24,NA,1413.97,42.8,NA,NA,NA,NA,NA,NA,NA,NA,NA,NA,NA,23.11,2892,72.7,6.15,30,NA,NA,NA,NA
"329","2",2020-06-29,"SDNWA",NA,NA,NA,NA,NA,NA,NA,NA,"NO YSI",NA,NA,1809.27,46.7,0.0272629550321199,NA,NA,NA,NA,NA,NA,NA,NA,NA,NA,NA,NA,NA,NA,36,NA,NA,NA,NA
"330","2",2020-07-15,"SDNWA",NA,NA,NA,NA,NA,NA,NA,NA,NA,8.29,NA,2092.16,53.9,NA,NA,NA,NA,NA,NA,NA,NA,NA,NA,NA,22.2,3328,96.8,8.09,21,NA,NA,NA,NA
"331","2",2020-07-29,"SDNWA",NA,NA,NA,NA,NA,NA,NA,NA,NA,8.7,NA,2657.27,66.1,NA,NA,NA,NA,NA,NA,NA,NA,NA,NA,NA,31.1,4725,177.6,13.04,10,NA,NA,NA,NA
"332","2",2020-08-12,"SDNWA",NA,NA,NA,NA,NA,NA,NA,NA,NA,9.1,"<0.02",3674.59,90.6,NA,NA,NA,NA,NA,NA,NA,NA,NA,NA,NA,25.3,79,176.3,14.4,4.5,NA,NA,NA,NA
"333","2",2020-08-23,"SDNWA",NA,NA,NA,NA,NA,NA,NA,NA,NA,9.39,NA,5282.41,126.2,NA,NA,NA,NA,NA,NA,NA,NA,NA,NA,NA,25.8,7115,172.7,13.77,5,NA,NA,NA,NA
"334","2",2020-09-05,"SDNWA",NA,NA,NA,NA,NA,NA,NA,NA,NA,NA,NA,NA,NA,NA,NA,NA,NA,NA,NA,NA,NA,NA,NA,NA,NA,NA,NA,NA,NA,NA,NA,NA,NA
"335","2",2020-09-20,"SDNWA",NA,NA,NA,NA,NA,NA,NA,NA,NA,NA,NA,NA,NA,NA,NA,NA,NA,NA,NA,NA,NA,NA,NA,NA,NA,NA,NA,NA,NA,NA,NA,NA,NA
"336","2",2020-10-04,"SDNWA",NA,NA,NA,NA,NA,NA,NA,NA,NA,NA,NA,NA,NA,NA,NA,NA,NA,NA,NA,NA,NA,NA,NA,NA,NA,NA,NA,NA,NA,NA,NA,NA,NA
"337","2",2021-05-19,"SDNWA","2021-05-21",1.91258,1.78817,2.93556,0.43707,0.317107,0.283735,1.2,NA,8.23,NA,12017.485,137.61,NA,NA,NA,0.347,NA,NA,NA,NA,79.68,NA,45.0275358,16.4,3829,NA,NA,10,NA,106.6,10.5,2
"338","2",2021-06-06,"SDNWA",NA,NA,NA,NA,NA,NA,NA,NA,NA,9.67,NA,14333.645,168.8,NA,NA,NA,2.726,NA,NA,NA,NA,79.77,NA,97.4345364,22.6,13699,NA,NA,7.5,NA,104.7,15.7,50
"339","2",2022-05-10,"SDNWA","2022-05-11",0.806537,0.77258,0.561117,0.180345,0.141217,0.129107,1.2,NA,8.25,NA,1738.205,18.95,NA,NA,NA,NA,NA,NA,NA,NA,74.17,NA,19.3370738285714,10.5,2143,67.6,7.4,NA,NA,32.8,10.9,100
"340","2",2022-05-24,"SDNWA","2022-05-26",0.994307,0.95433,0.682286,0.203423,0.156215,0.142097,1.2,NA,8.41,NA,2201.045,26.27,NA,NA,NA,NA,NA,NA,NA,NA,81.96,NA,33.91361112,16.1,3183,75.5,7.4,21.5,NA,40.5,13.3,15
"341","2",2022-06-08,"SDNWA","2022-06-10",1.42685,1.36958,0.946085,0.257523,0.194754,0.176499,1.2,NA,8.54,NA,3229.595,43.16,NA,NA,NA,NA,NA,NA,NA,NA,92.74,NA,9.69783452,22,4702,136.5,11.4,7,NA,57,17.6,10
"342","2",2022-06-21,"SDNWA","2022-06-23",1.57449,1.51586,1.05607,0.300322,0.227909,0.20665,1.2,NA,8.55,NA,3035.99,42.05,NA,NA,NA,NA,NA,NA,NA,NA,76.71,NA,9.046771032,19.8,4253,88.2,7.92,13,NA,78.6,17.8,90
"343","2",2022-07-06,"SDNWA","2022-07-07; 2022-07-08",0.53370215,0.5121072,0.34748765,0.0950096,0.0720489,0.06541845,1.2,NA,8.48,NA,3785.71,60.89,NA,NA,NA,NA,NA,NA,NA,NA,105.57,NA,80.01920852,24.1,5766,175,14.44,9,NA,8.2,17.6,100
"344","2",2022-07-19,"SDNWA",NA,NA,NA,NA,NA,NA,NA,NA,NA,NA,NA,NA,NA,NA,NA,NA,NA,NA,NA,NA,NA,NA,NA,NA,NA,NA,NA,NA,NA,NA,NA,NA,NA
"345","2",2022-08-03,"SDNWA",NA,NA,NA,NA,NA,NA,NA,NA,NA,NA,NA,NA,NA,NA,NA,NA,NA,NA,NA,NA,NA,NA,NA,NA,NA,NA,NA,NA,NA,NA,NA,NA,NA
"346","2",2022-08-16,"SDNWA",NA,NA,NA,NA,NA,NA,NA,NA,NA,NA,NA,NA,NA,NA,NA,NA,NA,NA,NA,NA,NA,NA,NA,NA,NA,NA,NA,NA,NA,NA,NA,NA,NA
"347","2",2022-08-29,"SDNWA",NA,NA,NA,NA,NA,NA,NA,NA,NA,NA,NA,NA,NA,NA,NA,NA,NA,NA,NA,NA,NA,NA,NA,NA,NA,NA,NA,NA,NA,NA,NA,NA,NA
"348","2",2022-09-12,"SDNWA",NA,NA,NA,NA,NA,NA,NA,NA,NA,NA,NA,NA,NA,NA,NA,NA,NA,NA,NA,NA,NA,NA,NA,NA,NA,NA,NA,NA,NA,NA,NA,NA,NA
"349","2",2023-05-17,"SDNWA",NA,NA,NA,NA,NA,NA,NA,NA,NA,NA,NA,NA,NA,NA,NA,NA,NA,NA,NA,NA,NA,NA,NA,NA,NA,NA,NA,NA,NA,NA,NA,NA,NA
"350","2",2023-05-30,"SDNWA",NA,NA,NA,NA,NA,NA,NA,NA,NA,NA,NA,NA,NA,NA,NA,NA,NA,NA,NA,NA,NA,NA,NA,NA,NA,NA,NA,NA,NA,NA,NA,NA,NA
"351","2",2023-06-13,"SDNWA",NA,NA,NA,NA,NA,NA,NA,NA,NA,NA,NA,NA,NA,NA,NA,NA,NA,NA,NA,NA,NA,NA,NA,NA,NA,NA,NA,NA,NA,NA,NA,NA,NA
"352","2",2023-06-27,"SDNWA",NA,NA,NA,NA,NA,NA,NA,NA,NA,NA,NA,NA,NA,NA,NA,NA,NA,NA,NA,NA,NA,NA,NA,NA,NA,NA,NA,NA,NA,NA,NA,NA,NA
"353","2",2023-07-11,"SDNWA",NA,NA,NA,NA,NA,NA,NA,NA,NA,NA,NA,NA,NA,NA,NA,NA,NA,NA,NA,NA,NA,NA,NA,NA,NA,NA,NA,NA,NA,NA,NA,NA,NA
"354","2",2023-07-20,"SDNWA",NA,NA,NA,NA,NA,NA,NA,NA,NA,NA,NA,NA,NA,NA,NA,NA,NA,NA,NA,NA,NA,NA,NA,NA,NA,NA,NA,NA,NA,NA,NA,NA,NA
"355","2",2023-08-15,"SDNWA",NA,NA,NA,NA,NA,NA,NA,NA,NA,NA,NA,NA,NA,NA,NA,NA,NA,NA,NA,NA,NA,NA,NA,NA,NA,NA,NA,NA,NA,NA,NA,NA,NA
"356","2",2024-04-25,"SDNWA",NA,NA,NA,NA,NA,NA,NA,NA,NA,7.99,NA,NA,NA,NA,NA,NA,NA,NA,NA,NA,NA,NA,NA,NA,13.5,392.2,51.5,5.36,12,NA,160.4,14.1,25
"357","2",2024-04-26,"SDNWA","2024-04-25",0.526842,0.504781,0.339852,0.082917,0.0630618,0.571707,1.2,NA,NA,NA,NA,NA,NA,NA,NA,NA,NA,NA,NA,NA,NA,NA,NA,NA,NA,NA,NA,NA,NA,NA,NA,NA
"358","2",2024-05-09,"SDNWA","2024-05-10",0.9456,0.913697,0.681559,0.215184,0.16869,0.1543,1.2,NA,7.29,NA,NA,NA,NA,NA,NA,NA,NA,NA,NA,NA,NA,NA,NA,16.3,737,42.3,3.92,13,NA,-5.6,15.7,0
"359","2",2024-05-22,"SDNWA","2024-05-23",1.2113,1.17027,0.850532,0.24995,0.19378,0.176907,1.2,NA,NA,NA,NA,NA,NA,NA,NA,NA,NA,NA,NA,NA,NA,NA,NA,NA,NA,NA,NA,NA,NA,NA,NA,NA
"360","2",2024-05-23,"SDNWA",NA,NA,NA,NA,NA,NA,NA,NA,NA,7.8,NA,NA,NA,NA,NA,NA,NA,NA,NA,NA,NA,NA,NA,NA,11.8,1179,68.5,7.32,8.5,NA,-41.4,10.8,100
"361","25",2020-07-15,"SDNWA",NA,NA,NA,NA,NA,NA,NA,NA,NA,9.05,NA,NA,NA,NA,NA,NA,NA,NA,NA,NA,NA,NA,NA,NA,23.9,3633,106.8,9.03,36.5,NA,NA,NA,NA
"362","25",2020-07-29,"SDNWA",NA,NA,NA,NA,NA,NA,NA,NA,NA,9.05,NA,217.67,61.1,NA,NA,NA,NA,NA,NA,NA,NA,NA,NA,NA,23.9,3633,106.8,9.03,30,NA,NA,NA,NA
"363","25",2020-08-12,"SDNWA",NA,NA,NA,NA,NA,NA,NA,NA,NA,8.92,NA,2408.58,64.5,NA,NA,NA,NA,NA,NA,NA,NA,NA,NA,NA,18.2,3432,96.3,8.94,7,NA,NA,NA,NA
"364","25",2020-08-23,"SDNWA",NA,NA,NA,NA,NA,NA,NA,NA,NA,8.69,NA,2692.39,68.9,NA,NA,NA,NA,NA,NA,NA,NA,NA,NA,NA,21.4,3971,80.2,7.02,17,NA,NA,NA,NA
"365","25",2020-09-05,"SDNWA",NA,NA,NA,NA,NA,NA,NA,NA,NA,8.83,NA,2767.61,72.5,NA,NA,NA,NA,NA,NA,NA,NA,NA,NA,NA,15.3,3610,111.21,11.14,15,NA,NA,NA,NA
"366","25",2020-10-04,"SDNWA",NA,NA,NA,NA,NA,NA,NA,NA,NA,8.78,NA,2837.43,76.9,NA,NA,NA,NA,NA,NA,NA,NA,NA,NA,NA,10.8,3400,138.7,15.17,10,NA,NA,NA,NA
"367","25",2021-05-23,"SDNWA",NA,1.75096,1.63032,1.07861,0.225447,0.163307,0.149589,1.2,NA,8.42,NA,3186.945,79.72,NA,NA,NA,0.367,NA,NA,NA,NA,106.13,NA,35.9024966,21.8,4463,NA,NA,12,NA,96.3,18,NA
"368","25",2021-06-06,"SDNWA",NA,1.80528,2.15612,1.32275,0.295598,0.219239,0.197901,1.2,NA,9.25,NA,3697.83,88.71,NA,NA,NA,0.53,NA,NA,NA,NA,129.12,NA,5.8954845472,18.3,4875,NA,NA,11,NA,19.4,15.4,85
"369","25",2021-06-23,"SDNWA",NA,1.58639,1.65701,1.2075,0.3077,0.229113,0.208729,1.2,NA,9.36,NA,3590.51,66.26,NA,NA,NA,0.073458534,NA,NA,NA,NA,106.6,NA,20.922896,19.1,4434,NA,7.73,10,NA,NA,17.6,85
"370","25",2021-07-06,"SDNWA",NA,2.0635,2.33291,1.21608,0.249746,0.185231,0.167135,1.2,NA,8.02,NA,3974.325,99.89,NA,NA,NA,0.481652042,NA,NA,NA,NA,145.77,NA,164.716096666667,20.2,5102,64.1,5.75,9,NA,22.6,16.4,100
"371","25",2021-07-22,"SDNWA",NA,1.81779,1.60762,1.30135,0.273415,0.204387,0.187136,1.2,NA,8.45,NA,4203.8,103.42,NA,NA,NA,0.420321655,NA,NA,NA,NA,154.16,NA,259.89926,23.4,5838,92,7.68,9,NA,112.6,21.3,22
"372","25",2021-08-04,"SDNWA",NA,1.67338,3.4353,1.37003,0.267945,0.19798,0.177493,1.2,NA,8.68,NA,4315.685,80.85,NA,NA,NA,0.805,NA,NA,NA,NA,108.71,NA,307.983322222222,21.5,5616,94.5,8.36,5,NA,73.4,19.9,90
"373","25",2021-08-18,"SDNWA",NA,NA,NA,NA,NA,NA,NA,NA,NA,8.94,NA,4693.865,110.2,NA,NA,NA,0.801933285,NA,NA,NA,NA,126.45,NA,268.4937625,17.5,5685,80.2,7.22,6,NA,33.6,15.1,80
"374","25",2021-09-01,"SDNWA",NA,NA,NA,NA,NA,NA,NA,NA,NA,9.11,NA,3396.49,88.55,NA,NA,NA,0.068211424,NA,NA,NA,NA,117.37,NA,540.727866666667,18.8,4954,105.6,8.89,3.5,NA,-26.3,15.6,100
"375","25",2021-09-19,"SDNWA",NA,NA,NA,NA,NA,NA,NA,NA,NA,9.01,NA,4606.005,118.62,NA,NA,NA,0.717004405,NA,NA,NA,NA,146.04,NA,414.347288,15,5.45,117.5,11.63,NA,NA,16.9,13.8,40
"376","26",2006-07-22,"SDNWA",NA,NA,NA,NA,NA,NA,NA,NA,NA,8.21,NA,229.486,27.89,3.025959125,NA,3.38544505029019,0.1669154200597,NA,4.930383379,NA,NA,0.7225216,88.05,NA,22.67,979,NA,5.5,NA,NA,NA,NA,NA
"377","35",2021-05-23,"SDNWA",NA,2.67415,2.61771,1.67597,0.333408,0.241227,0.215339,1.2,NA,8.56,NA,6349.345,117.51,NA,NA,NA,0.085,NA,NA,NA,NA,170.78,NA,84.2866842,22.2,7960,NA,NA,1.5,NA,68.5,140,80
"378","35",2021-06-06,"SDNWA",NA,1.58487,1.81246,1.99313,0.381965,0.274508,0.24993,1.2,NA,9.29,NA,7353.34,137.39,NA,NA,NA,1.067,NA,NA,NA,NA,158.27,NA,248.35907162,20.8,8770,NA,NA,4.5,NA,58.6,15.7,60
"379","35",2021-06-23,"SDNWA",NA,2.46242,3.21148,2.24464,0.508406,0.366969,0.329689,1.2,NA,9.24,NA,8943.48,181.28,NA,NA,NA,2.350944216,NA,NA,NA,NA,198.46,NA,5.17946672,22.7,11010,96.8,8.06,8,NA,-107,18.4,90
"380","35",2021-07-06,"SDNWA","2021-07-07",2.14943,1.6938,2.64424,0.747963,0.548838,0.48863,1.2,NA,8.25,NA,12027.24,283.22,NA,NA,NA,0.342889452,NA,NA,NA,NA,245.01,NA,189.83837595,NA,11954,45.6,4.26,1.5,NA,10.3,15.4,100
"381","35",2021-07-22,"SDNWA",NA,NA,NA,NA,NA,NA,NA,NA,NA,NA,NA,NA,NA,NA,NA,NA,NA,NA,NA,NA,NA,NA,NA,NA,NA,NA,NA,NA,NA,NA,NA,22.9,20
"382","35",2021-08-04,"SDNWA",NA,NA,NA,NA,NA,NA,NA,NA,NA,NA,NA,NA,NA,NA,NA,NA,NA,NA,NA,NA,NA,NA,NA,NA,NA,NA,NA,NA,NA,NA,NA,19.5,NA
"383","35",2021-08-18,"SDNWA",NA,NA,NA,NA,NA,NA,NA,NA,NA,NA,NA,NA,NA,NA,NA,NA,NA,NA,NA,NA,NA,NA,NA,NA,NA,NA,NA,NA,NA,NA,NA,17.2,10
"384","35",2021-09-01,"SDNWA",NA,NA,NA,NA,NA,NA,NA,NA,NA,NA,NA,NA,NA,NA,NA,NA,NA,NA,NA,NA,NA,NA,NA,NA,NA,NA,NA,NA,NA,NA,NA,NA,100
"385","35",2021-09-19,"SDNWA",NA,NA,NA,NA,NA,NA,NA,NA,NA,NA,NA,NA,NA,NA,NA,NA,NA,NA,NA,NA,NA,NA,NA,NA,NA,NA,NA,NA,NA,NA,NA,NA,NA
"386","35",2022-05-10,"SDNWA","2022-05-11",0.689434,0.661618,0.475352,0.136538,0.106369,0.0974231,1.2,NA,9.5,NA,1435.685,17.18,NA,NA,NA,NA,NA,NA,NA,NA,39.71,NA,3.55977292,12.6,1608,143.4,14.92,26,NA,6.5,9.8,97
"387","35",2022-05-24,"SDNWA","2022-05-26",0.797325,0.765921,0.534836,0.135635,0.103325,0.938389,1.2,NA,9.07,NA,1850.415,23.01,NA,NA,NA,NA,NA,NA,NA,NA,42.3,NA,5.88409584,20.6,2547,122.5,11.04,26,NA,25.9,17.1,45
"388","35",2022-06-08,"SDNWA","2022-06-10",1.2157,1.16805,0.774792,0.184051,0.138044,0.124772,1.2,NA,8.32,NA,2665.215,34.31,NA,NA,NA,NA,NA,NA,NA,NA,62.63,NA,3.21764228,NA,NA,NA,NA,NA,NA,NA,NA,NA
"389","35",2022-06-09,"SDNWA",NA,NA,NA,NA,NA,NA,NA,NA,NA,8.32,NA,NA,NA,NA,NA,NA,NA,NA,NA,NA,NA,NA,NA,NA,25.6,4183,103.1,8.35,23,NA,24.5,17,75
"390","35",2022-06-21,"SDNWA","2022-06-23",0.692154,0.664657,0.438986,0.106211,0.0798751,0.0721393,1.2,NA,8.17,NA,2848.32,42.71,NA,NA,NA,NA,NA,NA,NA,NA,83.79,NA,5.99380948,24.3,4581,113.8,9.38,18,NA,91.2,20.5,5
"391","35",2022-07-06,"SDNWA","2022-07-08",0.814973,0.781652,0.503588,0.114052,0.0842792,0.0755653,1.2,NA,8.34,NA,3421.145,48.23,NA,NA,NA,NA,NA,NA,NA,NA,93.27,NA,9.76023884,24.2,5391,122.6,10.09,15,NA,57.9,24.3,60
"392","35",2022-07-19,"SDNWA","2022-07-21",2.03304,1.97015,1.28162,0.297188,0.220264,0.198106,1.2,NA,8.47,NA,3735.45,65.67,NA,NA,NA,NA,NA,NA,NA,NA,88.29,NA,29.3969662,33.7,7212,188.8,12.57,12,NA,35.5,30,5
"393","35",2022-08-03,"SDNWA","2022-08-04",2.08745,2.01657,1.29816,0.291529,0.215599,0.19381,1.2,NA,8.95,NA,4463.445,66.15,NA,NA,NA,NA,NA,NA,NA,NA,57.62,NA,16.18304888,25.5,6195,157.8,12.86,9,NA,36.4,17,2
"394","35",2022-08-16,"SDNWA","2022-08-17",2.52463,2.45947,1.62014,0.366546,0.273456,0.246909,1.2,NA,8.55,NA,5177.785,80.36,NA,NA,NA,NA,NA,NA,NA,NA,47.73,NA,78.7534552,25.1,6723,124.4,10.04,2,NA,11505,20.3,NA
"395","35",2023-05-17,"SDNWA","2023-05-18",1.26163,1.21285,0.86725,0.252387,0.193354,0.175283,1.2,NA,7.87,NA,NA,39.215,NA,NA,NA,NA,NA,NA,NA,NA,62.155,NA,3.66037916,14.5,2163,62,6.28,21,NA,43.2,11.5,100
"396","35",2023-05-30,"SDNWA","2023-06-01",1.3677,1.31569,0.922265,0.257412,0.191742,0.177235,1.2,NA,7.91,NA,NA,NA,NA,NA,NA,NA,NA,NA,NA,NA,NA,NA,6.72047512,21.3,2919,108,9.45,20,NA,29.9,23.4,0
"397","35",2023-06-13,"SDNWA","2023-06-15",1.59587,1.53627,1.05141,0.280587,0.217326,0.192325,1.2,NA,7.94,NA,NA,NA,NA,NA,NA,NA,NA,NA,NA,NA,NA,NA,100.0773928,24.9,3775,90.1,7.36,25.2,NA,34.5,25.2,0
"398","35",2023-06-27,"SDNWA","2023-06-29",1.49259,1.43864,0.968597,0.243965,0.185128,0.167575,1.2,NA,8.14,NA,NA,NA,NA,NA,NA,NA,NA,NA,NA,NA,NA,NA,136.61265,23.1,3934,127.5,10.72,12,NA,1.9,22.6,0
"399","35",2023-07-11,"SDNWA",NA,NA,NA,NA,NA,NA,NA,NA,NA,NA,NA,NA,NA,NA,NA,NA,NA,NA,NA,NA,NA,NA,NA,NA,NA,NA,NA,NA,NA,NA,NA,NA,NA
"400","35",2023-07-20,"SDNWA",NA,NA,NA,NA,NA,NA,NA,NA,NA,NA,NA,NA,NA,NA,NA,NA,NA,NA,NA,NA,NA,NA,NA,NA,NA,NA,NA,NA,NA,NA,NA,NA,NA
"401","35",2023-08-15,"SDNWA",NA,NA,NA,NA,NA,NA,NA,NA,NA,NA,NA,NA,NA,NA,NA,NA,NA,NA,NA,NA,NA,NA,NA,NA,NA,NA,NA,NA,NA,NA,NA,NA,NA
"402","35",2024-04-25,"SDNWA",NA,NA,NA,NA,NA,NA,NA,NA,NA,8.33,NA,NA,NA,NA,NA,NA,NA,NA,NA,NA,NA,NA,NA,NA,13.3,196.8,116.8,12.19,17,NA,150.2,17,10
"403","35",2024-04-26,"SDNWA","2024-04-25",0.73009,0.700098,0.540752,0.181184,0.143299,0.131538,1.2,NA,NA,NA,NA,NA,NA,NA,NA,NA,NA,NA,NA,NA,NA,NA,NA,NA,NA,NA,NA,NA,NA,NA,NA,NA
"404","35",2024-05-09,"SDNWA","2024-05-10",0.928208,0.889182,0.676573,0.219354,0.171742,0.157309,1.2,NA,7.65,NA,NA,NA,NA,NA,NA,NA,NA,NA,NA,NA,NA,NA,NA,19.1,540,80.65,7.65,17,NA,-15,16.5,0
"405","35",2024-05-22,"SDNWA","2024-05-23",1.04365,1.00218,0.750483,0.238575,0.18705,0.171428,1.2,NA,NA,NA,NA,NA,NA,NA,NA,NA,NA,NA,NA,NA,NA,NA,NA,NA,NA,NA,NA,NA,NA,NA,NA,NA
"406","35",2024-05-23,"SDNWA",NA,NA,NA,NA,NA,NA,NA,NA,NA,7.4,NA,NA,NA,NA,NA,NA,NA,NA,NA,NA,NA,NA,NA,NA,10,577,84.7,9.75,29.5,NA,29.5,9.7,99
"407","35",2024-06-05,"SDNWA","2024-06-06",1.14021,1.09535,0.813213,0.256887,0.202606,0.18626,1.2,NA,7.36,NA,NA,NA,NA,NA,NA,NA,NA,NA,NA,NA,NA,NA,NA,13.3,780,74.3,7.75,17,NA,60.8,12.2,100
"408","35",2024-06-19,"SDNWA","2024-06-20",0.920391,0.884599,0.646309,0.191688,0.147856,0.13485,1.2,NA,7.59,NA,NA,NA,NA,NA,NA,NA,NA,NA,NA,NA,NA,NA,NA,11,793,96.6,10.62,17,NA,63.7,112,15
"409","35",2024-07-03,"SDNWA","2024-07-04",0.856147,0.822326,0.599292,0.180662,0.139783,0.12797,1.2,NA,7.05,NA,NA,NA,NA,NA,NA,NA,NA,NA,NA,NA,NA,NA,NA,16,994,123.8,12.18,15,NA,-110.8,16.2,0
"410","37",2021-05-23,"SDNWA",NA,1.71529,1.65154,1.071,0.24109,0.178637,0.160572,1.2,NA,8.3,NA,2619.495,62.22,NA,NA,NA,0.608,NA,NA,NA,NA,87.41,NA,4.9764494,23.3,4025,NA,NA,8,NA,134.3,21.4,60
"411","37",2021-06-06,"SDNWA",NA,1.70341,1.56399,1.29469,0.295041,0.219922,0.19337,1.2,NA,9.72,NA,3161.545,69.4,NA,NA,NA,0.768,NA,NA,NA,NA,73.27,NA,10.83009368,22,4172,NA,NA,7.5,NA,107.4,19,80
"412","37",2021-06-23,"SDNWA",NA,1.85292,1.77768,1.79466,0.386054,0.2818,0.255745,1.2,NA,9.98,NA,4770.715,85.61,NA,NA,NA,0.963652237,NA,NA,NA,NA,56.92,NA,29.6222006666667,23.9,5682,NA,11.03,11,NA,NA,16.6,85
"413","37",2022-05-10,"SDNWA","2022-05-11",1.08467,1.03888,0.740172,0.22307,0.171973,0.15688,1.2,NA,8.95,NA,1753.345,27.18,NA,NA,NA,NA,NA,NA,NA,NA,40.76,NA,3.69799304,14.4,2204,143.2,14.4,17,NA,1.7,11.1,98
"414","37",2022-05-24,"SDNWA","2022-05-26",1.07939,1.03406,0.727965,0.206778,0.158976,0.144575,1.2,NA,8.44,NA,1762.065,27.07,NA,NA,NA,NA,NA,NA,NA,NA,47.84,NA,17.48822408,21,2651,98.5,9.87,28,NA,55,16.1,50
"415","37",2022-06-08,"SDNWA","2022-06-10",1.4588,1.3928,0.950702,0.2439,0.184029,0.166727,1.2,NA,8.5,NA,2596.73,41.44,NA,NA,NA,NA,NA,NA,NA,NA,72.52,NA,1.8484916,NA,NA,NA,NA,NA,NA,NA,NA,NA
"416","37",2022-06-09,"SDNWA",NA,NA,NA,NA,NA,NA,NA,NA,NA,8.5,NA,NA,NA,NA,NA,NA,NA,NA,NA,NA,NA,NA,NA,NA,25.6,3966,102.9,8.4,17,NA,-51.3,17.7,75
"417","37",2022-06-21,"SDNWA","2022-06-23",0.666867,0.639002,0.434005,0.109914,0.0831455,0.0753006,1.2,NA,8.22,NA,2029.645,35.87,NA,NA,NA,NA,NA,NA,NA,NA,49.41,NA,24.44596268,26.5,3846,137.2,11.18,17,NA,32.1,21.1,7
"418","37",2022-07-06,"SDNWA","2022-07-08",0.87289,0.835749,0.556839,0.139506,0.105955,0.0953911,1.2,NA,8.22,NA,2333.48,47.7,NA,NA,NA,NA,NA,NA,NA,NA,64.14,NA,68.6079268,25.2,4078,117.2,9.44,9,NA,56.9,22,50
"419","37",2022-07-19,"SDNWA","2022-07-21",2.02982,1.95236,1.29134,0.309887,0.231077,0.208235,1.2,NA,8.21,NA,2807.975,57.21,NA,NA,NA,NA,NA,NA,NA,NA,66.25,NA,NA,33.1,5125,140.3,9.83,17,NA,-10.5,25.7,15
"420","37",2022-08-03,"SDNWA","2022-08-04",1.03772,0.998991,0.696606,0.199989,0.154817,0.141529,1.2,NA,9.46,NA,1322.86,25.865,NA,NA,NA,NA,NA,NA,NA,NA,28.945,NA,40.29865824,29.2,2253,118.2,9,8,NA,19.6,19.6,NA
"421","37",2022-08-16,"SDNWA",NA,NA,NA,NA,NA,NA,NA,NA,NA,NA,NA,NA,NA,NA,NA,NA,NA,NA,NA,NA,NA,NA,NA,NA,NA,NA,NA,NA,NA,NA,NA,NA,NA
"422","37",2022-08-29,"SDNWA",NA,NA,NA,NA,NA,NA,NA,NA,NA,NA,NA,NA,NA,NA,NA,NA,NA,NA,NA,NA,NA,NA,NA,NA,NA,NA,NA,NA,NA,NA,NA,NA,NA
"423","37",2022-09-12,"SDNWA",NA,NA,NA,NA,NA,NA,NA,NA,NA,NA,NA,NA,NA,NA,NA,NA,NA,NA,NA,NA,NA,NA,NA,NA,NA,NA,NA,NA,NA,NA,NA,NA,NA
"424","37",2023-05-17,"SDNWA","2023-05-18",1.66402,1.59729,1.10056,0.295802,0.22384,0.202306,1.2,NA,7.7,NA,NA,53.93,NA,NA,NA,NA,NA,NA,NA,NA,71.1,NA,8.17507872,14.7,4366,65.5,6.4,15,NA,91.3,11.4,100
"425","37",2023-05-30,"SDNWA","2023-06-01",1.4922,1.42897,0.974625,0.257541,0.192868,0.173927,1.2,NA,7.62,NA,NA,NA,NA,NA,NA,NA,NA,NA,NA,NA,NA,NA,25.4239372,20.7,4453,123.5,10.95,9,NA,63.9,22.1,0
"426","37",2023-06-13,"SDNWA",NA,NA,NA,NA,NA,NA,NA,NA,NA,NA,NA,NA,NA,NA,NA,NA,NA,NA,NA,NA,NA,NA,NA,NA,NA,NA,NA,NA,NA,NA,NA,NA,NA
"427","37",2023-06-27,"SDNWA",NA,NA,NA,NA,NA,NA,NA,NA,NA,NA,NA,NA,NA,NA,NA,NA,NA,NA,NA,NA,NA,NA,NA,NA,NA,NA,NA,NA,NA,NA,NA,NA,NA
"428","37",2023-07-11,"SDNWA",NA,NA,NA,NA,NA,NA,NA,NA,NA,NA,NA,NA,NA,NA,NA,NA,NA,NA,NA,NA,NA,NA,NA,NA,NA,NA,NA,NA,NA,NA,NA,NA,NA
"429","37",2023-07-20,"SDNWA",NA,NA,NA,NA,NA,NA,NA,NA,NA,NA,NA,NA,NA,NA,NA,NA,NA,NA,NA,NA,NA,NA,NA,NA,NA,NA,NA,NA,NA,NA,NA,NA,NA
"430","37",2023-08-15,"SDNWA",NA,NA,NA,NA,NA,NA,NA,NA,NA,NA,NA,NA,NA,NA,NA,NA,NA,NA,NA,NA,NA,NA,NA,NA,NA,NA,NA,NA,NA,NA,NA,NA,NA
"431","37",2024-04-25,"SDNWA",NA,NA,NA,NA,NA,NA,NA,NA,NA,7.35,NA,NA,NA,NA,NA,NA,NA,NA,NA,NA,NA,NA,NA,NA,11.9,164.1,44.4,4.81,17,NA,105.2,16.2,10
"432","37",2024-04-26,"SDNWA","2024-04-25",1.0154,0.973099,0.776344,0.292592,0.234461,0.216431,1.2,NA,NA,NA,NA,NA,NA,NA,NA,NA,NA,NA,NA,NA,NA,NA,NA,NA,NA,NA,NA,NA,NA,NA,NA,NA
"433","37",2024-05-09,"SDNWA","2024-05-10",1.18147,1.1305,0.901501,0.338914,0.270943,0.249544,1.2,NA,7.13,NA,NA,NA,NA,NA,NA,NA,NA,NA,NA,NA,NA,NA,NA,15.5,259.1,19,1.94,15.5,NA,-143.5,17.9,2
"434","37",2024-05-22,"SDNWA","2024-05-23",1.46556,1.40055,1.11335,0.415052,0.3317,0.305779,1.2,NA,NA,NA,NA,NA,NA,NA,NA,NA,NA,NA,NA,NA,NA,NA,NA,NA,NA,NA,NA,NA,NA,NA,NA,NA
"435","37",2024-05-23,"SDNWA",NA,NA,NA,NA,NA,NA,NA,NA,NA,7.4,NA,NA,NA,NA,NA,NA,NA,NA,NA,NA,NA,NA,NA,NA,9.3,291.5,64.1,7.75,27.5,NA,8.7,9.5,99
"436","37",2024-06-05,"SDNWA","2024-06-06",1.67135,1.59917,1.25541,0.451624,0.359743,0.331369,1.2,NA,7.83,NA,NA,NA,NA,NA,NA,NA,NA,NA,NA,NA,NA,NA,NA,13,413.3,62.2,6.56,19,NA,-74.4,12,100
"437","37",2024-06-19,"SDNWA","2024-06-20",1.48072,1.41666,1.08071,0.364826,0.287,0.263588,1.2,NA,7.4,NA,NA,NA,NA,NA,NA,NA,NA,NA,NA,NA,NA,NA,NA,12.2,447.8,63.7,6.83,24,NA,32.1,12.3,15
"438","37",2024-07-03,"SDNWA","2024-07-04",1.32958,1.27321,0.952478,0.310389,0.242436,0.222078,1.2,NA,7.1,NA,NA,NA,NA,NA,NA,NA,NA,NA,NA,NA,NA,NA,NA,16.4,559,27.3,2.67,19,NA,-197.4,17.4,0
"439","37",2024-07-18,"SDNWA","2024-07-19",1.53709,1.47476,1.09126,0.35743,0.279422,0.255899,1.2,NA,7.37,NA,NA,NA,NA,NA,NA,NA,NA,NA,NA,NA,NA,NA,NA,20.3,762,60.9,5.49,17.78,NA,134.2,21.1,0
"440","50",2006-07-21,"SDNWA",NA,NA,NA,NA,NA,NA,NA,NA,NA,8.04,NA,1325.08,36.84,3.001085776,NA,4.80915592149617,1.67779007019855,0.0167678108580486,34.88741263,NA,NA,0.9651236,117.2,NA,23.37,2748,NA,4.91,NA,NA,NA,NA,NA
"441","50",2022-05-10,"SDNWA",NA,NA,NA,NA,NA,NA,NA,NA,NA,8.9,NA,NA,NA,NA,NA,NA,NA,NA,NA,NA,NA,NA,NA,NA,12.7,4205,108,11.4,40,NA,4.5,10.9,85
"442","6",2021-05-23,"SDNWA",NA,0.745739,0.756179,0.545757,0.140956,0.104588,0.0950529,1.2,NA,7.3,NA,3169.965,31.82,NA,NA,NA,0.185,NA,NA,NA,NA,89.79,NA,6.03114,16.5,3515,NA,NA,15.5,NA,118.4,18,95
"443","6",2021-06-06,"SDNWA",NA,1.06663,1.14491,0.757194,0.204473,0.155163,0.142784,1.2,NA,8.86,NA,3239.93,37.73,NA,NA,NA,0.928,NA,NA,NA,NA,99.72,NA,10.550050692,19.3,4084,NA,NA,8.5,NA,NA,16.1,80
"444","6",2021-06-23,"SDNWA",NA,1.70377,2.12451,1.12963,0.244508,0.184059,0.168494,1.2,NA,9.01,NA,3928.52,59.48,NA,NA,NA,0.576310206,NA,NA,NA,NA,134.42,NA,40.7223724,27.2,5792,94.6,7.4,20,NA,60.3,21,70
"445","6",2022-05-10,"SDNWA","2022-05-11",0.813271,0.778087,0.559769,0.165136,0.125554,0.113885,1.2,NA,8.46,NA,1505.83,19.77,NA,NA,NA,NA,NA,NA,NA,NA,57.42,NA,1.76268868,11.8,2122,147,15.2,24,NA,23.1,9.8,100
"446","6",2022-05-24,"SDNWA","2022-05-26",0.888026,0.849223,0.603298,0.170214,0.129766,0.117607,1.2,NA,8.31,NA,1413.62,22.6,NA,NA,NA,NA,NA,NA,NA,NA,55.56,NA,4.90756664,20,2812,109.1,10.01,25,NA,31.3,17.9,20
"447","6",2022-06-08,"SDNWA","2022-06-10",1.25349,1.2022,0.835096,0.226619,0.171196,0.154819,1.2,NA,7.62,NA,4873.57,31.72,NA,NA,NA,NA,NA,NA,NA,NA,63.43,NA,21.65186208,NA,NA,NA,NA,NA,NA,NA,NA,NA
"448","6",2022-06-09,"SDNWA",NA,NA,NA,NA,NA,NA,NA,NA,NA,7.62,NA,NA,NA,NA,NA,NA,NA,NA,NA,NA,NA,NA,NA,NA,16.2,3339,35.1,3.29,26,NA,-29.5,15.9,100
"449","6",2022-06-21,"SDNWA","2022-06-23",0.597931,0.572963,0.397784,0.109187,0.0835136,0.0760083,1.2,NA,7.97,NA,4224.35,33.58,NA,NA,NA,NA,NA,NA,NA,NA,71.48,NA,63.534634956,24.6,3763,113.4,9.3,18,NA,-57.3,21.1,5
"450","6",2022-07-06,"SDNWA","2022-07-08",0.796123,0.763654,0.523469,0.14078,0.106307,0.0960471,1.2,NA,7.86,NA,5241.345,40.74,NA,NA,NA,NA,NA,NA,NA,NA,102.42,NA,9.076962216,22.9,4151,90.2,7.6,8,NA,-63.1,21.5,85
"451","6",2022-07-19,"SDNWA",NA,NA,NA,NA,NA,NA,NA,NA,NA,NA,NA,NA,NA,NA,NA,NA,NA,NA,NA,NA,NA,NA,NA,NA,NA,NA,NA,NA,NA,NA,NA,NA,NA
"452","6",2022-08-03,"SDNWA",NA,NA,NA,NA,NA,NA,NA,NA,NA,NA,NA,NA,NA,NA,NA,NA,NA,NA,NA,NA,NA,NA,NA,NA,NA,NA,NA,NA,NA,NA,NA,NA,NA
"453","6",2022-08-16,"SDNWA",NA,NA,NA,NA,NA,NA,NA,NA,NA,NA,NA,NA,NA,NA,NA,NA,NA,NA,NA,NA,NA,NA,NA,NA,NA,NA,NA,NA,NA,NA,NA,NA,NA
"454","6",2022-08-29,"SDNWA",NA,NA,NA,NA,NA,NA,NA,NA,NA,NA,NA,NA,NA,NA,NA,NA,NA,NA,NA,NA,NA,NA,NA,NA,NA,NA,NA,NA,NA,NA,NA,NA,NA
"455","6",2022-09-12,"SDNWA",NA,NA,NA,NA,NA,NA,NA,NA,NA,NA,NA,NA,NA,NA,NA,NA,NA,NA,NA,NA,NA,NA,NA,NA,NA,NA,NA,NA,NA,NA,NA,NA,NA
"456","6",2023-05-17,"SDNWA",NA,NA,NA,NA,NA,NA,NA,NA,NA,NA,NA,NA,NA,NA,NA,NA,NA,NA,NA,NA,NA,NA,NA,NA,NA,NA,NA,NA,NA,NA,NA,NA,NA
"457","6",2023-05-30,"SDNWA",NA,NA,NA,NA,NA,NA,NA,NA,NA,NA,NA,NA,NA,NA,NA,NA,NA,NA,NA,NA,NA,NA,NA,NA,NA,NA,NA,NA,NA,NA,NA,NA,NA
"458","6",2023-06-13,"SDNWA",NA,NA,NA,NA,NA,NA,NA,NA,NA,NA,NA,NA,NA,NA,NA,NA,NA,NA,NA,NA,NA,NA,NA,NA,NA,NA,NA,NA,NA,NA,NA,NA,NA
"459","6",2023-06-27,"SDNWA",NA,NA,NA,NA,NA,NA,NA,NA,NA,NA,NA,NA,NA,NA,NA,NA,NA,NA,NA,NA,NA,NA,NA,NA,NA,NA,NA,NA,NA,NA,NA,NA,NA
"460","6",2023-07-11,"SDNWA",NA,NA,NA,NA,NA,NA,NA,NA,NA,NA,NA,NA,NA,NA,NA,NA,NA,NA,NA,NA,NA,NA,NA,NA,NA,NA,NA,NA,NA,NA,NA,NA,NA
"461","6",2023-07-20,"SDNWA",NA,NA,NA,NA,NA,NA,NA,NA,NA,NA,NA,NA,NA,NA,NA,NA,NA,NA,NA,NA,NA,NA,NA,NA,NA,NA,NA,NA,NA,NA,NA,NA,NA
"462","6",2023-08-15,"SDNWA",NA,NA,NA,NA,NA,NA,NA,NA,NA,NA,NA,NA,NA,NA,NA,NA,NA,NA,NA,NA,NA,NA,NA,NA,NA,NA,NA,NA,NA,NA,NA,NA,NA
"463","60",2006-07-21,"SDNWA",NA,NA,NA,NA,NA,NA,NA,NA,NA,7.26,NA,3.031,39.34,1.907117438,NA,1.11992501423416,0.0453959156890126,NA,4.053478145,NA,NA,0.2371975,59.09,NA,23.4,333,NA,7.87,NA,NA,NA,NA,NA
"464","65",2006-07-22,"SDNWA",NA,NA,NA,NA,NA,NA,NA,NA,NA,8.75,NA,1517.219,45.62,1.807715914,NA,0.568241245884876,0.366221656575774,NA,64.44827073,NA,NA,0.8152388,113.5,NA,23.36,2723,NA,13.83,NA,NA,NA,NA,NA
"465","66",2006-07-22,"SDNWA",NA,NA,NA,NA,NA,NA,NA,NA,NA,8.16,NA,8167.45,47.4,2.02092827,NA,3.26167576304097,1.0830789947658,NA,33.2062128,NA,NA,1.162568,144.2,NA,23.44,11220,NA,1.64,NA,NA,NA,NA,NA
"466","67",2006-07-22,"SDNWA",NA,NA,NA,NA,NA,NA,NA,NA,NA,8.75,NA,1549.723,31.56,3.027978454,NA,2.84,0.580827097444597,0.0299069992471586,20.45165836,NA,NA,0.9144414,107.7,NA,23.4,2968,NA,9.25,NA,NA,NA,NA,NA
"467","70",2021-05-23,"SDNWA",NA,1.4954,2.50497,1.51594,0.31993,0.22738,0.20777,1.2,NA,8.47,NA,NA,129.75,NA,NA,NA,NA,NA,NA,NA,NA,131.56,NA,18.0456544,17.7,13815,NA,NA,7,NA,68.4,16.5,100
"468","70",2021-06-06,"SDNWA",NA,1.39915,1.37255,1.53642,0.386691,0.280105,0.252553,1.2,NA,9.64,NA,NA,145.09,NA,NA,NA,NA,NA,NA,NA,NA,115.97,NA,9.40737676,19,14724,NA,NA,12.5,NA,NA,14.1,NA
"469","70",2021-06-23,"SDNWA","2021-06-25",2.09706,2.35998,2.49887,0.551339,0.406696,0.367165,1.2,NA,9.6,NA,NA,157.4,NA,NA,NA,NA,NA,NA,NA,NA,130.18,NA,49.2428512,26.6,21120,NA,NA,13,NA,NA,NA,90
"470","88",2006-07-21,"SDNWA",NA,NA,NA,NA,NA,NA,NA,NA,NA,7.31,NA,3.681,39.66,1.554689864,NA,0.596485669096776,0.041098812133318,NA,6.890159188,NA,NA,0.275029,62.56,NA,21.72,401,NA,3.48,NA,NA,NA,NA,NA
"471","97/98",2006-07-20,"SDNWA",NA,NA,NA,NA,NA,NA,NA,NA,NA,7.74,NA,579.106,49.02,0.986039371880457,NA,2.57914395353983,1.07201909267367,0.861990269300282,41.5649189,NA,NA,20.1479114,79.815,NA,25.15,1488,NA,3.96,NA,NA,NA,NA,NA
"472","97/98",2006-09-06,"SDNWA",NA,NA,NA,NA,NA,NA,NA,NA,NA,8.23,NA,761.798,43,1.14863023273256,NA,1.99,0.651961445926893,0.210028823373388,32.7618817,NA,NA,39.063586,120.2,NA,18.5,1715,NA,5.92,NA,NA,NA,NA,NA
"473","97/98",2020-06-11,"SDNWA",NA,NA,NA,NA,NA,NA,NA,NA,NA,6.18,NA,1933.8,32.8,NA,NA,NA,NA,NA,NA,NA,NA,NA,NA,NA,20.51,3345,6.6,0.59,NA,NA,NA,NA,NA
"474","97/98",2020-06-29,"SDNWA",NA,NA,NA,NA,NA,NA,NA,NA,"NO YSI",NA,NA,2039.59,45.8,0.0225984716157205,NA,NA,NA,NA,NA,NA,NA,NA,NA,NA,NA,NA,NA,NA,52,NA,NA,NA,NA
"475","97/98",2020-07-15,"SDNWA",NA,NA,NA,NA,NA,NA,NA,NA,NA,8.73,NA,2184.8,47.8,NA,NA,NA,NA,NA,NA,NA,NA,NA,NA,NA,20.6,3099,150.3,13.4,54,NA,NA,NA,NA
"476","97/98",2020-07-29,"SDNWA",NA,NA,NA,NA,NA,NA,NA,NA,NA,8.5,NA,2417.2,52.5,NA,NA,NA,NA,NA,NA,NA,NA,NA,NA,NA,26.4,3842,86.1,6.85,72,NA,NA,NA,NA
"477","97/98",2020-08-12,"SDNWA",NA,NA,NA,NA,NA,NA,NA,NA,NA,8.93,"<0.02",2667.07,54.3,NA,NA,NA,NA,NA,NA,NA,NA,NA,NA,NA,20,3587,113.5,10.15,31,NA,NA,NA,NA
"478","97/98",2020-08-23,"SDNWA",NA,NA,NA,NA,NA,NA,NA,NA,NA,8.92,NA,2974.24,60.3,NA,NA,NA,NA,NA,NA,NA,NA,NA,NA,NA,23.6,4193,120.4,10.33,73,NA,NA,NA,NA
"479","97/98",2020-09-05,"SDNWA",NA,NA,NA,NA,NA,NA,NA,NA,NA,9.35,NA,3190.74,99.5,NA,NA,NA,NA,NA,NA,NA,NA,NA,NA,NA,18.3,4002,149.6,13.87,60,NA,NA,NA,NA
"480","97/98",2020-09-20,"SDNWA",NA,NA,NA,NA,NA,NA,NA,NA,NA,9.29,NA,3465.57,69.8,NA,NA,NA,NA,NA,NA,NA,NA,NA,NA,NA,15.4,4050,112.3,10.71,56,NA,NA,NA,NA
"481","97/98",2020-10-04,"SDNWA",NA,NA,NA,NA,NA,NA,NA,NA,NA,9.38,NA,3488.65,64,NA,NA,NA,NA,NA,NA,NA,NA,NA,NA,NA,14.7,4099,182.9,18.01,42,NA,NA,NA,NA
"482","97/98",2021-05-19,"SDNWA",NA,2.29028,1.29678,0.83107,0.167002,0.121961,0.108633,1.2,NA,8.64,NA,3029.605,56.56,NA,NA,NA,0.227,NA,NA,NA,NA,69.08,NA,3.069690482,13.2,3210,NA,NA,43.6,NA,153.4,13.2,75
"483","97/98",2021-06-06,"SDNWA",NA,1.55485,1.4652,1.01097,0.22555,0.163247,0.149576,1.2,NA,9.4,NA,3256.31,65.35,NA,NA,NA,0.456,NA,NA,NA,NA,74.93,NA,38.90909152,19.5,4390,NA,NA,21.5,NA,NA,18.2,0
"484","97/98",2021-06-22,"SDNWA",NA,1.46902,1.62346,1.13713,0.261388,0.188709,0.172432,1.2,NA,9.32,NA,4221.89,78.4,NA,NA,NA,0.529475127,NA,NA,NA,NA,82.6,NA,NA,23.5,4925,126.5,10.54,25,NA,NA,19,65
"485","97/98",2021-07-06,"SDNWA","2021-07-07",1.80307,1.67447,1.41976,0.317668,0.232313,0.2066567,1.2,NA,8.34,NA,5206.5,81.14,NA,NA,NA,0.40601464,NA,NA,NA,NA,74.39,NA,22.33973008,21,6211,94.4,8.2,16,NA,-72.7,17.5,100
"486","97/98",2021-07-22,"SDNWA","2021-07-23",1.3322,1.63325,1.6895,0.397797,0.297838,0.260291,1.2,NA,8.17,NA,6688.3,132.53,NA,NA,NA,0.771669375,NA,NA,NA,NA,100.72,NA,92.3783579333333,26.3,8369,124.9,9.88,13,NA,75.2,26,60
"487","97/98",2021-08-04,"SDNWA","2021-08-05",2.00016,1.70948,1.95344,0.565561,0.4062,0.363366,1.2,NA,8.2,NA,8859.45,133.88,NA,NA,NA,1.193,NA,NA,NA,NA,94.86,NA,68.865462,22.4,9629,102.9,8.46,3,NA,50.4,18.4,100
"488","97/98",2021-08-18,"SDNWA",NA,NA,NA,NA,NA,NA,NA,NA,NA,8.85,NA,11233.67,229.51,NA,NA,NA,2.184683782,NA,NA,NA,NA,119.73,NA,114.161891,18.4,10937,95.4,8.49,3,NA,-159.4,15.6,100
"489","97/98",2021-09-01,"SDNWA",NA,NA,NA,NA,NA,NA,NA,NA,NA,8.3,NA,6217.035,137.96,NA,NA,NA,2.609002027,NA,NA,NA,NA,92.36,NA,71.8785625,15.5,6270,88.8,8,1.5,NA,-1.975,13.3,100
"490","97/98",2021-09-19,"SDNWA",NA,NA,NA,NA,NA,NA,NA,NA,NA,NA,NA,NA,NA,NA,NA,NA,NA,NA,NA,NA,NA,NA,NA,NA,NA,NA,NA,NA,NA,NA,NA,NA,NA
"491","97/98",2022-05-10,"SDNWA","2022-05-11",1.40443,1.3496,0.84774,0.170026,0.124443,0.111703,1.2,NA,9.01,NA,3702.99,49.68,NA,NA,NA,NA,NA,NA,NA,NA,29.84,NA,0.6781482,11,4207,106,11.1,21,NA,-13.4,8.5,100
"492","97/98",2022-05-24,"SDNWA","2022-05-26",1.56602,1.50494,0.937895,0.188894,0.137787,0.123649,1.2,NA,8.59,NA,4659.885,52.95,NA,NA,NA,NA,NA,NA,NA,NA,48.58,NA,3.4046812384,19.1,6000,99.1,8.77,24,NA,64.9,15.3,25
"493","97/98",2022-06-08,"SDNWA","2022-06-10",1.4411,1.38035,0.84119,0.167864,0.1221363,0.109475,1.2,NA,8.2,NA,7332.395,100.34,NA,NA,NA,NA,NA,NA,NA,NA,60.68,NA,3.76338532,28.5,1133,77.8,6.04,16,NA,-118.7,20.6,25
"494","97/98",2022-06-21,"SDNWA","2022-06-23",0.980669,0.936787,0.572776,0.122142,0.0908894,0.0820992,1.2,NA,8.71,NA,6134.27,96.19,NA,NA,NA,NA,NA,NA,NA,NA,64.16,NA,4.488716,25.5,9979,138.8,11.19,10,NA,-42.2,17.4,45
"495","97/98",2022-07-06,"SDNWA","2022-07-07; 2022-07-08",0.9759305,0.938914,0.5801565,0.11972455,0.0871588,0.07797635,1.2,NA,9.05,NA,12205.13,123.11,NA,NA,NA,NA,NA,NA,NA,NA,46.09,NA,9.57717204,30.1,13419,183.8,13.06,6.5,NA,32.9,20.1,85
"496","97/98",2022-07-19,"SDNWA","2022-07-21",3.91224,3.76243,3.05803,0.655585,0.473224,0.422103,1.2,NA,8.8,NA,9551.78,180.94,NA,NA,NA,NA,NA,NA,NA,NA,65.11,NA,50.27410344,32.4,16622,186.7,12.89,5,NA,50,22.5,0
"497","97/98",2022-08-03,"SDNWA","2022-08-04",2.71544,2.64632,1.70018,0.345157,0.25056,0.223473,1.2,NA,8.36,NA,7266.2,101.815,NA,NA,NA,NA,NA,NA,NA,NA,55.5,NA,7.8669068,21,8045,79.2,6.7,5.8,NA,-29,16.4,30
"498","97/98",2022-08-16,"SDNWA",NA,NA,NA,NA,NA,NA,NA,NA,NA,NA,NA,NA,NA,NA,NA,NA,NA,NA,NA,NA,NA,NA,NA,NA,NA,NA,NA,NA,NA,NA,NA,NA,NA
"499","97/98",2022-08-29,"SDNWA",NA,NA,NA,NA,NA,NA,NA,NA,NA,NA,NA,NA,NA,NA,NA,NA,NA,NA,NA,NA,NA,NA,NA,NA,NA,NA,NA,NA,NA,NA,NA,NA,NA
"500","97/98",2022-09-12,"SDNWA",NA,NA,NA,NA,NA,NA,NA,NA,NA,NA,NA,NA,NA,NA,NA,NA,NA,NA,NA,NA,NA,NA,NA,NA,NA,NA,NA,NA,NA,NA,NA,NA,NA
"501","97/98",2023-05-17,"SDNWA",NA,NA,NA,NA,NA,NA,NA,NA,NA,NA,NA,NA,NA,NA,NA,NA,NA,NA,NA,NA,NA,NA,NA,NA,NA,NA,NA,NA,NA,NA,NA,NA,NA
"502","97/98",2023-05-30,"SDNWA",NA,NA,NA,NA,NA,NA,NA,NA,NA,NA,NA,NA,NA,NA,NA,NA,NA,NA,NA,NA,NA,NA,NA,NA,NA,NA,NA,NA,NA,NA,NA,NA,NA
"503","97/98",2023-06-13,"SDNWA",NA,NA,NA,NA,NA,NA,NA,NA,NA,NA,NA,NA,NA,NA,NA,NA,NA,NA,NA,NA,NA,NA,NA,NA,NA,NA,NA,NA,NA,NA,NA,NA,NA
"504","97/98",2023-06-27,"SDNWA",NA,NA,NA,NA,NA,NA,NA,NA,NA,NA,NA,NA,NA,NA,NA,NA,NA,NA,NA,NA,NA,NA,NA,NA,NA,NA,NA,NA,NA,NA,NA,NA,NA
"505","97/98",2023-07-11,"SDNWA",NA,NA,NA,NA,NA,NA,NA,NA,NA,NA,NA,NA,NA,NA,NA,NA,NA,NA,NA,NA,NA,NA,NA,NA,NA,NA,NA,NA,NA,NA,NA,NA,NA
"506","97/98",2023-07-20,"SDNWA",NA,NA,NA,NA,NA,NA,NA,NA,NA,NA,NA,NA,NA,NA,NA,NA,NA,NA,NA,NA,NA,NA,NA,NA,NA,NA,NA,NA,NA,NA,NA,NA,NA
"507","97/98",2023-08-15,"SDNWA",NA,NA,NA,NA,NA,NA,NA,NA,NA,NA,NA,NA,NA,NA,NA,NA,NA,NA,NA,NA,NA,NA,NA,NA,NA,NA,NA,NA,NA,NA,NA,NA,NA
"508","97/98",2024-04-25,"SDNWA",NA,NA,NA,NA,NA,NA,NA,NA,NA,7.99,NA,NA,NA,NA,NA,NA,NA,NA,NA,NA,NA,NA,NA,NA,20.1,2465,86.6,7.8,10,NA,105.2,14.5,10
"509","97/98",2024-04-26,"SDNWA","2024-04-25",0.870083,0.835752,0.595194,0.180122,0.138656,0.126267,1.2,NA,NA,NA,NA,NA,NA,NA,NA,NA,NA,NA,NA,NA,NA,NA,NA,NA,NA,NA,NA,NA,NA,NA,NA,NA
