"","Pond","Date","Time","Temp_degC","pH","SPC_uS.cm","DO_mg.L","SRP_mg.L","TDP_mg.L","TP_mg.L","NH3_mg.L","Urea_mg.L","NO3_mg.L","TDN_mg.L","TN_mg.L","SO4_mg.L","Delta2H","Delta18O","Chla_ug.L","Alk_mg.L","Comments","DataFile","Error","RunDate"
"1","1",2014-08-25,NA,21,NA,2.74,NA,0.0394,0.06748875,0.07475875,0.123,NA,NA,NA,NA,NA,-96,-9.42,38.695,NA,NA,"SDWS_wq",NA,NA
"2","1",2015-07-07,NA,NA,NA,NA,NA,0.077,NA,0.2908827102677,0.007,NA,0.00145,NA,NA,NA,-90.86,-8.59,31.9406349203174,NA,"Ideally Chla Samples are ran within 30 days of collection","SDWS_wq; SDWS_chla",3.224235437,"2015-11-19"
"3","1",2016-04-20,"10:05",NA,8.06,2385,NA,0.0032,NA,0.21,0.0065,NA,0.007725,NA,NA,1378.875,-97.45,-10.52,33.285,NA,NA,"SDWS_wq; SDWS_chla",8.886885985,"2016-05-26"
"4","1",2016-07-18,NA,NA,8.68,2165,NA,0,NA,0.174,0.032,NA,-0.0054,NA,NA,1625.92721003,-86.74,-8.19,28.0278421076316,NA,NA,"SDWS_wq; SDWS_chla",-8.033740885,"2016-08-09"
"5","1",2017-07-11,NA,NA,NA,NA,NA,0.0158143,0.136,0.292,0.04945625,NA,0.0382,NA,NA,NA,NA,NA,64.32625,NA,NA,"SDWS_wq; SDWS_chla",-29.01226171,"2017-10-23"
"6","1",2017-10-16,NA,NA,NA,NA,NA,-0.0309,0.04690448,0.23298092,0.1632,NA,0.02175,NA,NA,NA,NA,NA,74.2960084016807,NA,NA,"SDWS_wq; SDWS_chla",71.80848808,"2017-10-23"
"7","1",2019-05-22,NA,NA,9.95,2621,NA,0.0022,0.035,0.271,-0.01769364,0.14435,0.0153,NA,2.581,1963.695,NA,NA,49.476,340.41,NA,"SDWS_wq; SDWS_chla",NA,"2019-07-18"
"8","1",2019-07-09,NA,NA,9.03,2994,NA,0.01715,0.0655,0.3225,0.0172,0.167135925,0.25885,NA,3.225,1156.06,NA,NA,49.8185185192592,329.69,NA,"SDWS_wq; SDWS_chla",NA,"2019-07-18"
"9","1",2020-09-09,"11:38",12.11,8.04,3458,13.5,0.02755,0.064,0.1925,0.041975,0.26854085544,0.011,2.341,2.3885,1917.365,NA,NA,56.6564417685342,NA,NA,"SDWS_wq; SDWS_chla",-11.6570148,"2020-12-07"
"10","1",2021-05-13,NA,16.2,8.47,3662,NA,0.0171,0.064,0.2485,0.08525,0.39515,0.00925,2.463,3.191,411.08,NA,NA,35.844578313253,NA,NA,"SDWS_wq; SDWS_chla",NA,"2021-10-21"
"11","1",2021-07-15,NA,23.71,8.13,4096,NA,0.02015,0.02473392,0.16121328,-0.0595,0.1991,0.007025,4.379,4.7875,1410.39,NA,NA,98.1775,NA,"YSI in lab","SDWS_wq; SDWS_chla",NA,"2021-10-21"
"12","1",2021-10-13,NA,NA,8.02,4884,NA,0.0168,0.0635,0.305,-0.0765,0.466,0.0546,5.153,6.7915,965.78,NA,NA,129.519444444444,NA,"YSI in lab following day","SDWS_wq; SDWS_chla",NA,"2021-10-21"
"13","1",2022-05-11,NA,16.9,7.64,3737,NA,0.0087,0.0565,0.305,0.082,0.22275,0.07165,3.2975,4.0065,2309.11,NA,NA,66.5866363618182,NA,NA,"SDWS_wq; SDWS_chla",17.9296146,"2022-05-20"
"14","1",2022-10-13,NA,9.3,7.64,5814,10.83,0.013,0.1105,0.445,0.008,0.2437,0.0564,8.3065,10.454,4337.885,NA,NA,179.165,NA,"YSI done in lab following morning, temp and O2 probably not reflect pond conditions","SDWS_wq; SDWS_chla",30.12307091,NA
"15","10",2014-08-25,NA,17,NA,1.184,NA,1.7079,0.147,0.13291875,NA,NA,NA,NA,NA,NA,-97.13,-11.76,63.232,NA,NA,"SDWS_wq",NA,NA
"16","100",2014-08-12,NA,15.9,NA,0.912,NA,1.57019996643066,0.9313384,1.0759528,0.70949998497963,NA,NA,NA,NA,NA,-102.2,-10.63,54.341,NA,NA,"SDWS_wq",NA,NA
"17","103",2014-08-11,NA,19.4,NA,1.42,NA,0.7153500020504,0.839448,0.975024,0.247500002384186,NA,0.7153500020504,NA,NA,584.705,NA,NA,102.922,NA,"two different dates labelled in the chem files","SDWS_wq",NA,NA
"18","103",2014-08-12,NA,17.4,NA,1.501,NA,0.489649996161461,0.5892865,0.6998124,0.0593000017106533,NA,NA,NA,NA,460.4,-89.67,-9.18,49.873,NA,"two different dates labelled in the chem files","SDWS_wq",NA,NA
"19","103",2015-07-06,NA,NA,NA,NA,NA,1.22225,NA,1.3643453560652,0.1205,NA,0.0024,NA,NA,NA,-82.64,-6.56,70.658,NA,NA,"SDWS_wq; SDWS_chla",-10.5805429,"2015-11-19"
"20","103",2016-04-20,"11:00",NA,8.43,644,NA,0.45935,NA,0.7835,0.0085,NA,0.0054,NA,NA,220.32,-106.53,-12.35,134.243157189635,NA,NA,"SDWS_wq; SDWS_chla",-84.91799294,"2016-05-26"
"21","103",2016-05-12,NA,NA,NA,NA,NA,NA,NA,NA,NA,NA,NA,NA,NA,NA,-93.57,-10.26,NA,NA,NA,"SDWS_wq",NA,NA
"22","103",2016-07-18,NA,NA,8.94,1039,NA,1.62115,NA,1.907,0.2775,NA,0.00175,NA,NA,296.305096504,-78.2,-6.53,196.192,NA,NA,"SDWS_wq; SDWS_chla",-53.53123471,"2016-08-09"
"23","103",2017-07-12,NA,NA,NA,NA,NA,0.10932875,2.4815,2.5285,2.36449875,NA,0.0188,NA,NA,NA,NA,NA,61.845,NA,NA,"SDWS_wq; SDWS_chla",2.139757997,"2017-10-23"
"24","103",2017-10-17,NA,NA,NA,NA,NA,1.67767515,0.2208682,0.50603922,0.08705,NA,0.01885,NA,NA,NA,NA,NA,190.19835859293,NA,NA,"SDWS_wq; SDWS_chla",-107.3574836,"2017-10-23"
"25","103",2019-05-22,NA,NA,9.2,746,NA,2.06945,2.16,2.4355,0.70764812,0.52515,0.0261,NA,3.903,242.935,NA,NA,3.1915,308.075,NA,"SDWS_wq; SDWS_chla",NA,"2019-07-18"
"26","103",2019-06-03,NA,NA,NA,NA,NA,1.82995,2.326,2.093,0.085,NA,NA,NA,NA,NA,NA,NA,NA,NA,"From Amy H. Data I think? Not SDWS","SDWS_wq",NA,NA
"27","103",2019-07-09,NA,NA,9.2,904,NA,6.07095,6.395,6.899,1.05555,0.8290617,0.2556,NA,6.332,291.88,NA,NA,152.807058811764,445.055,NA,"SDWS_wq; SDWS_chla",NA,"2019-07-18"
"28","105",2014-08-11,NA,17.9,NA,0.717,NA,1.72780001163483,0.9238064,0.9855688,0.600699990987778,NA,NA,NA,NA,9.475,-90.69,-8.54,58.8566666666667,NA,NA,"SDWS_wq",NA,NA
"29","105",2015-07-06,NA,NA,NA,NA,NA,1.5573,NA,3.1428124389912,0.63,NA,4e-04,NA,NA,NA,-74.48,-4.42,365.482857121428,NA,NA,"SDWS_wq; SDWS_chla",125.5591429,"2015-11-19"
"30","105",2016-04-20,"11:15",NA,8.02,312,NA,0.3832,NA,0.6395,0.0125,NA,0.0068,NA,NA,217.99,-113.86,-13.4,29.0010593210169,NA,NA,"SDWS_wq; SDWS_chla",-51.21233152,"2016-05-26"
"31","105",2016-05-12,NA,NA,NA,NA,NA,NA,NA,NA,NA,NA,NA,NA,NA,NA,-99.17,-10.96,NA,NA,NA,"SDWS_wq",NA,NA
"32","105",2016-07-18,NA,NA,8.77,498,NA,3.0115,NA,4.747,0.322,NA,-0.0018,NA,NA,5.9268129196,-76.73,-5.47,476.784333316667,NA,NA,"SDWS_wq; SDWS_chla",-19.0452287,"2016-08-09"
"33","106",2014-08-11,NA,22.3,NA,0.529,NA,1.32650005817413,0.5848664,0.8560184,0.0263000000268221,NA,1.32650005817413,NA,NA,7.645,NA,NA,65.488,NA,NA,"SDWS_wq",NA,NA
"34","106A",2014-08-11,NA,NA,NA,NA,NA,NA,NA,NA,NA,NA,NA,NA,NA,NA,-81.64,-8.75,NA,NA,"No A pond listed just 106 in field ntoes","SDWS_wq",NA,NA
"35","106B",2014-08-11,NA,NA,NA,NA,NA,NA,NA,NA,NA,NA,NA,NA,NA,NA,-87.65,-8,NA,NA,"No B pond listed just 106 in field notes","SDWS_wq",NA,NA
"36","107",2014-08-11,NA,17.9,NA,0.687,NA,2.72059988975525,1.0006328,1.2672656,0.0385500006377697,NA,2.72059988975525,NA,NA,NA,NA,NA,202.044137931034,NA,NA,"SDWS_wq",NA,NA
"37","107",2022-05-11,NA,13.12,6.05,233,NA,2.76195,3.021,3.0265,0.102,0.633,0.06595,2.5225,2.6175,16.54,NA,NA,9.64539285707143,NA,NA,"SDWS_wq; SDWS_chla",26.89144706,"2022-05-20"
"38","108",2014-08-11,NA,19.1,NA,2.12,NA,0.878150016069412,1.0488376,1.155792,0.0294000003486872,NA,0.878150016069412,NA,NA,973.27,NA,NA,24.022,NA,NA,"SDWS_wq",NA,NA
"39","109",2014-08-11,NA,18.2,NA,1.28,NA,0.265300005674362,0.4044727,0.5711675,0.0280499998480082,NA,0.265300005674362,NA,NA,485.47,NA,NA,152.982,NA,NA,"SDWS_wq",NA,NA
"40","109",2015-07-06,NA,NA,NA,NA,NA,0.6527,NA,1.0622287900358,0.007,NA,0.0112,NA,NA,NA,-88.33,-7.96,120.20375,NA,NA,"SDWS_wq; SDWS_chla",1.22500338,"2015-11-19"
"41","109",2016-04-20,"11:30",NA,8.32,792,NA,0.34995,NA,0.72,-0.001,NA,0.011,NA,NA,234.795,-101.79,-11.22,72.4575,NA,NA,"SDWS_wq; SDWS_chla",-6.553266858,"2016-05-26"
"42","109",2016-05-12,NA,NA,NA,NA,NA,NA,NA,NA,NA,NA,NA,NA,NA,NA,-95.62,-10.04,NA,NA,NA,"SDWS_wq",NA,NA
"43","109",2016-07-18,NA,NA,9.06,1012,NA,0.642,NA,0.932,0.00275,NA,0.0019,NA,NA,400.70804998,-88.43,-8.89,131.950256405128,NA,NA,"SDWS_wq; SDWS_chla",34.67429451,"2016-08-09"
"44","109",2017-07-12,NA,NA,NA,NA,NA,0.219471875,1.0355,1.15,0.47008,NA,0.100075,NA,NA,NA,NA,NA,132.888064508065,NA,NA,"SDWS_wq; SDWS_chla",28.48723034,"2017-10-23"
"45","109",2017-10-17,NA,NA,NA,NA,NA,0.42823455,0.52953372,0.58560726,4.9104,NA,0.08335,NA,NA,NA,NA,NA,29.5378837709649,NA,NA,"SDWS_wq; SDWS_chla",-21.4580963,"2017-10-23"
"46","109",2019-05-22,NA,NA,9.15,874,NA,0.6004,0.655,0.7455,0.89088568,0.22015,0.0188,NA,2.554,361.37,NA,NA,10.6746666683334,299.275,NA,"SDWS_wq; SDWS_chla",NA,"2019-07-18"
"47","109",2019-06-11,NA,NA,NA,NA,NA,NA,1.239,1.4135,0.039,NA,NA,NA,NA,436.28,NA,NA,NA,NA,"From Amy H. Data I think? Not SDWS","SDWS_wq",NA,NA
"48","109",2019-07-09,NA,NA,9.12,979,NA,0.3141,0.375,0.4525,0.0363,0.3817959,0.0274,NA,2.9485,497.475,NA,NA,3.64742857121428,252.485,NA,"SDWS_wq; SDWS_chla",NA,"2019-07-18"
"49","109",2020-07-21,NA,NA,NA,NA,NA,NA,NA,NA,NA,NA,NA,NA,NA,NA,NA,NA,1.4245,NA,NA,"SDWS_chla",NA,"2021-01-20"
"50","109",2020-08-14,NA,NA,NA,NA,NA,NA,NA,NA,NA,NA,NA,NA,NA,NA,NA,NA,14.30057143,NA,NA,"SDWS_chla",NA,"2021-01-20"
"51","109",2020-09-09,"12:54",14.29,8.65,1651,17.51,0.3599,0.3925,0.4045,0.0091,0.13582102824,0.002725,2.2765,2.372,871.23,NA,NA,3.7325,NA,NA,"SDWS_wq; SDWS_chla",NA,"2020-12-07"
"52","109",2020-09-10,NA,NA,NA,NA,NA,NA,NA,NA,NA,NA,NA,NA,NA,NA,NA,NA,1.394222222,NA,NA,"SDWS_chla",NA,"2021-01-20"
"53","109",2020-10-02,NA,NA,NA,NA,NA,NA,NA,NA,NA,NA,NA,NA,NA,NA,NA,NA,17.74519774,NA,NA,"SDWS_chla",NA,"2021-01-20"
"54","109",2021-05-13,NA,19.3,9.01,2137,NA,0.4951,0.0725,0.3345,0.0523,0.40345,0.00875,1.6555,1.641,655.18,NA,NA,10.0210526315789,NA,NA,"SDWS_wq; SDWS_chla",NA,"2021-10-21"
"55","109",2021-07-16,NA,5.57,7.69,3514,NA,0.60595,0.356796,0.43935024,0.1141,0.5481,-0.002925,5.4945,6.183,763.39,NA,NA,14.4228571428571,NA,"YSI in lab following day","SDWS_wq; SDWS_chla",NA,"2021-10-21"
"56","109",2022-05-11,NA,13.44,6.74,599,NA,1.6086,1.282,1.288,0.1055,0.303,0.0696,1.347,1.5515,183.305,NA,NA,1.178,NA,NA,"SDWS_wq; SDWS_chla",14.97830598,"2022-05-20"
"57","110",2014-08-11,NA,15.9,NA,0.686,NA,1.8507000207901,0.8153456,1.26124,0.673400014638901,NA,1.8507000207901,NA,NA,47.64,NA,NA,79.297,NA,NA,"SDWS_wq",NA,NA
"58","110",2015-07-06,NA,NA,NA,NA,NA,2.8325,NA,2.6636826566332,0.1745,NA,0.01405,NA,NA,NA,-88.03,-7.07,44.6064814807408,NA,NA,"SDWS_wq; SDWS_chla",-47.92942398,"2015-11-19"
"59","110",2016-04-20,"11:10",NA,7.85,311,NA,0.5821,NA,0.877,0.0055,NA,0.0057,NA,NA,214.875,-117.88,-14.38,31.6784615392308,NA,NA,"SDWS_wq; SDWS_chla",31.16895731,"2016-05-26"
"60","110",2016-05-12,NA,NA,NA,NA,NA,NA,NA,NA,NA,NA,NA,NA,NA,NA,-103.86,-11.9,NA,NA,NA,"SDWS_wq",NA,NA
"61","110",2016-07-18,NA,NA,8.68,461,NA,2.6975,NA,3.598,0.128,NA,0.0129,NA,NA,6.5242648572,-82.36,-6.55,478.791428585714,NA,NA,"SDWS_wq; SDWS_chla",8.091802574,"2016-08-09"
"62","110",2017-07-12,NA,NA,NA,NA,NA,0.13083125,4.8085,6.385,3.5087025,NA,0.07025,NA,NA,NA,NA,NA,82.6416666683334,NA,NA,"SDWS_wq; SDWS_chla",17.01724312,"2017-10-23"
"63","110",2022-05-11,NA,14.18,6.73,266,NA,2.39255,1.853,1.866,0.127,0.6099,0.02685,2.739,2.6395,16.215,NA,NA,14.533,NA,NA,"SDWS_wq; SDWS_chla",39.20732127,"2022-05-20"
"64","112",2016-05-12,NA,NA,NA,NA,NA,NA,NA,NA,NA,NA,NA,NA,NA,NA,-103.39,-12.27,NA,NA,NA,"SDWS_wq",NA,NA
"65","117",2014-08-11,NA,19.8,NA,0.503,NA,1.36409997940063,1.365,1.533,0.0234000002965331,NA,1.36409997940063,NA,NA,6.86,NA,NA,98.454,NA,NA,"SDWS_wq",NA,NA
"66","117",2015-07-06,NA,NA,NA,NA,NA,3.5171,NA,3.7166032255888,1.2795,NA,-0.0053,NA,NA,NA,-79.58,-5.01,6.2896,NA,NA,"SDWS_wq; SDWS_chla",-55.0496057,"2015-11-19"
"67","117",2016-04-20,"10:45",NA,7.67,217.1,NA,0.73745,NA,0.9255,0.0095,NA,0.007925,NA,NA,213.705,-124.85,-15.56,21.8922873900147,NA,NA,"SDWS_wq; SDWS_chla",-100.0973843,"2016-05-26"
"68","117",2016-05-12,NA,NA,NA,NA,NA,NA,NA,NA,NA,NA,NA,NA,NA,NA,-109.87,-12.41,NA,NA,NA,"SDWS_wq",NA,NA
"69","117",2016-07-18,NA,NA,9.11,1360,NA,1.6286,NA,3.7965,0.00325,NA,-0.0043,NA,NA,643.872770668,-80.11,-6.64,66.788,NA,NA,"SDWS_wq; SDWS_chla",17.06294544,"2016-08-09"
"70","117",2022-05-11,NA,17.84,6.6,159,NA,1.08605,2.696,3.7525,0.0655,0.4754,0.04365,1.6985,1.9785,12.64,NA,NA,2.18447619023809,NA,NA,"SDWS_wq; SDWS_chla",11.30923835,"2022-05-20"
"71","118",2014-08-12,NA,17.8,NA,1.498,NA,0.705699980258942,0.756,0.857,0.234899997711182,NA,0.705699980258942,NA,NA,182.74,-96.08,-10.09,80.06,NA,NA,"SDWS_wq",NA,NA
"72","12",2014-08-19,NA,20.5,NA,0.879,NA,0.6852,0.7217745,0.7550714,0.074,NA,NA,NA,NA,NA,-86.94,-7.8,8.76615384615384,NA,NA,"SDWS_wq",NA,NA
"73","120",2014-08-11,NA,17.9,NA,1.683,NA,1.08239996433258,1.0593824,1.4163992,0.423749998211861,NA,1.08239996433258,NA,NA,854.36,NA,NA,111.251,NA,NA,"SDWS_wq",NA,NA
"74","120",2015-07-06,NA,NA,NA,NA,NA,1.62005,NA,1.7788004797116,1.1335,NA,-0.00385,NA,NA,NA,-95.24,-8.87,20.2817857121428,NA,NA,"SDWS_wq; SDWS_chla",-63.17772808,"2015-11-19"
"75","120",2016-04-20,"10:50",NA,8.13,1067,NA,0.64605,NA,0.9605,0.01,NA,0.02495,NA,NA,385.9,-110.12,-12.65,69.1302702701352,NA,NA,"SDWS_wq; SDWS_chla",-7.551743281,"2016-05-26"
"76","120",2016-05-12,NA,NA,NA,NA,NA,NA,NA,NA,NA,NA,NA,NA,NA,NA,-97.82,-11.29,NA,NA,NA,"SDWS_wq",NA,NA
"77","120",2016-07-18,NA,NA,9.27,248,NA,2.26755,NA,1.877,0.039,NA,-0.0075,NA,NA,5.295284007,-81.62,-7.04,68.485,NA,NA,"SDWS_wq; SDWS_chla",-8.320070088,"2016-08-09"
"78","120",2017-07-12,NA,NA,NA,NA,NA,0.106011875,2.474,2.504,3.65094125,NA,0.00845,NA,NA,NA,NA,NA,40.27,NA,NA,"SDWS_wq; SDWS_chla",-90.72096681,"2017-10-23"
"79","120",2017-10-17,NA,NA,NA,NA,NA,0.875566075,0.94648278,0.94376786,2.9298,NA,0.11305,NA,NA,NA,NA,NA,44.1138039207843,NA,NA,"SDWS_wq; SDWS_chla",7.733651465,"2017-10-23"
"80","120",2019-05-22,NA,NA,9.35,773,NA,1.74935,2.063,2.0825,1.34168812,0.23945,0.01055,NA,3.1425,236.47,NA,NA,1.45482758610345,372.635,NA,"SDWS_wq; SDWS_chla",NA,"2019-07-18"
"81","120",2019-07-09,NA,NA,8.98,972,NA,0.56865,0.7165,0.8415,0.04065,0.3597087,0.0517,NA,4.614,382.705,NA,NA,30.9497142878571,191.98,NA,"SDWS_wq; SDWS_chla",NA,"2019-07-18"
"82","122",2014-08-12,NA,18.6,NA,0.905,NA,1.71449995040894,0.975024,1.4133864,NA,NA,NA,NA,NA,NA,-93.32,-9.93,76.736,NA,NA,"SDWS_wq",NA,NA
"83","124",2014-08-11,NA,21,NA,2.91,NA,0.156700000166893,0.227658,0.2751096,0.58390000462532,NA,0.156700000166893,NA,NA,1616.56,NA,NA,7.8578947368421,NA,NA,"SDWS_wq",NA,NA
"84","124",2016-05-12,NA,NA,NA,NA,NA,NA,NA,NA,NA,NA,NA,NA,NA,NA,-95.79,-10.48,NA,NA,NA,"SDWS_wq",NA,NA
"85","124",2016-07-18,NA,NA,NA,NA,NA,NA,NA,NA,NA,NA,NA,NA,NA,NA,-74.12,-6.37,NA,NA,NA,"SDWS_wq",NA,NA
"86","125N",2014-08-11,NA,21.5,NA,2.65,NA,0.010600000154227,0.088316,0.21636,0.03,NA,0.010600000154227,NA,NA,84.535,NA,NA,37.0660869565217,NA,NA,"SDWS_wq",NA,NA
"87","125S",2014-08-11,NA,21.7,NA,2.67,NA,0.0153000000864267,0.080784,0.2253984,0.0242999996989965,NA,0.0153000000864267,NA,NA,1619.815,NA,NA,36.7084210526316,NA,NA,"SDWS_wq",NA,NA
"88","125S",2015-07-07,NA,NA,NA,NA,NA,0.03966,NA,0.2390341452137,0.00925,NA,-0.0096,NA,NA,NA,-94.64,-9.33,31.8371815709079,NA,NA,"SDWS_wq; SDWS_chla",-4.401119517,"2015-11-19"
"89","125S",2016-04-20,"10:30",NA,8.15,1897,NA,0.002,NA,0.1485,0.005,NA,0.0057,NA,NA,1063.83,-106.17,-11.84,32.6368113203773,NA,"no filtered amount listed","SDWS_wq; SDWS_chla",37.36387492,"2016-05-26"
"90","125S",2016-05-12,NA,NA,NA,NA,NA,NA,NA,NA,NA,NA,NA,NA,NA,NA,-94.99,-10.24,NA,NA,NA,"SDWS_wq",NA,NA
"91","125S",2016-07-18,NA,NA,8.83,2438,NA,0.0039,NA,0.226,0.0025,NA,0.00455,NA,NA,1646.49674406,-83.89,-7.46,45.4816666683333,NA,NA,"SDWS_wq; SDWS_chla",8.802081425,"2016-08-09"
"92","125S",2017-07-11,NA,NA,NA,NA,NA,0.00205055,0.055,0.2155,0.08822575,NA,0.07345,NA,NA,NA,NA,NA,83.3855555577778,NA,NA,"SDWS_wq; SDWS_chla",-22.01020694,"2017-10-23"
"93","125S",2017-10-16,NA,NA,NA,NA,NA,-0.007025,0.07217412,0.40005292,0.13175,NA,0.13075,NA,NA,NA,NA,NA,141.933703701852,NA,NA,"SDWS_wq; SDWS_chla",-0.8084108126,"2017-10-23"
"94","125S",2019-05-22,NA,NA,9.04,3017,NA,0.0021,0.031,0.236,-0.0202298,0.1926,0.0216,NA,2.984,2183.21,NA,NA,49.86,361.28,NA,"SDWS_wq; SDWS_chla",NA,"2019-07-18"
"95","125S",2019-07-09,NA,NA,8.92,3292,NA,0.01685,0.05,0.3455,0.0153,0.2879253,0.11875,NA,3.1545,2174.415,NA,NA,21.0245283009434,319.02,NA,"SDWS_wq; SDWS_chla",NA,"2019-07-18"
"96","125S",2020-09-09,"12:08",12.95,7.75,4571,14.56,0.0047,0.066,0.3675,0.197125,0.43250515056,0.09395,3.897,3.6465,2842.24,NA,NA,80.2249677409677,NA,NA,"SDWS_wq; SDWS_chla",-34.11165537,"2020-12-07"
"97","125S",2021-07-15,NA,23.78,8.05,6198,NA,0.020525,0.04211376,0.35298672,-0.03,0.44305,0.006975,5.583,6.92,1254.675,NA,NA,228.853846153846,NA,"YSI in lab","SDWS_wq; SDWS_chla",NA,"2021-10-21"
"98","125S",2021-10-13,NA,NA,8.18,8787,NA,0.0212,0.129,1.3205,-0.0125,0.689,0.0737,7.804,10.0555,1573.735,NA,NA,391.386666666667,NA,"YSI in lab following day","SDWS_wq; SDWS_chla",NA,"2021-10-21"
"99","125S",2022-05-11,NA,17.22,7.42,4806,NA,0.024225,0.07375,0.294,0.1135,0.2915,0.09615,4.564,5.0915,3432.095,NA,NA,40.0138296701649,NA,NA,"SDWS_wq; SDWS_chla",19.35915838,"2022-05-20"
"100","125S",2022-10-03,NA,18.38,7.33,10012,7.44,0.08775,0.2295,0.295,0.229,0.50035,0.1,11.919,12.1865,7106.95,NA,NA,12.8318333316667,NA,"YSI done in lab, temp and O2 probably not reflect pond conditions","SDWS_wq; SDWS_chla",27.63699653,NA
"101","126",2014-08-11,NA,21.3,NA,2.69,NA,0.0205000005662441,0.0935884,0.4144516,0.041100000962615,NA,0.0205000005662441,NA,NA,1612.855,NA,NA,50.9135593220339,NA,NA,"SDWS_wq",NA,NA
"102","13",2014-08-19,NA,18,NA,1.378,NA,2.35465,1.841,2.341,0.447,NA,0.02385,NA,NA,368.595,-100.2,-10.14,202.032857142857,NA,"Sometimes Used Pond ID: 4864","SDWS_wq",NA,NA
"103","130",2014-08-12,NA,19.4,NA,1.159,NA,0.823049992322922,0.941,0.966,0.2,NA,NA,NA,NA,371.68,-95.65,-8.48,71.225,NA,NA,"SDWS_wq",NA,NA
"104","138",2014-08-12,NA,NA,NA,NA,NA,NA,NA,NA,NA,NA,NA,NA,NA,358.225,NA,NA,NA,NA,"No 138 listed in field notes","SDWS_wq",NA,NA
"105","139",2014-08-12,NA,20.1,NA,1.606,NA,0.297350004315376,0.4080965,0.5023153,0.05,NA,0.297350004315376,NA,NA,680.36,-94.96,-10.14,39.271,NA,NA,"SDWS_wq",NA,NA
"106","139",2015-07-07,NA,NA,NA,NA,NA,0.2038,NA,0.3764328426068,0.07475,NA,-0.00745,NA,NA,NA,-97.14,-8.68,15.4814671807336,NA,NA,"SDWS_wq; SDWS_chla",24.96944909,"2015-11-19"
"107","139",2016-04-20,"10:15",NA,8.55,815,NA,0.08235,NA,0.3715,0.014,NA,0.006375,NA,NA,272.255,-116.68,-13.49,54.598,NA,NA,"SDWS_wq",NA,NA
"108","139",2016-05-12,NA,NA,NA,NA,NA,NA,NA,NA,NA,NA,NA,NA,NA,NA,-103.58,-11.58,NA,NA,NA,"SDWS_wq",NA,NA
"109","139",2016-07-18,NA,NA,9.41,2438,NA,0.168,NA,0.2695,0.037,NA,-6e-04,NA,NA,497.80141659,-80.27,-6.29,12.657,NA,NA,"SDWS_wq; SDWS_chla",-10.82404993,"2016-08-09"
"110","139",2017-07-11,NA,NA,NA,NA,NA,0.05556401,0.3385,0.4065,0.090995,NA,0.02105,NA,NA,NA,NA,NA,16.7129411782353,NA,NA,"SDWS_wq; SDWS_chla",84.27425032,"2017-10-23"
"111","139",2019-05-22,NA,NA,9.03,843,NA,2.6228,2.796,2.6945,0.02431151,0.3939,0.01415,NA,3.2465,279.525,NA,NA,41.422,443.065,NA,"SDWS_wq; SDWS_chla",NA,"2019-07-18"
"112","139A",2017-03-31,NA,NA,NA,NA,NA,0.27201154,NA,NA,-0.0115,NA,NA,NA,NA,NA,-163.35,-21.039,NA,NA,NA,"SDWS_wq",NA,NA
"113","140",2014-08-12,NA,22.7,NA,2.76,NA,0.0462999995797873,0.1326877,0.1906685,0.018,NA,-0.02485,NA,NA,48.815,-92.63,-8.7,27.19,NA,NA,"SDWS_wq",NA,NA
"114","15",2014-08-19,NA,17.8,NA,0.542,NA,0.0983,0.1656944,0.456391,0.158,NA,0.0136,NA,NA,69.145,-110.22,-12.73,125.668,NA,"Sometimes Used Pond ID: 4563","SDWS_wq",NA,NA
"115","15",2016-04-20,NA,NA,NA,NA,NA,NA,NA,NA,NA,NA,NA,NA,NA,NA,NA,NA,54.598,NA,NA,"SDWS_chla",17.96402799,"2016-05-26"
"116","15",2016-05-12,NA,NA,NA,NA,NA,NA,NA,NA,NA,NA,NA,NA,NA,NA,-113.61,-13.3,NA,NA,NA,"SDWS_wq",NA,NA
"117","15",2016-07-18,NA,NA,NA,NA,NA,NA,NA,NA,NA,NA,NA,NA,NA,NA,-101.64,-10.57,NA,NA,NA,"SDWS_wq",NA,NA
"118","17",2016-04-20,"09:54",NA,8.25,198.6,NA,0.7242,NA,0.9205,0.0165,NA,0.009375,NA,NA,217.99,NA,NA,2.29268256316915,NA,NA,"SDWS_wq; SDWS_chla",-143.22636,"2016-05-26"
"119","17",2017-03-31,NA,NA,NA,NA,NA,0.65559916,NA,NA,-0.032,NA,NA,NA,NA,NA,-165.83,-21.239,NA,NA,NA,"SDWS_wq",NA,NA
"120","18",2014-08-19,NA,24.8,NA,1.584,NA,0.676,0.8304096,0.990088,0.46815,NA,0.01685,NA,NA,728.32,-82.54,-6.65,5.3368,NA,"Sometimes Used Pond ID: 4360","SDWS_wq",NA,NA
"121","19",2014-08-19,NA,24.3,NA,1.863,NA,0.2875,0.3863537,0.3936013,0.0464,NA,-0.0027,NA,NA,1504.07,-91.22,-7.85,2.15255102040816,NA,"Sometimes Used Pond ID: 3242","SDWS_wq",NA,NA
"122","1A",2014-08-12,NA,NA,NA,NA,NA,NA,NA,NA,NA,NA,NA,NA,NA,NA,-90.56,-8.21,NA,NA,"No 1 A listed in field notes","SDWS_wq",NA,NA
"123","1B",2016-05-12,NA,NA,NA,NA,NA,NA,NA,NA,NA,NA,NA,NA,NA,NA,-94.05,-10.22,NA,NA,NA,"SDWS_wq",NA,NA
"124","2",2014-08-12,NA,22.6,NA,3.07,NA,0.214400000870228,0.2809187,0.2959807,0.023,NA,0.214400000870228,NA,NA,NA,NA,NA,5.589,NA,NA,"SDWS_wq",NA,NA
"125","2",2016-05-12,NA,NA,NA,NA,NA,NA,NA,NA,NA,NA,NA,NA,NA,NA,-93.13,-10.19,NA,NA,NA,"SDWS_wq",NA,NA
"126","2",2016-07-18,NA,NA,NA,NA,NA,NA,NA,NA,NA,NA,NA,NA,NA,NA,-77.45,-5.99,NA,NA,NA,"SDWS_wq",NA,NA
"127","2",2019-06-04,NA,NA,NA,NA,NA,NA,0.425,0.4075,0.0085,NA,0.013,NA,NA,2449.85,NA,NA,NA,NA,"From Amy H. Data I think? Not SDWS","SDWS_wq",NA,NA
"128","20",2014-08-19,NA,23.33,NA,2.72,NA,0.00335,0.0519763,0.0708038,0.05565,NA,0.0177,NA,NA,2400.655,-91.59,-8.07,5.972,NA,"Sometimes Used Pond ID: 3144","SDWS_wq",NA,NA
"129","20",2019-06-04,NA,NA,NA,NA,NA,NA,0.167,0.202,0.02,NA,0.00145,NA,NA,1308.105,NA,NA,NA,NA,"From Amy H. Data I think? Not SDWS","SDWS_wq",NA,NA
"130","24",2014-08-21,NA,13.1,NA,0.562,NA,0.71225,0.7870048,0.8289032,NA,NA,NA,NA,NA,NA,-93.12,-9.93,143.29625,NA,"Sometimes Used Pond ID: 3444","SDWS_wq",NA,NA
"131","25",2014-08-19,NA,21.9,NA,2.75,NA,0.0048,0.0836065,0.4096988,0.14185,NA,0.0264,NA,NA,-294.135,-88.38,-7.7,145.54,NA,"Sometimes Used Pond ID:3342","SDWS_wq",NA,NA
"132","25",2015-07-08,NA,NA,NA,NA,NA,0.09755,NA,0.2347134314592,0.088,NA,0.00305,NA,NA,NA,-84.54,-7.26,19.2157142878571,NA,NA,"SDWS_wq; SDWS_chla",10.18511635,"2015-11-19"
"133","25",2016-04-20,"13:35",NA,8.42,2376,NA,0.0134,NA,0.084,0.0035,NA,0.02085,NA,NA,1402.105,-94.26,-9.9,9.40079365089683,NA,NA,"SDWS_wq; SDWS_chla",-2.144364711,"2016-05-26"
"134","25",2016-05-13,NA,NA,NA,NA,NA,NA,NA,NA,NA,NA,NA,NA,NA,NA,-88.14,-9.24,NA,NA,NA,"SDWS_wq",NA,NA
"135","25",2016-07-18,NA,NA,NA,NA,NA,NA,NA,NA,NA,NA,NA,NA,NA,NA,NA,NA,172.3236207,NA,NA,"SDWS_chla",-15.26618421,"2016-08-09"
"136","25",2016-07-19,NA,NA,9.11,2664,NA,0.007,NA,0.1995,0.071,NA,-0.00575,NA,NA,1644.73155206,-77.55,-6.84,172.323620689655,NA,NA,"SDWS_wq",NA,NA
"137","25",2017-07-12,NA,NA,NA,NA,NA,0.0006725,0.043,0.284,0.151415,NA,0.03335,NA,NA,NA,NA,NA,141.956666683333,NA,NA,"SDWS_wq; SDWS_chla",-1.864418719,"2017-10-23"
"138","25",2017-10-17,NA,NA,NA,NA,NA,0.0036963,0.05609344,0.2370533,0.2887,NA,0.0635,NA,NA,NA,NA,NA,112.387610807802,NA,NA,"SDWS_wq; SDWS_chla",-1.204710222,"2017-10-23"
"139","25",2019-05-23,NA,NA,9.08,3158,NA,0.0513,0.109,0.103,0.23275216,0.3291,0.0447,NA,3.9295,1205.595,NA,NA,3.87428571414286,454.455,NA,"SDWS_wq; SDWS_chla",NA,"2019-07-18"
"140","25",2019-07-10,NA,NA,9.04,3854,NA,0.01935,0.0905,0.1255,0.0426,0.461862,0.0789,NA,3.301,772.125,NA,NA,7.72628571414286,174.845,NA,"SDWS_wq; SDWS_chla",NA,"2019-07-18"
"141","25",2020-09-09,"10:08",13.24,8.14,4302,11.05,0.0063,0.082,0.537,0.1148,0.2869697856,0.008,4.1725,3.8435,2423.065,NA,NA,105.945703701852,NA,NA,"SDWS_wq; SDWS_chla",-9.133539402,"2020-12-07"
"142","25",2021-05-13,NA,20.1,8.77,4680,NA,0.018,0.092,0.6505,0.1392,0.4097,0.0024,5.107,5.0905,614.615,NA,NA,106.152882376471,NA,NA,"SDWS_wq; SDWS_chla",3.563007627,"2021-10-21"
"143","25",2021-07-15,NA,23.66,8.13,5681,NA,0.0233,0.05479152,0.46143216,-0.028,0.5824,0.000725,7.622,10.189,1032.81,NA,NA,141.870212765957,NA,"YSI in lab","SDWS_wq; SDWS_chla",NA,"2021-10-21"
"144","25",2021-10-13,NA,NA,8.24,7282,NA,0.01995,0.1665,1.65,0.0075,0.47645,0.07105,9.223,12.2225,1681.73,NA,NA,524.376470588235,NA,"YSI in lab following day","SDWS_wq; SDWS_chla",NA,"2021-10-21"
"145","26",2014-08-21,NA,13.1,NA,1.059,NA,0.006,1.0473312,1.0232288,0.23265,NA,0.02665,NA,NA,-467.385,-91.48,-9.41,304.069491525424,NA,"Sometimes Used Pond ID:4240","SDWS_wq",NA,NA
"146","26A",2014-08-19,NA,23,NA,2.72,NA,NA,NA,NA,NA,NA,NA,NA,NA,NA,-88.33,-7.87,NA,NA,NA,"SDWS_wq",NA,NA
"147","27",2014-08-21,NA,12.4,NA,0.836,NA,0.5378,NA,NA,NA,NA,NA,NA,NA,NA,-97.04,-10.57,463.468,NA,"Sometimes Used Pond ID: 4441","SDWS_wq",NA,NA
"148","27A",2016-04-20,"13:30",NA,8.43,5670,NA,0.4125,NA,0.601,0.005,NA,0.0174,NA,NA,4616.205,-116.14,-13.88,22.84,NA,NA,"SDWS_wq; SDWS_chla",59.4716871,"2016-05-26"
"149","27A",2016-05-13,NA,NA,NA,NA,NA,NA,NA,NA,NA,NA,NA,NA,NA,NA,-113.13,-15.03,NA,NA,NA,"SDWS_wq",NA,NA
"150","27A",2017-03-31,NA,NA,NA,NA,NA,1.00578029,NA,NA,0.1395,NA,NA,NA,NA,NA,-144.91,-18.678,NA,NA,NA,"SDWS_wq",NA,NA
"151","28",2014-08-21,NA,12.5,NA,1.065,NA,0.3499,NA,NA,NA,NA,NA,NA,NA,NA,-90.14,-9.17,45.8875,NA,"Sometimes Used Pond ID: 4440","SDWS_wq",NA,NA
"152","3",2014-08-12,NA,23.1,NA,2.55,NA,1.26839995384216,1.3199896,1.1814008,0.048,NA,NA,NA,NA,NA,-98.73,-9.01,6.274,NA,NA,"SDWS_wq",NA,NA
"153","30",2014-08-21,NA,16.7,NA,2.86,NA,0.4431,NA,NA,NA,NA,NA,NA,NA,NA,-81.55,-7.39,115.393684210526,NA,"Sometimes Used Pond ID: 7040","SDWS_wq",NA,NA
"154","35",2014-08-19,NA,21.2,NA,2.84,NA,0.09575,0.1830157,0.5083549,0.048,NA,NA,NA,NA,NA,-88.5,-8.56,198.9125,NA,NA,"SDWS_wq",NA,NA
"155","35",2016-05-13,NA,NA,NA,NA,NA,NA,NA,NA,NA,NA,NA,NA,NA,NA,-79.34,-7.25,NA,NA,NA,"SDWS_wq",NA,NA
"156","35",2016-07-19,NA,NA,NA,NA,NA,NA,NA,NA,NA,NA,NA,NA,NA,NA,-75.6,-6.53,NA,NA,NA,"SDWS_wq",NA,NA
"157","37",2014-08-13,NA,21.8,NA,1.123,NA,0.323899999260902,0.3984023,0.381081,NA,NA,-0.02255,NA,NA,434.945,-94.65,-9.58,33.581,NA,NA,"SDWS_wq",NA,NA
"158","37",2016-05-13,NA,NA,NA,NA,NA,NA,NA,NA,NA,NA,NA,NA,NA,NA,-105.85,-11.03,NA,NA,NA,"SDWS_wq",NA,NA
"159","37",2016-07-19,NA,NA,NA,NA,NA,NA,NA,NA,NA,NA,NA,NA,NA,NA,-82.57,-6.65,NA,NA,NA,"SDWS_wq",NA,NA
"160","37",2020-07-21,NA,NA,NA,NA,NA,NA,NA,NA,NA,NA,NA,NA,NA,NA,NA,NA,1.911,NA,NA,"SDWS_chla",NA,"2021-01-20"
"161","37",2020-08-14,NA,NA,NA,NA,NA,NA,NA,NA,NA,NA,NA,NA,NA,NA,NA,NA,1.911,NA,NA,"SDWS_chla",NA,"2021-01-20"
"162","37",2020-09-10,NA,NA,NA,NA,NA,NA,NA,NA,NA,NA,NA,NA,NA,NA,NA,NA,21.1168,NA,NA,"SDWS_chla",NA,"2021-01-20"
"163","37",2020-10-02,NA,NA,NA,NA,NA,NA,NA,NA,NA,NA,NA,NA,NA,NA,NA,NA,193.0612613,NA,NA,"SDWS_chla",NA,"2021-01-20"
"164","38",2014-08-13,NA,20,NA,1.323,NA,1.14549994468689,1.0317718,1.0799702,NA,NA,0.0194,NA,NA,577.325,-98.08,-10.44,38.983,NA,NA,"SDWS_wq",NA,NA
"165","39",2015-07-08,NA,NA,NA,NA,NA,0.7169,NA,0.8392799603036,0.113,NA,0.00505,NA,NA,NA,-79.79,-4.92,12.4236170206383,NA,NA,"SDWS_wq; SDWS_chla",2.633967563,"2015-11-19"
"166","39",2016-04-20,"13:50",NA,8.15,1317,NA,0.31425,NA,0.4995,0.009,NA,0.004,NA,NA,507.625,-108.11,-12.15,13.3108333316667,NA,NA,"SDWS_wq; SDWS_chla",-31.19013335,"2016-05-26"
"167","39",2016-05-13,NA,NA,NA,NA,NA,NA,NA,NA,NA,NA,NA,NA,NA,NA,-100.63,-10.36,NA,NA,NA,"SDWS_wq",NA,NA
"168","39",2016-07-19,NA,NA,9.4,2036,NA,0.52145,NA,0.6565,0.068,NA,-0.0067,NA,NA,962.87138411,-76.1,-5.41,4.95796296298148,NA,NA,"SDWS_wq; SDWS_chla",70.67568072,"2016-08-09"
"169","39",2017-07-13,NA,NA,NA,NA,NA,0.3876,0.5675,0.6345,0.423305,NA,0.00455,NA,NA,NA,NA,NA,14.5517647079412,NA,NA,"SDWS_wq; SDWS_chla",72.87573773,"2017-10-23"
"170","39",2017-10-17,NA,NA,NA,NA,NA,0.52872125,0.74484776,0.97833088,0.086,NA,0.06965,NA,NA,NA,NA,NA,103.131111105556,NA,NA,"SDWS_wq; SDWS_chla",43.97853865,"2017-10-23"
"171","39",2019-05-23,NA,NA,9.14,2122,NA,0.98045,1.0615,1.23,0.04127208,0.2739,0.01575,NA,2.781,1319.27,NA,NA,2.164,394.49,NA,"SDWS_wq; SDWS_chla",NA,"2019-07-18"
"172","39",2019-07-10,NA,NA,9.03,3502,NA,0.55015,0.7755,1.1845,0.0309,0.3735132,0.34025,NA,4.6295,1642.54,NA,NA,144.875581397674,381.875,NA,"SDWS_wq; SDWS_chla",NA,"2019-07-18"
"173","39A",2014-08-13,NA,21.8,NA,2.73,NA,0.881000012159348,0.7561248,0.8208976,NA,NA,0.0173,NA,NA,-227.82,-90.85,-8.1,43.708,NA,NA,"SDWS_wq",NA,NA
"174","4",2014-08-25,NA,18.6,NA,2.97,NA,0.0166,0.04749625,0.0829375,0.098,NA,NA,NA,NA,NA,-89.24,-7.88,20.698,NA,NA,"SDWS_wq",NA,NA
"175","40",2014-08-13,NA,19.9,NA,1.401,NA,0.0178999993950129,0.0444453,0.0595073,NA,NA,0.00565,NA,NA,616.535,-93.5,-9.74,4.616,NA,NA,"SDWS_wq",NA,NA
"176","40",2015-07-08,NA,NA,NA,NA,NA,0.1222,NA,0.1742234388962,5e-04,NA,-0.0077,NA,NA,NA,-94.57,-8.75,8.70714285707143,NA,NA,"SDWS_wq; SDWS_chla",31.92780968,"2015-11-19"
"177","40",2016-04-20,"13:40",NA,8.37,693,NA,0.0409,NA,0.1035,0.003,NA,0.00635,NA,NA,226.17,-117.53,-14.12,8.5943103449138,NA,NA,"SDWS_wq; SDWS_chla",-74.13485265,"2016-05-26"
"178","40",2016-05-13,NA,NA,NA,NA,NA,NA,NA,NA,NA,NA,NA,NA,NA,NA,-108.35,-12.11,NA,NA,NA,"SDWS_wq",NA,NA
"179","40",2016-07-19,NA,NA,9.81,1021,NA,0.017,NA,0.122,0.041,NA,-0.0038,NA,NA,445.644823148,-86.7,-7.65,158.384,NA,NA,"SDWS_wq; SDWS_chla",-5.828871603,"2016-08-09"
"180","40",2017-07-13,NA,NA,NA,NA,NA,0.15215,0.2155,0.2915,0.76543325,NA,5e-04,NA,NA,NA,NA,NA,20.5776470594118,NA,NA,"SDWS_wq; SDWS_chla",11.1257218,"2017-10-23"
"181","40",2019-05-23,NA,NA,9.06,658,NA,0.66985,0.8455,0.904,0.04127208,0.3456,0.0169,NA,3.0965,235.745,NA,NA,16.7566666683334,266.435,NA,"SDWS_wq; SDWS_chla",NA,"2019-07-18"
"182","41",2014-08-13,NA,18.5,NA,1.731,NA,0.284250006079674,0.3396605,0.335895,NA,NA,-0.02145,NA,NA,782.545,-92.26,-9.09,52.037,NA,NA,"SDWS_wq",NA,NA
"183","41",2016-05-13,NA,NA,NA,NA,NA,NA,NA,NA,NA,NA,NA,NA,NA,NA,-110.52,-12.43,NA,NA,NA,"SDWS_wq",NA,NA
"184","41",2016-07-19,NA,NA,NA,NA,NA,NA,NA,NA,NA,NA,NA,NA,NA,NA,-79.42,-6.67,NA,NA,NA,"SDWS_wq",NA,NA
"185","42",2014-08-13,NA,18.3,NA,1.451,NA,1.14289999008179,1.0362904,1.1447368,NA,NA,0.01455,NA,NA,605.165,-97.08,-9.85,169.85,NA,NA,"SDWS_wq",NA,NA
"186","45",2014-08-13,NA,17.6,NA,0.904,NA,0.502550005912781,0.5482692,0.5701091,NA,NA,NA,NA,NA,NA,-107.14,-11.32,95.348,NA,NA,"SDWS_wq",NA,NA
"187","46",2014-08-19,NA,17.5,NA,0.746,NA,2.6254,2.09668,2.7985692,0.175,NA,0.01575,NA,NA,59.55,-92.97,-9.44,93.503,NA,NA,"SDWS_wq",NA,NA
"188","5",2014-08-25,NA,19,NA,1.351,NA,0.1926,0.099295,0.1265575,0.499,NA,0.02515,NA,NA,711.34,-102.98,-11.06,59.565,NA,NA,"SDWS_wq",NA,NA
"189","50",2014-08-13,NA,23,NA,4.19,NA,0.00170000002253801,0.049717,0.0828534,NA,NA,-0.0214,NA,NA,2732.335,-84.62,-8.35,18.355,NA,NA,"SDWS_wq",NA,NA
"190","50",2015-07-08,NA,NA,NA,NA,NA,0.0011,NA,0.1724951533944,-0.012,NA,-0.0118,NA,NA,NA,-84.4,-7.53,24.9871428585714,NA,NA,"SDWS_wq; SDWS_chla",-13.61843234,"2015-11-19"
"191","50",2016-04-20,"14:00",NA,8.37,3100,NA,0.0014,NA,0.126,0.013,NA,0.01405,NA,NA,1997.59,-91.3,-9.4,24.130632181954,NA,NA,"SDWS_wq; SDWS_chla",-38.60071974,"2016-05-26"
"192","50",2016-05-13,NA,NA,NA,NA,NA,NA,NA,NA,NA,NA,NA,NA,NA,NA,-88.77,-9.68,NA,NA,NA,"SDWS_wq",NA,NA
"193","50",2016-07-19,NA,NA,8.93,3870,NA,0.0035,NA,0.2475,0.0215,NA,-0.00785,NA,NA,2723.26856955,-83.76,-7.44,99.349,NA,NA,"SDWS_wq; SDWS_chla",1.958751472,"2016-08-09"
"194","50",2017-07-13,NA,NA,NA,NA,NA,0.00975,0.063,0.4655,0.08822575,NA,0.10365,NA,NA,NA,NA,NA,75.1764705891177,NA,NA,"SDWS_wq; SDWS_chla",-0.9014084507,"2017-10-23"
"195","50",2017-10-16,NA,NA,NA,NA,NA,-0.011825,0.07749954,0.52326852,0.03245,NA,0.0102,NA,NA,NA,NA,NA,183.185989005494,NA,NA,"SDWS_wq; SDWS_chla",-10.17731034,"2017-10-23"
"196","50",2019-05-23,NA,NA,8.82,5117,NA,0.00505,0.062,0.472,4.0394296,0.1885,0.0241,NA,3.4145,1590.59,NA,NA,163,542.63,NA,"SDWS_wq; SDWS_chla",NA,"2019-07-18"
"197","50",2019-07-10,NA,NA,NA,5778,NA,0.01835,0.0935,0.4185,0.0121,0.2824035,0.1216,NA,4.5415,4599.005,NA,NA,104.783333316666,540.715,NA,"SDWS_wq; SDWS_chla",NA,"2019-07-18"
"198","50",2020-09-09,"11:08",12.48,7.95,6912,11.82,0.0083,0.0555,0.5725,0.27285,0.2434837272,0.02525,4.471,3.535,5040.67,NA,NA,122.616,NA,NA,"SDWS_wq; SDWS_chla",12.69654857,"2020-12-07"
"199","50",2021-05-13,NA,14.9,8.62,7371,NA,0.019125,0.068,0.439,0.3347,0.3869,0.0266,4.087,4.985,979.385,NA,NA,98.1775,NA,NA,"SDWS_wq; SDWS_chla",-15.97616562,"2021-10-21"
"200","50",2021-07-15,NA,23.57,7.92,8451,NA,0.0241,0.0365784,0.16526064,0.945,0.60535,0.02175,7.8075,9.235,1741.525,NA,NA,54.7884615384615,NA,"YSI in lab","SDWS_wq; SDWS_chla",NA,"2021-10-21"
"201","50",2021-10-13,NA,NA,8.33,10552,NA,0.0183,0.068,0.646,0.9885,0.45345,0.0376,8.2105,10.6095,2331.695,NA,NA,142.129411764706,NA,"YSI in lab following day","SDWS_wq; SDWS_chla",NA,"2021-10-21"
"202","50",2022-05-27,NA,18.39,7.88,7484,NA,0.00805,0.055,0.285,0.043,0.35275,0.12785,5.6145,9.3425,5932.205,NA,NA,50.4038701396992,NA,NA,"SDWS_wq; SDWS_chla",50.2509626,"2022-06-12"
"203","50",2022-10-13,NA,8.31,7.94,13042,11.18,0.02305,0.086,0.7665,0.5985,0.2839,0.0837,11.012,15.7925,10470.88,NA,NA,206.269196414285,NA,"YSI done in lab following morning, temp and O2 probably not reflect pond conditions","SDWS_wq; SDWS_chla",6.944375307,NA
"204","5338",2014-08-19,NA,24.1,NA,4.7,NA,0.24275,NA,NA,0.031,NA,0.0234,NA,NA,3507.675,-87.78,-8.14,36.0016666666667,NA,NA,"SDWS_wq",NA,NA
"205","5340",2015-07-07,NA,NA,NA,NA,NA,0.2114,NA,0.4663036887004,2.9115,NA,-0.0102,NA,NA,NA,-82.01,-7.4,34.12375,NA,NA,"SDWS_wq; SDWS_chla",12.94552914,"2015-11-19"
"206","5340",2016-04-20,"12:40",NA,8.68,3300,NA,0.06235,NA,0.3095,0.007,NA,0.0085,NA,NA,2060.065,-85.62,-8.3,28.49,NA,NA,"SDWS_wq; SDWS_chla",-15.19129519,"2016-05-26"
"207","5340",2016-05-12,NA,NA,NA,NA,NA,NA,NA,NA,NA,NA,NA,NA,NA,NA,-81.9,-8.16,NA,NA,NA,"SDWS_wq",NA,NA
"208","5340",2016-07-19,NA,NA,8.86,4320,NA,0.1345,NA,0.4095,0.032,NA,-0.0071,NA,NA,2640.2278158,-78.4,-7.2,60.872,NA,NA,"SDWS_wq; SDWS_chla",7.110001314,"2016-08-09"
"209","5340",2017-07-12,NA,NA,NA,NA,NA,0.010394375,0.1265,0.4095,0.02574125,NA,0.037,NA,NA,NA,NA,NA,70.4377777788889,NA,NA,"SDWS_wq; SDWS_chla",9.332113449,"2017-10-23"
"210","5340",2017-10-16,NA,NA,NA,NA,NA,0.012175,0.06695312,0.50499502,0.0277,NA,0.1264,NA,NA,NA,NA,NA,161.630411277705,NA,NA,"SDWS_wq; SDWS_chla",-37.13123508,"2017-10-23"
"211","5340",2019-05-22,NA,NA,9.23,5543,NA,0.00705,0.094,0.402,0.11799092,0.16505,0.0766,NA,4.8015,4085.555,NA,NA,62.9756097580487,536.65,NA,"SDWS_wq; SDWS_chla",NA,"2019-07-18"
"212","5340",2019-07-09,NA,NA,9.2,5761,NA,0.0176,0.0845,0.3955,0.008,0.7048212,0.19965,NA,5.08,3928.16,NA,NA,67.9615384607692,503.98,NA,"SDWS_wq; SDWS_chla",NA,"2019-07-18"
"213","5340",2020-09-09,"13:19",12.71,8.22,6822,12.43,0.009,0.082,0.475,0.3598,0.4976470032,0.0307,4.154,4.9105,3772.69,NA,NA,138.48,NA,NA,"SDWS_wq; SDWS_chla",3.125361063,"2020-12-07"
"214","5340",2021-05-14,NA,15.2,9.11,6930,NA,0.0166,0.0425,0.183,0.1811,0.2618,0.0267,4.616,6.6445,1294.87,NA,NA,75.189074072037,NA,NA,"SDWS_wq; SDWS_chla",30.21469333,"2021-10-21"
"215","5340",2021-07-15,NA,23.71,8.29,7801,NA,0.014625,0.03169776,0.20430576,-0.0725,0.2781,0.0025,5.755,7.2545,1316.81,NA,NA,106.840677966102,NA,"YSI in lab","SDWS_wq; SDWS_chla",NA,"2021-10-21"
"216","5340",2021-10-13,NA,NA,8.4,8914,NA,0.01455,0.085,0.618,-0.077,0.32715,0.0267,6.1965,10.4215,1835.905,NA,NA,303.764705882353,NA,"YSI in lab following day","SDWS_wq; SDWS_chla",NA,"2021-10-21"
"217","5340",2022-05-27,NA,16.72,8.01,7443,NA,0.0108,0.058,0.352333333333333,0.121,0.2151,0.0831,5.1265,6.074,5060.365,NA,NA,97.7903781506302,NA,NA,"SDWS_wq; SDWS_chla",8.459098973,"2022-06-12"
"218","5340",2022-10-03,NA,16.79,7.87,9654,8.86,0.0091,0.1055,0.7465,0.0545,0.2514,0.0579,11.625,14.8275,6195.86,NA,NA,246.238333316667,NA,"YSI done in lab, temp and O2 probably not reflect pond conditions","SDWS_wq; SDWS_chla",0.9272858951,NA
"219","55",2014-08-13,NA,16.2,NA,1.387,NA,0.557399988174438,0.6113985,0.69648,NA,NA,NA,NA,NA,528.015,-103.21,-10.75,222.612,NA,NA,"SDWS_wq",NA,NA
"220","56",2014-08-13,NA,18.5,NA,1.386,NA,0.729900002479553,0.7214822,0.7832426,NA,NA,0.0243,NA,NA,415.505,-94.95,-10.03,40.696,NA,NA,"SDWS_wq",NA,NA
"221","56",2016-05-13,NA,NA,NA,NA,NA,NA,NA,NA,NA,NA,NA,NA,NA,NA,-103.17,-11.27,NA,NA,NA,"SDWS_wq",NA,NA
"222","56",2016-07-19,NA,NA,NA,NA,NA,NA,NA,NA,NA,NA,NA,NA,NA,NA,-85.13,-7.98,NA,NA,NA,"SDWS_wq",NA,NA
"223","58",2014-08-13,NA,18.9,NA,1.342,NA,0.826649993658066,0.739834,1.0548632,NA,NA,NA,NA,NA,451.7,-93.7,-9.44,113.952,NA,NA,"SDWS_wq",NA,NA
"224","59",2016-04-20,"14:05",NA,8.34,177.4,NA,0.0712,NA,0.185,0.0095,NA,0.00885,NA,NA,222.275,-124.96,-14.92,1.85522727286363,NA,NA,"SDWS_wq; SDWS_chla",-65.73563641,"2016-05-26"
"225","59",2016-05-13,NA,NA,NA,NA,NA,NA,NA,NA,NA,NA,NA,NA,NA,NA,-107.2,-12.02,NA,NA,NA,"SDWS_wq",NA,NA
"226","59",2017-03-31,NA,NA,NA,NA,NA,0.22857243,NA,NA,-0.0115,NA,NA,NA,NA,NA,-162.41,-21.078,NA,NA,NA,"SDWS_wq",NA,NA
"227","6",2014-08-25,NA,17.2,NA,0.422,NA,0.2357,0.11747,0.1265575,0.294,NA,NA,NA,NA,NA,-109.04,-11.35,151.395,NA,NA,"SDWS_wq",NA,NA
"228","60",2014-08-13,NA,17.1,NA,0.518,NA,0.933699995279312,0.943,0.985,NA,NA,NA,NA,NA,30.065,-106.53,-10.95,133.646,NA,NA,"SDWS_wq",NA,NA
"229","60",2015-07-07,NA,NA,NA,NA,NA,1.16055,NA,1.3664070383526,0.0955,NA,0.0166,NA,NA,NA,-101.6,-9.92,55.2785714292857,NA,NA,"SDWS_wq; SDWS_chla",-13.23685231,"2015-11-19"
"230","60",2016-04-20,"14:15",NA,8.29,358,NA,0.33985,NA,0.6955,5e-04,NA,0.0064,NA,NA,223.47,-113.85,-13.37,78.2825,NA,NA,"SDWS_wq; SDWS_chla",-51.20982765,"2016-05-26"
"231","60",2016-05-13,NA,NA,NA,NA,NA,NA,NA,NA,NA,NA,NA,NA,NA,NA,-108.87,-11.98,NA,NA,NA,"SDWS_wq",NA,NA
"232","60",2016-07-19,NA,NA,8.67,462,NA,0.9545,NA,1.6305,0.02,NA,-0.0067,NA,NA,5.6892534972,-90.38,-8.84,237.611,NA,NA,"SDWS_wq; SDWS_chla",-11.56427943,"2016-08-09"
"233","60",2017-07-13,NA,NA,NA,NA,NA,0.72155,0.985,1.175,0.20700125,NA,0.0172,NA,NA,NA,NA,NA,65.5784615392307,NA,NA,"SDWS_wq; SDWS_chla",-1.022849904,"2017-10-23"
"234","60",2017-10-16,NA,NA,NA,NA,NA,0.1975,0.29772132,0.65452446,2.35085,NA,0.00065,NA,NA,NA,NA,NA,216.857914392633,NA,"Raw Data for NH3 value wasn't found","SDWS_wq; SDWS_chla",-1.25800051,"2017-10-23"
"235","60",2019-05-23,NA,NA,8.83,546,NA,0.59445,0.769,0.8105,0.89722608,0.42295,0.0128,NA,3.7695,16.055,NA,NA,18.1748571414286,192.925,NA,"SDWS_wq; SDWS_chla",NA,"2019-07-18"
"236","60",2019-07-10,NA,NA,8.88,368,NA,0.35765,0.4125,1.7145,0.02775,0.3431433,0.2137,NA,4.6905,7.235,NA,NA,339.508235297059,213.97,NA,"SDWS_wq; SDWS_chla",NA,"2019-07-18"
"237","60",2021-05-13,NA,10.5,6.35,507,NA,0.0345,0.0845,0.1175,0.02955,0.55435,0.0032,2.14,2.3315,90.595,NA,NA,6.19347826086956,NA,NA,"SDWS_wq; SDWS_chla",NA,"2021-10-21"
"238","60",2022-05-11,NA,20.04,7.15,297,NA,0.3715,0.426,0.4475,0.0915,0.29725,0.06395,1.206,1.4615,26.145,NA,NA,1.04155487802439,NA,NA,"SDWS_wq; SDWS_chla",2.698826215,"2022-05-20"
"239","61",2014-08-13,NA,18.9,NA,0.726,NA,4.2121000289917,1.3772328,1.4088672,NA,NA,0.02325,NA,NA,56.935,-87.24,-8.83,320.060638297872,NA,NA,"SDWS_wq",NA,NA
"240","63",2015-07-07,NA,NA,NA,NA,NA,0.0644,NA,0.4170475518991,0.00375,NA,-0.0113,NA,NA,NA,-81.68,-7.11,68.1890909095455,NA,NA,"SDWS_wq; SDWS_chla",7.305887372,"2015-11-19"
"241","63",2016-04-20,"12:50",NA,8.64,3210,NA,0.0082,NA,0.3465,0.0075,NA,0.0082,NA,NA,1859.115,-88.38,-9.24,66.967,NA,"fil.","SDWS_wq; SDWS_chla",-2.90590888,"2016-05-26"
"242","63",2016-05-13,NA,NA,NA,NA,NA,NA,NA,NA,NA,NA,NA,NA,NA,NA,-81.67,-8.3,NA,NA,NA,"SDWS_wq",NA,NA
"243","63",2016-07-19,NA,NA,8.92,4490,NA,0.0444,NA,0.4185,0.013,NA,-0.0064,NA,NA,2870.69480559,-79.09,-6.76,124.223809511905,NA,NA,"SDWS_wq; SDWS_chla",1.271131215,"2016-08-09"
"244","63",2017-07-12,NA,NA,NA,NA,NA,0.003989375,0.0815,0.5475,0.22266025,NA,0.0203,NA,NA,NA,NA,NA,106.187551193776,NA,NA,"SDWS_wq; SDWS_chla",70.03108249,"2017-10-23"
"245","63",2017-10-16,NA,NA,NA,NA,NA,0.065525,0.09650398,0.65723938,0.13075,NA,0.065,NA,NA,NA,NA,NA,217.990909095455,NA,NA,"SDWS_wq; SDWS_chla",17.4319196,"2017-10-23"
"246","63",2019-05-22,NA,NA,9.13,3640,NA,0.0049,0.084,0.7215,0.08089958,0.2877,0.03685,NA,2.7045,2266.21,NA,NA,88.0942857121428,600.975,NA,"SDWS_wq; SDWS_chla",NA,"2019-07-18"
"247","63",2019-07-09,NA,NA,9.13,5962,NA,0.02105,0.1255,0.9975,0.0131,0.599907,0.21805,NA,4.939,3866.125,NA,NA,174.642857121429,604.36,NA,"SDWS_wq; SDWS_chla",NA,"2019-07-18"
"248","63",2020-09-09,"13:27",16.08,7.89,6962,12.75,0.0601,0.1405,0.1545,2.05825,0.77043110208,0.11865,7.0305,6.816,4430.4,NA,NA,3.22382068982759,NA,NA,"SDWS_wq; SDWS_chla",48.79795659,"2020-12-07"
"249","63",2022-05-17,NA,13.59,7.22,2098,NA,0.0083,0.0455,0.04775,0.1025,0.2151,0.05925,2.179,2.4575,1024.9,NA,NA,0.881302238802985,NA,NA,"SDWS_wq; SDWS_chla",0.4987531172,"2022-05-20"
"250","65",2015-07-07,NA,NA,NA,NA,NA,0.052,NA,0.3824818418631,0.0175,NA,0.0028,NA,NA,NA,-79.92,-6.66,59.3593333316666,NA,NA,"SDWS_wq; SDWS_chla",4.135266569,"2015-11-19"
"251","65",2016-04-20,"13:00",NA,8.69,3060,NA,0.003,NA,0.274,0.006,NA,0.0089,NA,NA,1812.715,-86.9,-8.94,47.3609090904545,NA,NA,"SDWS_wq; SDWS_chla",3.965679406,"2016-05-26"
"252","65",2016-05-13,NA,NA,NA,NA,NA,NA,NA,NA,NA,NA,NA,NA,NA,NA,-85.85,-8.31,NA,NA,NA,"SDWS_wq",NA,NA
"253","65",2016-07-18,NA,NA,NA,NA,NA,NA,NA,NA,NA,NA,NA,NA,NA,NA,NA,NA,104.9507071,NA,NA,"SDWS_chla",42.81451995,"2016-08-09"
"254","65",2016-07-19,NA,NA,8.84,4760,NA,0.0204,NA,0.396,0.0315,NA,-0.00785,NA,NA,2970.49330691,-74.22,-6.77,104.950707070707,NA,NA,"SDWS_wq",NA,NA
"255","65",2017-07-12,NA,NA,NA,NA,NA,0.0070775,0.076,0.508,0.151415,NA,0.16215,NA,NA,NA,NA,NA,100.220144913768,NA,NA,"SDWS_wq; SDWS_chla",29.80077192,"2017-10-23"
"256","65",2017-10-17,NA,NA,NA,NA,NA,0.014174725,0.08449568,0.58278792,0.0759,NA,0.02035,NA,NA,NA,NA,NA,204.595238097619,NA,NA,"SDWS_wq; SDWS_chla",0.9403002444,"2020-07-01"
"257","65",2019-05-22,NA,NA,8.88,4428,NA,0.0062,0.065,0.6385,0.25066379,0.52175,0.0324,NA,4.026,2922.88,NA,NA,89.2952380976191,540.41,NA,"SDWS_wq; SDWS_chla",NA,"2019-07-18"
"258","65",2019-07-09,NA,NA,9.14,6491,NA,0.01985,0.098,0.636,0.00955,0.6109506,0.1708,NA,4.543,5129.025,NA,NA,247.181818190909,506.395,NA,"SDWS_wq; SDWS_chla",NA,"2019-07-18"
"259","65",2020-09-09,"12:35",12.09,8.16,8113,11.41,0.0102,0.112,0.755,0.29435,0.29199991512,0.0077,5.103,4.6745,5253.755,NA,NA,163.714685307343,NA,NA,"SDWS_wq; SDWS_chla",43.09475806,"2020-12-07"
"260","65",2021-05-14,NA,15.8,9.05,8011,NA,0.01755,0.634,0.6775,0.2827,0.4035,0.00875,5.6485,6.8855,922.215,NA,NA,70.8209523804762,NA,NA,"SDWS_wq; SDWS_chla",-39.08716818,"2021-10-21"
"261","65",2021-07-15,NA,24.02,8.28,9766,NA,0.01575,0.06193392,0.27942,0.0805,0.466,0.0125,8.3075,10.4485,2104.475,NA,NA,211.442105263158,NA,"YSI in lab","SDWS_wq; SDWS_chla",NA,"2021-10-21"
"262","65",2021-10-13,NA,NA,8.36,12261,NA,0.022325,0.10825,0.8095,0.0765,0.4911,0.045,9.224,13.5735,2095.77,NA,NA,205.218181818182,NA,"YSI in lab following day","SDWS_wq; SDWS_chla",NA,"2021-10-21"
"263","65",2022-05-17,NA,13.49,7.45,6993,NA,0.007425,0.0585,0.2685,0.1195,0.2342,0.09165,4.6135,5.6795,4619.235,NA,NA,37.0410769215384,NA,NA,"SDWS_wq; SDWS_chla",6.074752769,"2022-05-20"
"264","65",2022-10-13,NA,8.43,8.02,13748,10.94,0.01795,0.15,1.183,0.3965,0.2877,0.0782,10.505,17.1105,10241.72,NA,NA,137.39,NA,"YSI done in lab following morning, temp and O2 probably not reflect pond conditions","SDWS_wq; SDWS_chla",25.7223961,NA
"265","66",2014-08-19,NA,23,NA,4.92,NA,0.24975,0.3954132,0.489632,NA,NA,NA,NA,NA,NA,-82.83,-7.62,NA,NA,NA,"SDWS_wq",NA,NA
"266","66S",2014-08-19,NA,21.5,NA,4.81,NA,0.3298,0.4733249,0.5494247,0.151,NA,NA,NA,NA,NA,-83.64,-7.4,39.489,NA,NA,"SDWS_wq",NA,NA
"267","67",2014-08-19,NA,23.8,NA,4.81,NA,0.20315,0.3125489,0.433798,NA,NA,NA,NA,NA,NA,-80.14,-7.72,NA,NA,NA,"SDWS_wq",NA,NA
"268","67",2015-07-07,NA,NA,NA,NA,NA,0.0445,NA,0.3824818418631,0.02125,NA,-0.0023,NA,NA,NA,-79.67,-6.75,54.598,NA,NA,"SDWS_wq; SDWS_chla",-12.94552914,"2015-11-19"
"269","67",2016-04-20,"14:20",NA,8.72,2957,NA,0.00215,NA,0.2495,0.0075,NA,0.0075,NA,NA,1729.64,-87.49,-8.95,29.7380327884426,NA,NA,"SDWS_wq; SDWS_chla",-54.46246458,"2016-05-26"
"270","67",2016-05-13,NA,NA,NA,NA,NA,NA,NA,NA,NA,NA,NA,NA,NA,NA,-81.73,-8.31,NA,NA,NA,"SDWS_wq",NA,NA
"271","67",2016-07-19,NA,NA,8.88,4520,NA,0.0468,NA,0.3655,0.0665,NA,-0.0026,NA,NA,3156.789984462,-79.52,-7.04,89.855,NA,NA,"SDWS_wq; SDWS_chla",-0.4043551648,"2016-08-09"
"272","67",2017-07-11,NA,NA,NA,NA,NA,0.00645495,0.0995,0.4215,0.082939,NA,0.1136,NA,NA,NA,NA,NA,50.1023529405882,NA,NA,"SDWS_wq; SDWS_chla",-31.32880926,"2017-10-23"
"273","67",2017-10-17,NA,NA,NA,NA,NA,0.00866545,0.08574872,0.5659763,0.07645,NA,0.01075,NA,NA,NA,NA,NA,207.188157897369,NA,NA,"SDWS_wq; SDWS_chla",-68.76663089,"2017-10-23"
"274","67",2019-05-22,NA,NA,8.98,6180,NA,0.0058,0.063,0.6405,0.13796318,0.231,0.01905,NA,4.0155,4272.03,NA,NA,70.68,552.06,NA,"SDWS_wq; SDWS_chla",NA,"2019-07-18"
"275","67",2019-07-09,NA,NA,9.16,6420,NA,0.027,0.104,0.6565,0.01055,0.22580505,0.039,NA,4.8275,3718.895,NA,NA,203.75,496.005,NA,"SDWS_wq; SDWS_chla",NA,"2019-07-18"
"276","67",2020-09-09,"12:27",13.67,8.12,8088,12.68,0.0112,0.1185,0.784,0.2603,0.31721220048,0.0104,5.257,4.49,2950.555,NA,NA,125.253333316666,NA,NA,"SDWS_wq; SDWS_chla",49.52097083,"2020-12-07"
"277","67",2021-05-14,NA,15.1,8.77,8182,NA,0.01625,0.0915,0.544,0.30725,0.3436,0.02865,5.387,6.613,1215.675,NA,NA,95.1559090904545,NA,NA,"SDWS_wq; SDWS_chla",-19.80768404,"2021-10-21"
"278","67",2021-07-15,NA,23.89,8.22,10275,NA,0.020725,0.05848176,0.2627544,0.117,0.53325,0.0329,8.59,11.4155,2093.36,NA,NA,169.694444444444,NA,"YSI in lab","SDWS_wq; SDWS_chla",NA,"2021-10-21"
"279","67",2021-10-13,NA,NA,8.34,13382,NA,0.0252,0.113,0.8285,0.1815,0.60535,0.08555,9.3255,13.882,2347.295,NA,NA,176.7,NA,"YSI in lab following day","SDWS_wq; SDWS_chla",NA,"2021-10-21"
"280","67",2022-05-17,NA,13.37,7.46,7331,NA,0.010925,0.0585,0.281,0.0805,0.30875,0.07685,4.0475,5.97,4873.325,NA,NA,35.916,NA,NA,"SDWS_wq; SDWS_chla",7.628911906,"2022-05-20"
"281","67",2022-10-13,NA,9.4,8.03,15874,10.04,0.01955,0.178,1.603,0.5025,0.32215,0.1183,13.5435,23.548,12642.675,NA,NA,285.56282050641,NA,"YSI done in lab following morning, temp and O2 probably not reflect pond conditions","SDWS_wq; SDWS_chla",15.63893166,NA
"282","69",2014-08-19,NA,22.5,NA,4.68,NA,0.01555,0.1009278,0.5188983,0.046,NA,0.01465,NA,NA,3405.82,-88.21,-8.21,186.764285714286,NA,NA,"SDWS_wq",NA,NA
"283","70/71",2014-08-19,NA,24.1,NA,4.86,NA,0.18575,0.3319967,0.4388988,0.037,NA,0.01785,NA,NA,3538.08,-86.01,-7.67,97.5150684931507,NA,NA,"SDWS_wq",NA,NA
"284","71",2016-05-13,NA,NA,NA,NA,NA,NA,NA,NA,NA,NA,NA,NA,NA,NA,-80.73,-8.12,NA,NA,NA,"SDWS_wq",NA,NA
"285","71",2016-07-18,NA,NA,NA,NA,NA,NA,NA,NA,NA,NA,NA,NA,NA,NA,-74.78,-6.31,NA,NA,NA,"SDWS_wq",NA,NA
"286","75",2014-08-19,NA,19.8,NA,1.94,NA,1.46295,0.6918208,0.711404,0.052,NA,0.0228,NA,NA,-274.44,-91.51,-8.87,44.105,NA,NA,"SDWS_wq",NA,NA
"287","79",2016-05-13,NA,NA,NA,NA,NA,NA,NA,NA,NA,NA,NA,NA,NA,NA,-83.69,-8.63,NA,NA,NA,"SDWS_wq",NA,NA
"288","79",2016-07-18,NA,NA,NA,NA,NA,NA,NA,NA,NA,NA,NA,NA,NA,NA,-74.75,-6.83,NA,NA,NA,"SDWS_wq",NA,NA
"289","79E",2014-08-19,NA,25,NA,4.85,NA,0.25235,0.3700466,0.6309602,0.032,NA,0.02025,NA,NA,3568.385,-82.52,-8.25,112.10125,NA,NA,"SDWS_wq",NA,NA
"290","87",2014-08-25,NA,17.9,NA,94.3,NA,0.64455,0.09111625,0.1229225,NA,NA,NA,NA,NA,NA,-93.35,-9.29,101.692,NA,NA,"SDWS_wq",NA,NA
"291","88",2014-08-25,NA,18.1,NA,0.941,NA,0.6364,0.10293,0.1156525,NA,NA,0.021,NA,NA,164,-95.81,-9.14,83.594,NA,NA,"SDWS_wq",NA,NA
"292","88",2015-07-07,NA,NA,NA,NA,NA,0.76195,NA,1.0276630799998,0.249,NA,-0.0046,NA,NA,NA,-91.26,-7.64,167.708885598963,NA,NA,"SDWS_wq; SDWS_chla",-43.63968787,"2015-11-19"
"293","88",2016-04-20,"11:45",NA,8.15,480,NA,0.38,NA,0.7275,0.003,NA,0.0055,NA,NA,219.545,-110.61,-13.13,70.6916530077322,NA,NA,"SDWS_wq; SDWS_chla",-0.8770097335,"2016-05-26"
"294","88",2016-05-12,NA,NA,NA,NA,NA,NA,NA,NA,NA,NA,NA,NA,NA,NA,-103.5,-11.15,NA,NA,NA,"SDWS_wq",NA,NA
"295","88",2016-07-18,NA,NA,8.8,559,NA,1.58005,NA,2.007,0.4015,NA,-0.0031,NA,NA,79.7947112604,-83.29,-7.26,203.353,NA,NA,"SDWS_wq; SDWS_chla",18.05235231,"2016-08-09"
"296","88",2017-07-12,NA,NA,NA,NA,NA,0.12923,0.7,0.8235,2.0133075,NA,0.01955,NA,NA,NA,NA,NA,186.231473692106,NA,NA,"SDWS_wq; SDWS_chla",-171.3431898,"2017-10-23"
"297","88",2017-10-16,NA,NA,NA,NA,NA,1.85155,0.19559856,0.30346442,2.7353,NA,0.0219,NA,NA,NA,NA,NA,320.146666683333,NA,"Raw Data for NH3 value wasn't found","SDWS_wq; SDWS_chla",-12.86077215,"2017-10-23"
"298","88",2019-05-22,NA,NA,9.14,451,NA,1.4398,1.625,1.602,0.05712308,0.2629,0.0457,NA,2.105,91.92,NA,NA,23.56,238.995,NA,"SDWS_wq; SDWS_chla",NA,"2019-07-18"
"299","88",2019-06-03,NA,NA,NA,NA,NA,1.8976,2.105,2.2955,2.334,NA,NA,NA,NA,64.185,NA,NA,NA,NA,"From Amy H. Data I think? Not SDWS","SDWS_wq",NA,NA
"300","88",2019-07-10,NA,NA,8.95,404,NA,1.26935,1.2675,1.4375,0.0388,0.5198409,0.2744,NA,3.503,52.59,NA,NA,5.972,220.215,NA,"SDWS_wq; SDWS_chla",NA,"2019-07-18"
"301","88",2020-07-21,NA,NA,NA,NA,NA,NA,NA,NA,NA,NA,NA,NA,NA,NA,NA,NA,1.226,NA,NA,"SDWS_chla",NA,"2021-01-20"
"302","88",2020-08-13,NA,NA,NA,NA,NA,NA,NA,NA,NA,NA,NA,NA,NA,NA,NA,NA,18.067,NA,NA,"SDWS_chla",NA,"2021-01-20"
"303","88",2021-05-14,NA,17.3,8.4,983,NA,0.1067,0.1005,0.5345,0.0429,0.4953,0.00515,2.2515,2.539,344.17,NA,NA,11.7703296703297,NA,NA,"SDWS_wq; SDWS_chla",NA,"2021-10-21"
"304","88",2022-05-27,NA,17.22,7.58,614,NA,1.3713,1.516,0.892,0.0735,0.3566,0.08455,1.2945,1.6685,32.235,NA,NA,3.31114197515432,NA,NA,"SDWS_wq; SDWS_chla",12.45141265,"2022-06-12"
"305","90",2014-08-25,NA,21.9,NA,2.62,NA,5e-04,0.012055,0.0647625,NA,NA,NA,NA,NA,NA,-89.63,-8.6,40.353,NA,NA,"SDWS_wq",NA,NA
"306","90",2015-07-06,NA,NA,NA,NA,NA,0.0174,NA,0.2528604292281,0.135,NA,0.02965,NA,NA,NA,-90.17,-8.41,124.221666683333,NA,NA,"SDWS_wq; SDWS_chla",11.71829928,"2015-11-19"
"307","90",2016-04-20,"12:05",NA,8.22,2171,NA,0.001,NA,0.1485,0.018,NA,0.00485,NA,NA,1198.09,-94.75,-10.21,30.5622950809836,NA,NA,"SDWS_wq; SDWS_chla",NA,"2016-05-26"
"308","90",2016-05-12,NA,NA,NA,NA,NA,NA,NA,NA,NA,NA,NA,NA,NA,NA,-91.74,-9.58,NA,NA,NA,"SDWS_wq",NA,NA
"309","90",2016-07-18,NA,NA,8.84,2009,NA,0.0647,NA,0.1665,0.037,NA,-0.00545,NA,NA,1377.54428316,-85.67,-8.08,19.04,NA,NA,"SDWS_wq; SDWS_chla",14.3907563,"2016-08-09"
"310","90",2017-07-11,NA,NA,NA,NA,NA,0.00337187,0.0455,0.142,0.01818875,NA,0.03895,NA,NA,NA,NA,NA,31.1364705891176,NA,NA,"SDWS_wq; SDWS_chla",-13.64769893,"2017-10-23"
"311","90",2017-10-16,NA,NA,NA,NA,NA,0.000375000000000001,0.05400504,0.20614498,0.1444,NA,0.13135,NA,NA,NA,NA,NA,92.5467837702054,NA,"Raw Data for NH3 value wasn't found","SDWS_wq; SDWS_chla",-1.356362282,"2017-10-23"
"312","90",2019-05-22,NA,NA,9.12,2432,NA,0.0022,0.035,0.204,0.1731524,0.16365,0.0256,NA,2.001,1490.96,NA,NA,41.038,416.355,NA,"SDWS_wq; SDWS_chla",NA,"2019-07-18"
"313","90",2019-07-10,NA,NA,8.88,3051,NA,0.02505,0.0575,0.0645,0.13515,0.406644,0.36365,NA,3.4955,1733.76,NA,NA,15.615,404.05,NA,"SDWS_wq; SDWS_chla",NA,"2019-07-18"
"314","90",2020-09-10,"10:54",13.14,7.86,3473,23.75,0.0144,0.0355,0.1985,-0.005,0.117749172,0.00195,2.494,3.181,1873.025,NA,NA,34.7068417383474,NA,NA,"SDWS_wq; SDWS_chla",-9.544247869,"2020-12-07"
"315","90",2021-05-14,NA,17.1,8.61,3748,NA,0.016,0.1785,0.215,0.0656,0.2354,0.0231,3.0065,3.387,770.475,NA,NA,41.11,NA,NA,"SDWS_wq; SDWS_chla",1.751398686,"2021-10-21"
"316","90",2021-07-15,NA,23.78,8.17,3941,NA,0.025,0.02146032,0.07502832,-0.0545,0.2679,0.0109,3.6905,4.522,869.025,NA,NA,58.132,NA,"YSI in lab","SDWS_wq; SDWS_chla",NA,"2021-10-21"
"317","90",2021-10-13,NA,NA,8.1,4346,NA,0.015,0.0515,0.203,-0.0905,0.28215,0.02335,4.237,6.0225,920.01,NA,NA,50.9979797979798,NA,"YSI in lab following day","SDWS_wq; SDWS_chla",NA,"2021-10-21"
"318","90",2022-05-27,NA,18.14,7.93,4135,NA,0.00315,0.0455,0.197,0.056,0.2132,0.08895,3.293,3.9725,2331.195,NA,NA,46.288953489186,NA,NA,"SDWS_wq; SDWS_chla",23.93207481,"2022-06-12"
"319","90",2022-10-03,NA,17.44,7.88,4734,8.81,0.01265,0.0695,0.3025,0.065,0.4889,0.0574,7.3825,7.8705,2909.73,NA,NA,131.745,NA,"YSI done in lab, temp and O2 probably not reflect pond conditions; Redo- 71% Error","SDWS_wq; SDWS_chla",22.08053437,NA
"320","92",2014-08-12,NA,17.9,NA,0.541,NA,1.19729995727539,0.5713088,0.7656344,1.07644999027252,NA,NA,NA,NA,74.085,-99.91,-10.11,118.69875,NA,NA,"SDWS_wq",NA,NA
"321","92",2015-07-06,NA,NA,NA,NA,NA,1.31855,NA,1.516101083438,0.2085,NA,0.00105,NA,NA,NA,-92.05,-7.66,62.9202713189148,NA,NA,"SDWS_wq; SDWS_chla",50.5939903,"2015-11-19"
"322","92",2016-04-20,"12:00",NA,8.6,478,NA,0.18385,NA,0.9685,0.013,NA,0.00925,NA,NA,243.065,-120.51,-14.4,157.555315307658,NA,NA,"SDWS_wq; SDWS_chla",58.69936141,"2016-05-26"
"323","92",2016-05-13,NA,NA,NA,NA,NA,NA,NA,NA,NA,NA,NA,NA,NA,NA,-105.18,-10.75,NA,NA,NA,"SDWS_wq",NA,NA
"324","94",2014-08-12,NA,16.5,NA,0.989,NA,0.10869999974966,0.189057,0.276438,0.142300002276897,NA,NA,NA,NA,351.37,-104.01,-9.97,105.92,NA,NA,"SDWS_wq",NA,NA
"325","97",2014-08-12,NA,24.2,NA,3.06,NA,0.209250003099442,0.335,0.365,0.827800005674362,NA,NA,NA,NA,1895.25,-88.06,-9.03,1.767,NA,NA,"SDWS_wq",NA,NA
"326","97",2020-07-21,NA,NA,NA,NA,NA,NA,NA,NA,NA,NA,NA,NA,NA,NA,NA,NA,0.8835,NA,NA,"SDWS_chla",NA,"2021-01-20"
"327","97",2020-08-13,NA,NA,NA,NA,NA,NA,NA,NA,NA,NA,NA,NA,NA,NA,NA,NA,2.6684,NA,NA,"SDWS_chla",NA,"2021-01-20"
"328","97",2020-09-10,NA,NA,NA,NA,NA,NA,NA,NA,NA,NA,NA,NA,NA,NA,NA,NA,2.660444444,NA,NA,"SDWS_chla",NA,"2021-01-20"
"329","97",2020-10-02,NA,NA,NA,NA,NA,NA,NA,NA,NA,NA,NA,NA,NA,NA,NA,NA,1.8464,NA,NA,"SDWS_chla",NA,"2021-01-20"
"330","98",2014-08-12,NA,21.4,NA,2.9,NA,0.269249984994531,0.114,0.124,0.0465500000864267,NA,NA,NA,NA,NA,-91.22,-9,33.293,NA,NA,"SDWS_wq",NA,NA
"331","98",2016-05-12,NA,NA,NA,NA,NA,NA,NA,NA,NA,NA,NA,NA,NA,NA,-92.55,-10.45,NA,NA,NA,"SDWS_wq",NA,NA
"332","98",2016-07-18,NA,NA,NA,NA,NA,NA,NA,NA,NA,NA,NA,NA,NA,NA,-85.65,-7.26,NA,NA,NA,"SDWS_wq",NA,NA
