"","Pond","Date","Time","Temp_degC","pH","Cond_uS.cm","DO_mg.L","SRP_mg.L","TDP_mg.L","TP_mg.L","NH3_mg.L","Urea_mg.L","NO3_mg.L","TDN_mg.L","TN_mg.L","SO4_mg.L","Delta2H","Delta18O","Chla_ug.L","Alk_mg.L","Comments","Error","RunDate","TRP_mg.L","DataFile"
"1","1",2014-08-25,NA,21,NA,2740,NA,0.039,0.067,0.075,0.123,NA,NA,NA,NA,NA,-96,-9.42,38.695,NA,NA,NA,NA,NA,"SDWS_wq"
"2","1",2015-07-07,NA,NA,NA,NA,NA,0.077,NA,0.291,0.009,NA,0.0025,NA,NA,NA,-90.86,-8.59,31.9205,NA,"Ideally Chla Samples are ran within 30 days of collection; NA",3.224,2015-11-19,0.093,"SDWS_wq; SDWS_chla; Baulch"
"3","1",2016-04-20,"10:05",NA,8.06,2385,NA,0.003,NA,0.21,0.006,NA,0.008,NA,NA,1378.875,-97.45,-10.52,33.285,NA,NA,8.887,2016-05-26,NA,"SDWS_wq; SDWS_chla"
"4","1",2016-07-18,NA,NA,8.68,2165,NA,0.0015,NA,0.174,0.0215,NA,-5e-04,NA,NA,1614.4335,-86.74,-8.19,28.029,NA,NA,-8.034,2016-08-09,NA,"SDWS_wq; SDWS_chla; Baulch"
"5","1",2017-07-11,NA,NA,NA,NA,NA,0.04,0.136,0.292,0.0515,NA,0.038,NA,NA,NA,NA,NA,64.326,NA,NA,-29.012,2017-10-23,NA,"SDWS_wq; SDWS_chla; Baulch"
"6","1",2017-10-16,NA,NA,NA,NA,NA,-0.014,0.047,0.233,0.163,NA,0.022,NA,NA,NA,NA,NA,74.296,NA,NA,71.808,2017-10-23,NA,"SDWS_wq; SDWS_chla; Baulch"
"7","1",2018-05-14,"09:25:00.000000",13.7,7.68,1738,10.68,0.003,0.002,0.173,0.011,0.215,0.009,NA,2.073,1004.59,NA,NA,32.296,NA,NA,NA,NA,NA,"Baulch"
"8","1",2018-07-09,NA,14.1,9.17,3032,NA,0.074,0.212,0.139,0.029,0.107,0.259,NA,2.431,1538.285,NA,NA,NA,NA,NA,NA,NA,NA,"Baulch"
"9","1",2018-10-10,NA,10.25,8.64,2930,NA,0.01,0.063,0.242,NA,0.216,0.004,NA,2.703,1657.965,NA,NA,81.554,NA,NA,NA,NA,NA,"Baulch"
"10","1",2019-05-22,NA,NA,9.95,2621,NA,0.0025,0.0185,0.271,0.063,0.144,0.015,NA,2.581,1356.425,NA,NA,49.476,340.41,NA,NA,2019-07-18,NA,"SDWS_wq; SDWS_chla; Baulch"
"11","1",2019-07-09,NA,NA,9.03,2994,NA,0.017,0.066,0.322,0.014,0.2245,0.1315,NA,3.225,1156.06,NA,NA,49.819,329.69,NA,NA,2019-07-18,NA,"SDWS_wq; SDWS_chla; Baulch"
"12","1",2020-09-09,"11:38; 11:38:00.000000",12.11,8.04,3458,13.5,0.028,0.064,0.192,0.0315,0.2985,0.0105,2.341,2.389,1917.365,NA,NA,56.656,NA,NA,-11.657,2020-12-07,NA,"SDWS_wq; SDWS_chla; Baulch"
"13","1",2021-05-13,NA,16.2,8.47,3662,NA,0.016,0.064,0.248,0.085,0.395,0.009,2.463,3.191,983.3225,NA,NA,35.845,NA,NA,NA,2021-10-21,NA,"SDWS_wq; SDWS_chla; Baulch"
"14","1",2021-07-15,NA,23.71,8.13,4096,NA,0.02,0.024,0.154,0.0065,0.199,0.0065,4.379,4.787,2062.885,NA,NA,98.177,NA,"YSI in lab; NA",NA,2021-10-21,NA,"SDWS_wq; SDWS_chla; Baulch"
"15","1",2021-10-13,NA,NA,8.02,4884,NA,0.017,0.064,0.305,-0.078,0.466,0.055,5.153,6.792,2000.235,NA,NA,129.519,NA,"YSI in lab following day; NA",NA,2021-10-21,NA,"SDWS_wq; SDWS_chla; Baulch"
"16","1",2022-05-11,NA,16.9,7.64,3737,NA,0.0055,0.056,0.305,0.082,0.223,0.072,3.297,4.006,2309.11,NA,NA,66.587,NA,NA,17.93,2022-05-20,NA,"SDWS_wq; SDWS_chla; Baulch"
"17","1",2022-10-13,NA,9.3,7.64,5814,10.83,0.013,0.11,0.445,0.008,0.244,0.056,8.306,10.454,4337.885,NA,NA,179.165,NA,"YSI done in lab following morning, temp and O2 probably not reflect pond conditions",30.123,NA,NA,"SDWS_wq; SDWS_chla; Baulch"
"18","10",2014-08-25,NA,17,NA,1184,NA,1.708,0.147,0.133,NA,NA,NA,NA,NA,NA,-97.13,-11.76,63.232,NA,NA,NA,NA,NA,"SDWS_wq"
"19","100",2014-08-12,NA,15.9,NA,912,NA,1.57,0.931,1.076,0.709,NA,NA,NA,NA,NA,-102.2,-10.63,54.341,NA,NA,NA,NA,NA,"SDWS_wq"
"20","103",2014-08-11,NA,18.4,NA,1460,NA,0.6025,0.714,0.8375,0.1535,NA,0.715,NA,NA,522.5525,-89.67,-9.18,76.3975,NA,"two different dates labelled in the chem files; NA",NA,NA,NA,"SDWS_wq"
"21","103",2015-07-06,NA,NA,NA,NA,NA,1.8335,NA,1.364,0.157,NA,0.003,NA,NA,NA,-82.64,-6.56,70.679,NA,NA,-10.581,2015-11-19,2.445,"SDWS_wq; SDWS_chla; Baulch"
"22","103",2016-04-20,"11:00",NA,8.43,644,NA,0.459,NA,0.783,0.009,NA,0.005,NA,NA,220.32,-106.53,-12.35,134.243,NA,NA,-84.918,2016-05-26,NA,"SDWS_wq; SDWS_chla"
"23","103",2016-05-12,NA,NA,NA,NA,NA,NA,NA,NA,NA,NA,NA,NA,NA,NA,-93.57,-10.26,NA,NA,NA,NA,NA,NA,"SDWS_wq"
"24","103",2016-07-18,NA,NA,8.94,1039,NA,1.621,NA,1.907,0.278,NA,0.003,NA,NA,302.6325,-78.2,-6.53,196.191,NA,NA,-53.531,2016-08-09,NA,"SDWS_wq; SDWS_chla; Baulch"
"25","103",2017-07-12,NA,NA,NA,NA,NA,1.091,2.482,2.529,2.262,NA,0.019,NA,NA,NA,NA,NA,61.845,NA,NA,2.14,2017-10-23,NA,"SDWS_wq; SDWS_chla; Baulch"
"26","103",2017-10-17,NA,NA,NA,NA,NA,1.7255,0.221,0.506,0.091,NA,0.019,NA,NA,NA,NA,NA,190.198,NA,NA,-107.357,2017-10-23,NA,"SDWS_wq; SDWS_chla; Baulch"
"27","103",2018-05-14,"11:32:00.000000",14.33,8.63,538,8.83,0.562,0.547,0.591,0.011,0.269,0.004,NA,1.872,211.025,NA,NA,3.465,NA,NA,NA,NA,NA,"Baulch"
"28","103",2018-07-09,NA,12.1,7.5,1259,NA,1.608,1.389,1.365,0.089,0.564,0.274,NA,2.781,367.52,NA,NA,NA,NA,NA,NA,NA,NA,"Baulch"
"29","103",2018-10-10,NA,12.05,8.33,1131,NA,2.13,2.898,3.603,0.087,0.476,0.004,NA,6.114,247.59,NA,NA,NA,NA,NA,NA,NA,NA,"Baulch"
"30","103",2019-05-22,NA,NA,9.2,746,NA,2.069,2.16,2.436,0.6165,0.525,0.026,NA,3.903,242.935,NA,NA,3.192,308.075,NA,NA,2019-07-18,NA,"SDWS_wq; SDWS_chla; Baulch"
"31","103",2019-06-03,NA,NA,NA,NA,NA,1.83,2.326,2.093,0.085,NA,NA,NA,NA,NA,NA,NA,NA,NA,"From Amy H. Data I think? Not SDWS; NA",NA,NA,NA,"SDWS_wq"
"32","103",2019-07-09,NA,NA,9.2,904,NA,6.071,6.395,6.899,1.056,0.822,0.13,NA,6.332,291.88,NA,NA,152.807,445.055,NA,NA,2019-07-18,NA,"SDWS_wq; SDWS_chla; Baulch"
"33","105",2014-08-11,NA,17.9,NA,717,NA,1.728,0.924,0.986,0.601,NA,NA,NA,NA,9.475,-90.69,-8.54,58.857,NA,NA,NA,NA,NA,"SDWS_wq"
"34","105",2015-07-06,NA,NA,NA,NA,NA,2.336,NA,3.143,0.375,NA,0.002,NA,NA,NA,-74.48,-4.42,365.4915,NA,NA,125.559,2015-11-19,10.328,"SDWS_wq; SDWS_chla; Baulch"
"35","105",2016-04-20,"11:15",NA,8.02,312,NA,0.383,NA,0.639,0.013,NA,0.007,NA,NA,217.99,-113.86,-13.4,29.001,NA,NA,-51.212,2016-05-26,NA,"SDWS_wq; SDWS_chla"
"36","105",2016-05-12,NA,NA,NA,NA,NA,NA,NA,NA,NA,NA,NA,NA,NA,NA,-99.17,-10.96,NA,NA,NA,NA,NA,NA,"SDWS_wq"
"37","105",2016-07-18,NA,NA,8.77,498,NA,3.0115,NA,4.747,0.335,NA,0.001,NA,NA,5.2935,-76.73,-5.47,476.782,NA,NA,-19.045,2016-08-09,NA,"SDWS_wq; SDWS_chla; Baulch"
"38","105",2018-05-14,"12:09:00.000000",10.37,6.77,229,7.8,2.6,0.22,0.225,0.011,0.412,0.004,NA,2.517,7.73,NA,NA,23.929,NA,NA,NA,NA,NA,"Baulch"
"39","105",2018-07-09,NA,NA,NA,NA,NA,3.18,4.137,2.375,0.284,0.597,NA,NA,2.676,7.875,NA,NA,NA,NA,NA,NA,NA,NA,"Baulch"
"40","106",2014-08-11,NA,22.3,NA,529,NA,1.327,0.585,0.856,0.026,NA,1.327,NA,NA,7.645,NA,NA,65.488,NA,NA,NA,NA,NA,"SDWS_wq"
"41","106A",2014-08-11,NA,NA,NA,NA,NA,NA,NA,NA,NA,NA,NA,NA,NA,NA,-81.64,-8.75,NA,NA,"No A pond listed just 106 in field ntoes; NA",NA,NA,NA,"SDWS_wq"
"42","106B",2014-08-11,NA,NA,NA,NA,NA,NA,NA,NA,NA,NA,NA,NA,NA,NA,-87.65,-8,NA,NA,"No B pond listed just 106 in field notes; NA",NA,NA,NA,"SDWS_wq"
"43","107",2014-08-11,NA,17.9,NA,687,NA,2.721,1.001,1.267,0.039,NA,2.721,NA,NA,NA,NA,NA,202.044,NA,NA,NA,NA,NA,"SDWS_wq"
"44","107",2022-05-11,NA,13.12,6.05,233,NA,2.7445,3.0335,3.026,0.102,0.633,0.066,2.522,2.618,16.54,NA,NA,9.645,NA,NA,26.891,2022-05-20,NA,"SDWS_wq; SDWS_chla; Baulch"
"45","108",2014-08-11,NA,19.1,NA,2120,NA,0.878,1.049,1.156,0.029,NA,0.878,NA,NA,973.27,NA,NA,24.022,NA,NA,NA,NA,NA,"SDWS_wq"
"46","109",2014-08-11,NA,18.2,NA,1280,NA,0.265,0.404,0.571,0.028,NA,0.265,NA,NA,485.47,NA,NA,152.982,NA,NA,NA,NA,NA,"SDWS_wq"
"47","109",2015-07-06,NA,NA,NA,NA,NA,0.653,NA,1.062,0.3185,NA,0.011,NA,NA,NA,-88.33,-7.96,120.202,NA,NA,1.225,2015-11-19,0.66,"SDWS_wq; SDWS_chla; Baulch"
"48","109",2016-04-20,"11:30",NA,8.32,792,NA,0.35,NA,0.72,-0.001,NA,0.011,NA,NA,234.795,-101.79,-11.22,72.458,NA,NA,-6.553,2016-05-26,NA,"SDWS_wq; SDWS_chla"
"49","109",2016-05-12,NA,NA,NA,NA,NA,NA,NA,NA,NA,NA,NA,NA,NA,NA,-95.62,-10.04,NA,NA,NA,NA,NA,NA,"SDWS_wq"
"50","109",2016-07-18,NA,NA,9.06,1012,NA,0.642,NA,0.932,0.007,NA,0.003,NA,NA,407.614,-88.43,-8.89,131.95,NA,NA,34.674,2016-08-09,NA,"SDWS_wq; SDWS_chla; Baulch"
"51","109",2017-07-12,NA,NA,NA,NA,NA,0.5485,1.026,1.15,0.4705,NA,0.0985,NA,NA,NA,NA,NA,132.888,NA,NA,28.487,2017-10-23,NA,"SDWS_wq; SDWS_chla; Baulch"
"52","109",2017-10-17,NA,NA,NA,NA,NA,0.4485,0.53,0.586,3.5345,NA,0.083,NA,NA,NA,NA,NA,29.538,NA,NA,-21.458,2017-10-23,NA,"SDWS_wq; SDWS_chla; Baulch"
"53","109",2018-05-14,"11:01:00.000000",14.41,8.13,714,6.53,0.17,0.19,0.248,0.051,0.211,0.004,NA,1.702,263.225,NA,NA,17.043,NA,NA,NA,NA,NA,"Baulch"
"54","109",2018-07-09,NA,13.7,7.56,1288,NA,0.911,0.915,0.919,0.544,0.303,0.364,NA,2.723,362.19,NA,NA,NA,NA,NA,NA,NA,NA,"Baulch"
"55","109",2018-10-10,NA,11.82,8.1,1292,NA,0.099,0.193,0.315,2.128,0.259,0.028,NA,2.598,415.345,NA,NA,49.933,NA,NA,NA,NA,NA,"Baulch"
"56","109",2019-05-22,NA,NA,9.15,874,NA,0.6,0.655,0.746,0.5555,0.22,0.019,NA,2.554,361.37,NA,NA,10.675,299.275,NA,NA,2019-07-18,NA,"SDWS_wq; SDWS_chla; Baulch"
"57","109",2019-06-11,NA,NA,NA,NA,NA,NA,1.239,1.414,0.039,NA,NA,NA,NA,436.28,NA,NA,NA,NA,"From Amy H. Data I think? Not SDWS; NA",NA,NA,NA,"SDWS_wq"
"58","109",2019-07-09,NA,NA,9.12,979,NA,0.314,0.375,0.452,0.036,0.352,0.0155,NA,2.949,497.475,NA,NA,3.647,252.485,NA,NA,2019-07-18,NA,"SDWS_wq; SDWS_chla; Baulch"
"59","109",2020-07-21,NA,NA,NA,NA,NA,NA,NA,NA,NA,NA,NA,NA,NA,NA,NA,NA,1.425,NA,NA,NA,2021-01-20,NA,"SDWS_chla"
"60","109",2020-08-14,NA,NA,NA,NA,NA,NA,NA,NA,NA,NA,NA,NA,NA,NA,NA,NA,14.301,NA,NA,NA,2021-01-20,NA,"SDWS_chla"
"61","109",2020-09-09,"12:54; 12:54:00.000000",14.29,8.65,1651,17.51,0.36,0.3925,0.404,0.009,0.149,0.0025,2.276,2.372,871.23,NA,NA,3.14775,NA,NA,NA,2020-12-07,NA,"SDWS_wq; SDWS_chla; SDWS_chla; Baulch"
"62","109",2020-10-02,NA,NA,NA,NA,NA,NA,NA,NA,NA,NA,NA,NA,NA,NA,NA,NA,17.745,NA,NA,NA,2021-01-20,NA,"SDWS_chla"
"63","109",2021-05-13,NA,19.3,9.01,2137,NA,0.495,0.353,0.5055,0.052,0.403,0.009,1.656,1.641,886.935,NA,NA,10.021,NA,NA,NA,2021-10-21,NA,"SDWS_wq; SDWS_chla; Baulch"
"64","109",2021-07-16,NA,5.57,7.69,3514,NA,0.606,0.337,0.414,0.114,0.548,-0.002,5.495,6.183,1497.81,NA,NA,14.423,NA,"YSI in lab following day; NA",NA,2021-10-21,NA,"SDWS_wq; SDWS_chla; Baulch"
"65","109",2022-05-11,NA,13.44,6.74,599,NA,1.588,1.5675,1.577,0.106,0.303,0.07,1.347,1.552,183.305,NA,NA,1.178,NA,NA,14.978,2022-05-20,NA,"SDWS_wq; SDWS_chla; Baulch"
"66","110",2014-08-11,NA,15.9,NA,686,NA,1.851,0.815,1.261,0.673,NA,1.851,NA,NA,47.64,NA,NA,79.297,NA,NA,NA,NA,NA,"SDWS_wq"
"67","110",2015-07-06,NA,NA,NA,NA,NA,8.497,NA,2.664,0.0925,NA,0.014,NA,NA,NA,-88.03,-7.07,44.603,NA,NA,-47.929,2015-11-19,14.148,"SDWS_wq; SDWS_chla; Baulch"
"68","110",2016-04-20,"11:10",NA,7.85,311,NA,0.582,NA,0.877,0.005,NA,0.006,NA,NA,214.875,-117.88,-14.38,31.678,NA,NA,31.169,2016-05-26,NA,"SDWS_wq; SDWS_chla"
"69","110",2016-05-12,NA,NA,NA,NA,NA,NA,NA,NA,NA,NA,NA,NA,NA,NA,-103.86,-11.9,NA,NA,NA,NA,NA,NA,"SDWS_wq"
"70","110",2016-07-18,NA,NA,8.68,461,NA,2.6975,NA,3.598,0.096,NA,0.013,NA,NA,5.977,-82.36,-6.55,478.7905,NA,NA,8.092,2016-08-09,NA,"SDWS_wq; SDWS_chla; Baulch"
"71","110",2017-07-12,NA,NA,NA,NA,NA,2.7275,5.597,6.385,3.3445,NA,0.07,NA,NA,NA,NA,NA,82.642,NA,NA,17.017,2017-10-23,NA,"SDWS_wq; SDWS_chla; Baulch"
"72","110",2018-05-14,"10:38:00.000000",13.51,7.11,255,5.15,1.634,0.151,0.152,0.011,0.396,0.004,NA,2.397,17.21,NA,NA,13.914,NA,NA,NA,NA,NA,"Baulch"
"73","110",2018-07-09,NA,15.1,7.15,449.1,NA,3.101,2.398,2.217,0.553,0.943,0.256,NA,2.816,8,NA,NA,NA,NA,NA,NA,NA,NA,"Baulch"
"74","110",2022-05-11,NA,14.18,6.73,266,NA,2.364,2.2745,2.809,0.127,0.61,0.027,2.739,2.64,16.215,NA,NA,14.533,NA,NA,39.207,2022-05-20,NA,"SDWS_wq; SDWS_chla; Baulch"
"75","112",2016-05-12,NA,NA,NA,NA,NA,NA,NA,NA,NA,NA,NA,NA,NA,NA,-103.39,-12.27,NA,NA,NA,NA,NA,NA,"SDWS_wq"
"76","117",2014-08-11,NA,19.8,NA,503,NA,1.364,1.365,1.533,0.023,NA,1.364,NA,NA,6.86,NA,NA,98.454,NA,NA,NA,NA,NA,"SDWS_wq"
"77","117",2015-07-06,NA,NA,NA,NA,NA,10.5515,NA,3.717,0.727,NA,-5e-04,NA,NA,NA,-79.58,-5.01,6.295,NA,NA,-55.05,2015-11-19,20.125,"SDWS_wq; SDWS_chla; Baulch"
"78","117",2016-04-20,"10:45",NA,7.67,217.1,NA,0.737,NA,0.925,0.01,NA,0.008,NA,NA,213.705,-124.85,-15.56,21.892,NA,NA,-100.097,2016-05-26,NA,"SDWS_wq; SDWS_chla"
"79","117",2016-05-12,NA,NA,NA,NA,NA,NA,NA,NA,NA,NA,NA,NA,NA,NA,-109.87,-12.41,NA,NA,NA,NA,NA,NA,"SDWS_wq"
"80","117",2016-07-18,NA,NA,9.11,1360,NA,1.629,NA,3.796,0.007,NA,0,NA,NA,647.9265,-80.11,-6.64,66.789,NA,NA,17.063,2016-08-09,NA,"SDWS_wq; SDWS_chla; Baulch"
"81","117",2018-05-14,"13:00:00.000000",13.76,6.64,153.8,8.6,1.071,0.919,0.983,0.011,0.35,0.004,NA,1.464,5.86,NA,NA,10.436,NA,NA,NA,NA,NA,"Baulch"
"82","117",2018-07-09,NA,16.4,7.08,437.4,NA,3.42,3.498,2.546,0.493,1.035,NA,NA,3.128,7.825,NA,NA,NA,NA,NA,NA,NA,NA,"Baulch"
"83","117",2022-05-11,NA,17.84,6.6,159,NA,1.074,1.989,2.52,0.066,0.475,0.044,1.698,1.978,12.64,NA,NA,2.184,NA,NA,11.309,2022-05-20,NA,"SDWS_wq; SDWS_chla; Baulch"
"84","118",2014-08-12,NA,17.8,NA,1498,NA,0.706,0.756,0.857,0.235,NA,0.706,NA,NA,182.74,-96.08,-10.09,80.06,NA,NA,NA,NA,NA,"SDWS_wq"
"85","12",2014-08-19,NA,20.5,NA,879,NA,0.685,0.722,0.755,0.074,NA,NA,NA,NA,NA,-86.94,-7.8,8.766,NA,NA,NA,NA,NA,"SDWS_wq"
"86","120",2014-08-11,NA,17.9,NA,1683,NA,1.082,1.059,1.416,0.424,NA,1.082,NA,NA,854.36,NA,NA,111.251,NA,NA,NA,NA,NA,"SDWS_wq"
"87","120",2015-07-06,NA,NA,NA,NA,NA,2.43,NA,1.779,1.207,NA,0,NA,NA,NA,-95.24,-8.87,20.291,NA,NA,-63.178,2015-11-19,3.229,"SDWS_wq; SDWS_chla; Baulch"
"88","120",2016-04-20,"10:50",NA,8.13,1067,NA,0.646,NA,0.961,0.01,NA,0.025,NA,NA,385.9,-110.12,-12.65,69.13,NA,NA,-7.552,2016-05-26,NA,"SDWS_wq; SDWS_chla"
"89","120",2016-05-12,NA,NA,NA,NA,NA,NA,NA,NA,NA,NA,NA,NA,NA,NA,-97.82,-11.29,NA,NA,NA,NA,NA,NA,"SDWS_wq"
"90","120",2016-07-18,NA,NA,9.27,248,NA,2.268,NA,1.877,0.0445,NA,-0.0015,NA,NA,4.5675,-81.62,-7.04,68.4875,NA,NA,-8.32,2016-08-09,NA,"SDWS_wq; SDWS_chla; Baulch"
"91","120",2017-07-12,NA,NA,NA,NA,NA,1.09,2.474,2.504,3.479,NA,0.009,NA,NA,NA,NA,NA,40.27,NA,NA,-90.721,2017-10-23,NA,"SDWS_wq; SDWS_chla; Baulch"
"92","120",2017-10-17,NA,NA,NA,NA,NA,0.9005,0.946,0.944,2.709,NA,0.1085,NA,NA,NA,NA,NA,43.261,NA,NA,7.734,2017-10-23,NA,"SDWS_wq; SDWS_chla; Baulch"
"93","120",2018-05-14,"12:45:00.000000",16.4,7.33,612,9.92,0.864,0.896,0.883,0.011,0.256,0.004,NA,1.871,221.855,NA,NA,2.78,NA,NA,NA,NA,NA,"Baulch"
"94","120",2018-07-09,NA,13.8,8.06,1223,NA,2.239,1.742,1.815,0.029,0.244,0.027,NA,2.539,294.495,NA,NA,NA,NA,NA,NA,NA,NA,"Baulch"
"95","120",2018-10-10,NA,12.04,8.71,1060,NA,1.647,1.953,2.335,2.93,0.322,0.018,NA,3.782,335.47,NA,NA,NA,NA,NA,NA,NA,NA,"Baulch"
"96","120",2019-05-22,NA,NA,9.35,773,NA,1.749,2.063,2.082,0.7905,0.239,0.011,NA,3.143,236.47,NA,NA,1.455,372.635,NA,NA,2019-07-18,NA,"SDWS_wq; SDWS_chla; Baulch"
"97","120",2019-07-09,NA,NA,8.98,972,NA,0.569,0.717,0.842,0.041,0.3885,0.028,NA,4.614,382.705,NA,NA,30.95,191.98,NA,NA,2019-07-18,NA,"SDWS_wq; SDWS_chla; Baulch"
"98","122",2014-08-12,NA,18.6,NA,905,NA,1.714,0.975,1.413,NA,NA,NA,NA,NA,NA,-93.32,-9.93,76.736,NA,NA,NA,NA,NA,"SDWS_wq"
"99","124",2014-08-11,NA,21,NA,2910,NA,0.157,0.228,0.275,0.584,NA,0.157,NA,NA,1616.56,NA,NA,7.858,NA,NA,NA,NA,NA,"SDWS_wq"
"100","124",2016-05-12,NA,NA,NA,NA,NA,NA,NA,NA,NA,NA,NA,NA,NA,NA,-95.79,-10.48,NA,NA,NA,NA,NA,NA,"SDWS_wq"
"101","124",2016-07-18,NA,NA,NA,NA,NA,NA,NA,NA,NA,NA,NA,NA,NA,NA,-74.12,-6.37,NA,NA,NA,NA,NA,NA,"SDWS_wq"
"102","125",2018-10-10,NA,11.23,8.68,3099,NA,0.003,0.049,0.334,NA,0.625,0.111,NA,3.218,2070.665,NA,NA,NA,NA,NA,NA,NA,NA,"Baulch"
"103","125",2019-07-09,NA,NA,NA,NA,NA,0.017,0.05,0.346,0.011,0.255,0.004,NA,3.155,2174.415,NA,NA,21.025,319.02,NA,NA,NA,NA,"Baulch"
"104","125N",2014-08-11,NA,21.5,NA,2650,NA,0.011,0.088,0.216,0.03,NA,0.011,NA,NA,84.535,NA,NA,37.066,NA,NA,NA,NA,NA,"SDWS_wq"
"105","125S",2014-08-11,NA,21.7,NA,2670,NA,0.015,0.081,0.225,0.024,NA,0.015,NA,NA,1619.815,NA,NA,36.708,NA,NA,NA,NA,NA,"SDWS_wq"
"106","125S",2015-07-07,NA,NA,NA,NA,NA,0.0245,NA,0.239,0.5715,NA,-0.003,NA,NA,NA,-94.64,-9.33,31.8185,NA,NA,-4.401,2015-11-19,0.022,"SDWS_wq; SDWS_chla; Baulch"
"107","125S",2016-04-20,"10:30",NA,8.15,1897,NA,0.002,NA,0.148,0.005,NA,0.006,NA,NA,1063.83,-106.17,-11.84,32.637,NA,"no filtered amount listed; NA",37.364,2016-05-26,NA,"SDWS_wq; SDWS_chla"
"108","125S",2016-05-12,NA,NA,NA,NA,NA,NA,NA,NA,NA,NA,NA,NA,NA,NA,-94.99,-10.24,NA,NA,NA,NA,NA,NA,"SDWS_wq"
"109","125S",2016-07-18,NA,NA,8.83,2438,NA,0.0035,NA,0.226,0.0065,NA,0.0045,NA,NA,1634.5535,-83.89,-7.46,45.481,NA,NA,8.802,2016-08-09,NA,"SDWS_wq; SDWS_chla; Baulch"
"110","125S",2017-07-11,NA,NA,NA,NA,NA,0.003,0.055,0.216,0.0885,NA,0.073,NA,NA,NA,NA,NA,83.386,NA,NA,-22.01,2017-10-23,NA,"SDWS_wq; SDWS_chla; Baulch"
"111","125S",2017-10-16,NA,NA,NA,NA,NA,-0.002,0.072,0.4,0.132,NA,0.131,NA,NA,NA,NA,NA,148.379,NA,NA,-0.808,2017-10-23,NA,"SDWS_wq; SDWS_chla; Baulch"
"112","125S",2018-05-14,"10:13:00.000000",14.01,8.17,1786,7.17,0.59,0.002,0.174,0.011,0.245,0.004,NA,2.075,1108.985,NA,NA,11.705,NA,NA,NA,NA,NA,"Baulch"
"113","125S",2018-07-09,NA,14.1,8.42,3204,NA,0.138,0.211,0.198,0.087,0.249,0.119,NA,2.596,1499.32,NA,NA,NA,NA,NA,NA,NA,NA,"Baulch"
"114","125S",2019-05-22,NA,NA,9.04,3017,NA,0.0025,0.0165,0.236,0.0865,0.193,0.022,NA,2.984,2241.9325,NA,NA,49.86,361.28,NA,NA,2019-07-18,NA,"SDWS_wq; SDWS_chla; Baulch"
"115","125S",2019-07-09,NA,NA,8.92,3292,NA,0.017,0.05,0.346,0.015,0.288,0.119,NA,3.155,2174.415,NA,NA,21.025,319.02,NA,NA,2019-07-18,NA,"SDWS_wq; SDWS_chla"
"116","125S",2020-09-09,"12:08; 12:08:00.000000",12.95,7.75,4571,14.56,0.005,0.066,0.368,0.1975,0.5205,0.094,3.877,3.571,2842.24,NA,NA,80.225,NA,NA,-34.112,2020-12-07,NA,"SDWS_wq; SDWS_chla; Baulch"
"117","125S",2021-07-15,NA,23.78,8.05,6198,NA,0.02,0.0425,0.3335,0.4575,0.443,0.0065,5.583,6.92,2940.94,NA,NA,228.854,NA,"YSI in lab; NA",NA,2021-10-21,NA,"SDWS_wq; SDWS_chla; Baulch"
"118","125S",2021-10-13,NA,NA,8.18,8787,NA,0.021,0.129,1.32,-0.0335,0.689,0.074,7.804,10.056,4147.6375,NA,NA,391.387,NA,"YSI in lab following day; NA",NA,2021-10-21,NA,"SDWS_wq; SDWS_chla; Baulch"
"119","125S",2022-05-11,NA,17.22,7.42,4806,NA,0.022,0.073,0.294,0.114,0.292,0.096,4.564,5.092,3432.095,NA,NA,40.014,NA,NA,19.359,2022-05-20,NA,"SDWS_wq; SDWS_chla; Baulch"
"120","125S",2022-10-03,NA,18.38,7.33,10012,7.44,0.088,0.23,0.295,0.229,0.5,0.1,11.919,12.187,7106.95,NA,NA,12.832,NA,"YSI done in lab, temp and O2 probably not reflect pond conditions",27.637,NA,NA,"SDWS_wq; SDWS_chla; Baulch"
"121","126",2014-08-11,NA,21.3,NA,2690,NA,0.021,0.094,0.414,0.041,NA,0.021,NA,NA,1612.855,NA,NA,50.914,NA,NA,NA,NA,NA,"SDWS_wq"
"122","13",2014-08-19,NA,18,NA,1378,NA,2.355,1.841,2.341,0.447,NA,0.024,NA,NA,368.595,-100.2,-10.14,202.033,NA,"Sometimes Used Pond ID: 4864; NA",NA,NA,NA,"SDWS_wq"
"123","130",2014-08-12,NA,19.4,NA,1159,NA,0.823,0.941,0.966,0.2,NA,NA,NA,NA,371.68,-95.65,-8.48,71.225,NA,NA,NA,NA,NA,"SDWS_wq"
"124","138",2014-08-12,NA,NA,NA,NA,NA,NA,NA,NA,NA,NA,NA,NA,NA,358.225,NA,NA,NA,NA,"No 138 listed in field notes; NA",NA,NA,NA,"SDWS_wq"
"125","139",2014-08-12,NA,20.1,NA,1606,NA,0.297,0.408,0.502,0.05,NA,0.297,NA,NA,680.36,-94.96,-10.14,39.271,NA,NA,NA,NA,NA,"SDWS_wq"
"126","139",2015-07-07,NA,NA,NA,NA,NA,0.204,NA,0.376,0.043,NA,-0.0015,NA,NA,NA,-97.14,-8.68,15.4905,NA,NA,24.969,2015-11-19,0.2,"SDWS_wq; SDWS_chla; Baulch"
"127","139",2016-04-20,"10:15",NA,8.55,815,NA,0.082,NA,0.372,0.014,NA,0.006,NA,NA,272.255,-116.68,-13.49,54.598,NA,NA,NA,NA,NA,"SDWS_wq"
"128","139",2016-05-12,NA,NA,NA,NA,NA,NA,NA,NA,NA,NA,NA,NA,NA,NA,-103.58,-11.58,NA,NA,NA,NA,NA,NA,"SDWS_wq"
"129","139",2016-07-18,NA,NA,9.41,2438,NA,0.168,NA,0.27,0.037,NA,0.0015,NA,NA,504.1255,-80.27,-6.29,12.6585,NA,NA,-10.824,2016-08-09,NA,"SDWS_wq; SDWS_chla; Baulch"
"130","139",2017-07-11,NA,NA,NA,NA,NA,0.1405,0.338,0.406,0.0915,NA,0.021,NA,NA,NA,NA,NA,16.713,NA,NA,84.274,2017-10-23,NA,"SDWS_wq; SDWS_chla; Baulch"
"131","139",2018-05-14,"09:49:00.000000",14.8,7.27,480,8.28,0.003,0.602,0.622,0.011,0.336,0.012,NA,1.772,142.925,NA,NA,2.361,NA,NA,NA,NA,NA,"Baulch"
"132","139",2018-07-09,NA,14.4,9.58,927,NA,0.389,0.589,0.439,0.041,0.271,0.052,NA,3.099,258.72,NA,NA,NA,NA,NA,NA,NA,NA,"Baulch"
"133","139",2019-05-22,NA,NA,9.03,843,NA,2.623,2.796,2.695,0.209,0.394,0.014,NA,3.247,279.525,NA,NA,41.422,443.065,NA,NA,2019-07-18,NA,"SDWS_wq; SDWS_chla; Baulch"
"134","139A",2017-03-31,NA,NA,NA,NA,NA,0.6365,NA,NA,0.064,NA,NA,NA,NA,NA,-163.35,-21.039,NA,NA,NA,NA,NA,NA,"SDWS_wq; Baulch"
"135","139A",2018-04-25,NA,NA,6.72,86.1,NA,2.247,0.087,0.132,NA,NA,0.008,NA,NA,NA,NA,NA,NA,NA,NA,NA,NA,NA,"Baulch"
"136","140",2014-08-12,NA,22.7,NA,2760,NA,0.046,0.133,0.191,0.018,NA,-0.025,NA,NA,48.815,-92.63,-8.7,27.19,NA,NA,NA,NA,NA,"SDWS_wq"
"137","15",2014-08-19,NA,17.8,NA,542,NA,0.098,0.166,0.456,0.158,NA,0.014,NA,NA,69.145,-110.22,-12.73,125.668,NA,"Sometimes Used Pond ID: 4563; NA",NA,NA,NA,"SDWS_wq"
"138","15",2016-04-20,NA,NA,NA,NA,NA,NA,NA,NA,NA,NA,NA,NA,NA,NA,NA,NA,54.598,NA,NA,17.964,2016-05-26,NA,"SDWS_chla"
"139","15",2016-05-12,NA,NA,NA,NA,NA,NA,NA,NA,NA,NA,NA,NA,NA,NA,-113.61,-13.3,NA,NA,NA,NA,NA,NA,"SDWS_wq"
"140","15",2016-07-18,NA,NA,NA,NA,NA,NA,NA,NA,NA,NA,NA,NA,NA,NA,-101.64,-10.57,NA,NA,NA,NA,NA,NA,"SDWS_wq"
"141","17",2016-04-20,"09:54",NA,8.25,198.6,NA,0.724,NA,0.92,0.016,NA,0.009,NA,NA,217.99,NA,NA,2.293,NA,NA,-143.226,2016-05-26,NA,"SDWS_wq; SDWS_chla"
"142","17",2017-03-31,NA,NA,NA,NA,NA,0.4355,NA,NA,-0.0105,NA,NA,NA,NA,NA,-165.83,-21.239,NA,NA,NA,NA,NA,NA,"SDWS_wq; Baulch"
"143","17",2018-04-25,NA,NA,6.88,109,NA,0.672,0.901,0.887,NA,NA,0.004,NA,NA,NA,NA,NA,NA,NA,NA,NA,NA,NA,"Baulch"
"144","17",2018-05-14,NA,NA,NA,NA,9.53,1.552,0.139,0.154,0.011,0.352,0.004,NA,2.47,7.005,NA,NA,27.812,NA,NA,NA,NA,NA,"Baulch"
"145","18",2014-08-19,NA,24.8,NA,1584,NA,0.676,0.83,0.99,0.468,NA,0.017,NA,NA,728.32,-82.54,-6.65,5.337,NA,"Sometimes Used Pond ID: 4360; NA",NA,NA,NA,"SDWS_wq"
"146","19",2014-08-19,NA,24.3,NA,1863,NA,0.288,0.386,0.394,0.046,NA,-0.003,NA,NA,1504.07,-91.22,-7.85,2.153,NA,"Sometimes Used Pond ID: 3242; NA",NA,NA,NA,"SDWS_wq"
"147","1A",2014-08-12,NA,NA,NA,NA,NA,NA,NA,NA,NA,NA,NA,NA,NA,NA,-90.56,-8.21,NA,NA,"No 1 A listed in field notes; NA",NA,NA,NA,"SDWS_wq"
"148","1B",2016-05-12,NA,NA,NA,NA,NA,NA,NA,NA,NA,NA,NA,NA,NA,NA,-94.05,-10.22,NA,NA,NA,NA,NA,NA,"SDWS_wq"
"149","2",2014-08-12,NA,22.6,NA,3070,NA,0.214,0.281,0.296,0.023,NA,0.214,NA,NA,NA,NA,NA,5.589,NA,NA,NA,NA,NA,"SDWS_wq"
"150","2",2016-05-12,NA,NA,NA,NA,NA,NA,NA,NA,NA,NA,NA,NA,NA,NA,-93.13,-10.19,NA,NA,NA,NA,NA,NA,"SDWS_wq"
"151","2",2016-07-18,NA,NA,NA,NA,NA,NA,NA,NA,NA,NA,NA,NA,NA,NA,-77.45,-5.99,NA,NA,NA,NA,NA,NA,"SDWS_wq"
"152","2",2018-05-14,NA,NA,NA,NA,NA,0.115,0.143,0.179,0.033,0.237,0.004,NA,2.041,834.595,NA,NA,1.633,NA,NA,NA,NA,NA,"Baulch"
"153","2",2019-06-04,NA,NA,NA,NA,NA,NA,0.425,0.408,0.009,NA,0.013,NA,NA,2449.85,NA,NA,NA,NA,"From Amy H. Data I think? Not SDWS; NA",NA,NA,NA,"SDWS_wq"
"154","20",2014-08-19,NA,23.33,NA,2720,NA,0.003,0.052,0.071,0.056,NA,0.018,NA,NA,2400.655,-91.59,-8.07,5.972,NA,"Sometimes Used Pond ID: 3144; NA",NA,NA,NA,"SDWS_wq"
"155","20",2019-06-04,NA,NA,NA,NA,NA,NA,0.167,0.202,0.02,NA,0.001,NA,NA,1308.105,NA,NA,NA,NA,"From Amy H. Data I think? Not SDWS; NA",NA,NA,NA,"SDWS_wq"
"156","24",2014-08-21,NA,13.1,NA,562,NA,0.712,0.787,0.829,NA,NA,NA,NA,NA,NA,-93.12,-9.93,143.296,NA,"Sometimes Used Pond ID: 3444; NA",NA,NA,NA,"SDWS_wq"
"157","25",2014-08-19,NA,21.9,NA,2750,NA,0.005,0.084,0.41,0.142,NA,0.026,NA,NA,-294.135,-88.38,-7.7,145.54,NA,"Sometimes Used Pond ID:3342; NA",NA,NA,NA,"SDWS_wq"
"158","25",2015-07-08,NA,NA,NA,NA,NA,0.098,NA,0.235,0.088,NA,0.0035,NA,NA,NA,-84.54,-7.26,19.208,NA,NA,10.185,2015-11-19,0.099,"SDWS_wq; SDWS_chla; Baulch"
"159","25",2016-04-20,"13:35",NA,8.42,2376,NA,0.013,NA,0.084,0.004,NA,0.021,NA,NA,1402.105,-94.26,-9.9,9.401,NA,NA,-2.144,2016-05-26,NA,"SDWS_wq; SDWS_chla"
"160","25",2016-05-13,NA,NA,NA,NA,NA,NA,NA,NA,NA,NA,NA,NA,NA,NA,-88.14,-9.24,NA,NA,NA,NA,NA,NA,"SDWS_wq"
"161","25",2016-07-19,NA,NA,9.11,2664,NA,0.007,NA,0.2,0.0575,NA,-0.001,NA,NA,1632.831,-77.55,-6.84,172.323,NA,NA,-15.266,2016-08-09,NA,"SDWS_chla; SDWS_wq; Baulch"
"162","25",2017-07-12,NA,NA,NA,NA,NA,0.002,0.043,0.284,0.1485,NA,0.033,NA,NA,NA,NA,NA,141.957,NA,NA,-1.864,2017-10-23,NA,"SDWS_wq; SDWS_chla; Baulch"
"163","25",2017-10-17,NA,NA,NA,NA,NA,0.021,0.056,0.237,0.274,NA,0.064,NA,NA,NA,NA,NA,112.7265,NA,NA,-1.205,2017-10-23,NA,"SDWS_wq; SDWS_chla; Baulch"
"164","25",2018-05-15,"11:53:00.000000",16.79,8.33,2005,11.46,0.008,0.052,0.13,0.011,0.287,0.017,NA,2.839,1216.245,NA,NA,37.841,NA,NA,NA,NA,NA,"Baulch"
"165","25",2018-07-10,NA,16.1,9.08,3546,NA,0.016,0.11,0.076,0.036,0.652,0.079,NA,2.937,1862.265,NA,NA,NA,NA,"Forgot to take DO measurement.",NA,NA,NA,"Baulch"
"166","25",2018-10-09,NA,10.7,8.11,3491,NA,0.25,0.329,0.355,0.289,0.708,0.288,NA,6.463,1987.89,NA,NA,NA,NA,NA,NA,NA,NA,"Baulch"
"167","25",2019-05-23,NA,NA,9.08,3158,NA,0.051,0.109,0.103,0.281,0.329,0.045,NA,3.93,1205.595,NA,NA,3.874,454.455,NA,NA,2019-07-18,NA,"SDWS_wq; SDWS_chla; Baulch"
"168","25",2019-07-10,NA,NA,9.04,3854,NA,0.019,0.09,0.126,0.043,0.395,0.046,NA,3.301,772.125,NA,NA,7.726,174.845,NA,NA,2019-07-18,NA,"SDWS_wq; SDWS_chla; Baulch"
"169","25",2020-09-09,"10:08; 10:08:00.000000",13.24,8.14,4302,11.05,0.006,0.082,0.537,0.115,0.319,0.008,4.0865,3.794,2423.065,NA,NA,105.946,NA,NA,-9.134,2020-12-07,NA,"SDWS_wq; SDWS_chla; Baulch"
"170","25",2021-05-13,NA,20.1,8.77,4680,NA,0.018,0.092,0.65,0.139,0.41,0.0025,5.107,5.09,1652.1775,NA,NA,106.153,NA,NA,3.563,2021-10-21,NA,"SDWS_wq; SDWS_chla; Baulch"
"171","25",2021-07-15,NA,23.66,8.13,5681,NA,0.023,0.0545,0.4345,0.216,0.5865,0.0025,7.622,10.189,2300.005,NA,NA,141.87,NA,"YSI in lab; NA",NA,2021-10-21,NA,"SDWS_wq; SDWS_chla; Baulch"
"172","25",2021-10-13,NA,NA,8.24,7282,NA,0.02,0.166,1.65,-0.012,0.476,0.071,9.223,12.222,3132.84,NA,NA,524.376,NA,"YSI in lab following day; NA",NA,2021-10-21,NA,"SDWS_wq; SDWS_chla; Baulch"
"173","26",2014-08-21,NA,13.1,NA,1059,NA,0.006,1.047,1.023,0.233,NA,0.027,NA,NA,-467.385,-91.48,-9.41,304.069,NA,"Sometimes Used Pond ID:4240; NA",NA,NA,NA,"SDWS_wq"
"174","26A",2014-08-19,NA,23,NA,2720,NA,NA,NA,NA,NA,NA,NA,NA,NA,NA,-88.33,-7.87,NA,NA,NA,NA,NA,NA,"SDWS_wq"
"175","27",2014-08-21,NA,12.4,NA,836,NA,0.538,NA,NA,NA,NA,NA,NA,NA,NA,-97.04,-10.57,463.468,NA,"Sometimes Used Pond ID: 4441; NA",NA,NA,NA,"SDWS_wq"
"176","27A",2016-04-20,"13:30",NA,8.43,5670,NA,0.412,NA,0.601,0.005,NA,0.017,NA,NA,4616.205,-116.14,-13.88,22.84,NA,NA,59.472,2016-05-26,NA,"SDWS_wq; SDWS_chla"
"177","27A",2016-05-13,NA,NA,NA,NA,NA,NA,NA,NA,NA,NA,NA,NA,NA,NA,-113.13,-15.03,NA,NA,NA,NA,NA,NA,"SDWS_wq"
"178","27A",2017-03-31,NA,NA,NA,NA,NA,0.8715,NA,NA,0.0755,NA,NA,NA,NA,NA,-144.91,-18.678,NA,NA,NA,NA,NA,NA,"SDWS_wq; Baulch"
"179","27A",2018-04-25,NA,NA,7.93,2202,NA,0.051,0.254,0.263,NA,NA,1.147,NA,NA,1046.65,NA,NA,NA,NA,NA,NA,NA,NA,"Baulch"
"180","28",2014-08-21,NA,12.5,NA,1065,NA,0.35,NA,NA,NA,NA,NA,NA,NA,NA,-90.14,-9.17,45.888,NA,"Sometimes Used Pond ID: 4440; NA",NA,NA,NA,"SDWS_wq"
"181","3",2014-08-12,NA,23.1,NA,2550,NA,1.268,1.32,1.181,0.048,NA,NA,NA,NA,NA,-98.73,-9.01,6.274,NA,NA,NA,NA,NA,"SDWS_wq"
"182","30",2014-08-21,NA,16.7,NA,2860,NA,0.443,NA,NA,NA,NA,NA,NA,NA,NA,-81.55,-7.39,115.394,NA,"Sometimes Used Pond ID: 7040; NA",NA,NA,NA,"SDWS_wq"
"183","35",2014-08-19,NA,21.2,NA,2840,NA,0.096,0.183,0.508,0.048,NA,NA,NA,NA,NA,-88.5,-8.56,198.912,NA,NA,NA,NA,NA,"SDWS_wq"
"184","35",2016-05-13,NA,NA,NA,NA,NA,NA,NA,NA,NA,NA,NA,NA,NA,NA,-79.34,-7.25,NA,NA,NA,NA,NA,NA,"SDWS_wq"
"185","35",2016-07-19,NA,NA,NA,NA,NA,NA,NA,NA,NA,NA,NA,NA,NA,NA,-75.6,-6.53,NA,NA,NA,NA,NA,NA,"SDWS_wq"
"186","37",2014-08-13,NA,21.8,NA,1123,NA,0.324,0.398,0.381,NA,NA,-0.023,NA,NA,434.945,-94.65,-9.58,33.581,NA,NA,NA,NA,NA,"SDWS_wq"
"187","37",2016-05-13,NA,NA,NA,NA,NA,NA,NA,NA,NA,NA,NA,NA,NA,NA,-105.85,-11.03,NA,NA,NA,NA,NA,NA,"SDWS_wq"
"188","37",2016-07-19,NA,NA,NA,NA,NA,NA,NA,NA,NA,NA,NA,NA,NA,NA,-82.57,-6.65,NA,NA,NA,NA,NA,NA,"SDWS_wq"
"189","37",2020-07-21,NA,NA,NA,NA,NA,NA,NA,NA,NA,NA,NA,NA,NA,NA,NA,NA,1.911,NA,NA,NA,2021-01-20,NA,"SDWS_chla"
"190","37",2020-08-14,NA,NA,NA,NA,NA,NA,NA,NA,NA,NA,NA,NA,NA,NA,NA,NA,1.911,NA,NA,NA,2021-01-20,NA,"SDWS_chla"
"191","37",2020-09-10,NA,NA,NA,NA,NA,NA,NA,NA,NA,NA,NA,NA,NA,NA,NA,NA,21.117,NA,NA,NA,2021-01-20,NA,"SDWS_chla"
"192","37",2020-10-02,NA,NA,NA,NA,NA,NA,NA,NA,NA,NA,NA,NA,NA,NA,NA,NA,193.061,NA,NA,NA,2021-01-20,NA,"SDWS_chla"
"193","38",2014-08-13,NA,20,NA,1323,NA,1.145,1.032,1.08,NA,NA,0.019,NA,NA,577.325,-98.08,-10.44,38.983,NA,NA,NA,NA,NA,"SDWS_wq"
"194","39",2015-07-08,NA,NA,NA,NA,NA,0.717,NA,0.839,0.113,NA,0.0045,NA,NA,NA,-79.79,-4.92,12.412,NA,NA,2.634,2015-11-19,0.735,"SDWS_wq; SDWS_chla; Baulch"
"195","39",2016-04-20,"13:50",NA,8.15,1317,NA,0.314,NA,0.5,0.009,NA,0.004,NA,NA,507.625,-108.11,-12.15,13.311,NA,NA,-31.19,2016-05-26,NA,"SDWS_wq; SDWS_chla"
"196","39",2016-05-13,NA,NA,NA,NA,NA,NA,NA,NA,NA,NA,NA,NA,NA,NA,-100.63,-10.36,NA,NA,NA,NA,NA,NA,"SDWS_wq"
"197","39",2016-07-19,NA,NA,9.4,2036,NA,0.521,NA,0.656,0.0455,NA,-0.0015,NA,NA,964.0755,-76.1,-5.41,4.959,NA,NA,70.676,2016-08-09,NA,"SDWS_wq; SDWS_chla; Baulch"
"198","39",2017-07-13,NA,NA,NA,NA,NA,0.388,0.568,0.634,0.4055,NA,0.0055,NA,NA,NA,NA,NA,14.552,NA,NA,72.876,2017-10-23,NA,"SDWS_wq; SDWS_chla; Baulch"
"199","39",2017-10-17,NA,NA,NA,NA,NA,0.565,0.745,0.978,0.1045,NA,0.069,NA,NA,NA,NA,NA,91.792,NA,NA,43.979,2017-10-23,NA,"SDWS_wq; SDWS_chla; Baulch"
"200","39",2018-05-15,"11:00:00.000000",16.71,7.9,986,7.52,0.712,0.749,0.825,0.011,0.366,0.004,NA,2.136,438.85,NA,NA,15.869,NA,NA,NA,NA,NA,"Baulch"
"201","39",2018-07-10,NA,15.7,7.63,2217,NA,1.159,1.146,1.153,0.025,0.364,0.34,NA,3.51,809.64,NA,NA,NA,NA,NA,NA,NA,NA,"Baulch"
"202","39",2019-05-23,NA,NA,9.14,2122,NA,0.98,1.062,1.23,0.1575,0.274,0.016,NA,2.781,1319.27,NA,NA,2.164,394.49,NA,NA,2019-07-18,NA,"SDWS_wq; SDWS_chla; Baulch"
"203","39",2019-07-10,NA,NA,9.03,3502,NA,0.55,0.775,1.185,0.031,0.3925,0.1805,NA,4.63,1642.54,NA,NA,144.876,381.875,NA,NA,2019-07-18,NA,"SDWS_wq; SDWS_chla; Baulch"
"204","39A",2014-08-13,NA,21.8,NA,2730,NA,0.881,0.756,0.821,NA,NA,0.017,NA,NA,-227.82,-90.85,-8.1,43.708,NA,NA,NA,NA,NA,"SDWS_wq"
"205","4",2014-08-25,NA,18.6,NA,2970,NA,0.017,0.047,0.083,0.098,NA,NA,NA,NA,NA,-89.24,-7.88,20.698,NA,NA,NA,NA,NA,"SDWS_wq"
"206","40",2014-08-13,NA,19.9,NA,1401,NA,0.018,0.044,0.06,NA,NA,0.006,NA,NA,616.535,-93.5,-9.74,4.616,NA,NA,NA,NA,NA,"SDWS_wq"
"207","40",2015-07-08,NA,NA,NA,NA,NA,0.122,NA,0.174,0.0055,NA,-0.002,NA,NA,NA,-94.57,-8.75,8.7035,NA,NA,31.928,2015-11-19,0.097,"SDWS_wq; SDWS_chla; Baulch"
"208","40",2016-04-20,"13:40",NA,8.37,693,NA,0.041,NA,0.104,0.003,NA,0.006,NA,NA,226.17,-117.53,-14.12,8.594,NA,NA,-74.135,2016-05-26,NA,"SDWS_wq; SDWS_chla"
"209","40",2016-05-13,NA,NA,NA,NA,NA,NA,NA,NA,NA,NA,NA,NA,NA,NA,-108.35,-12.11,NA,NA,NA,NA,NA,NA,"SDWS_wq"
"210","40",2016-07-19,NA,NA,9.81,1021,NA,0.017,NA,0.122,0.026,NA,0,NA,NA,452.3825,-86.7,-7.65,158.382,NA,NA,-5.829,2016-08-09,NA,"SDWS_wq; SDWS_chla; Baulch"
"211","40",2017-07-13,NA,NA,NA,NA,NA,0.152,0.216,0.292,0.729,NA,0.002,NA,NA,NA,NA,NA,20.578,NA,NA,11.126,2017-10-23,NA,"SDWS_wq; SDWS_chla; Baulch"
"212","40",2018-05-15,"10:43:00.000000",15.17,7.73,391,8.15,0.208,0.229,0.236,0.011,0.241,0.01,NA,1.458,87.175,NA,NA,3.421,NA,NA,NA,NA,NA,"Baulch"
"213","40",2018-07-10,NA,16.1,8.29,978,NA,0.538,0.61,0.609,0.011,0.36,0.122,NA,2.031,148.04,NA,NA,NA,NA,NA,NA,NA,NA,"Baulch"
"214","40",2019-05-23,NA,NA,9.06,658,NA,0.67,0.846,0.904,0.1935,0.346,0.017,NA,3.096,235.745,NA,NA,16.757,266.435,NA,NA,2019-07-18,NA,"SDWS_wq; SDWS_chla; Baulch"
"215","41",2014-08-13,NA,18.5,NA,1731,NA,0.284,0.34,0.336,NA,NA,-0.021,NA,NA,782.545,-92.26,-9.09,52.037,NA,NA,NA,NA,NA,"SDWS_wq"
"216","41",2016-05-13,NA,NA,NA,NA,NA,NA,NA,NA,NA,NA,NA,NA,NA,NA,-110.52,-12.43,NA,NA,NA,NA,NA,NA,"SDWS_wq"
"217","41",2016-07-19,NA,NA,NA,NA,NA,NA,NA,NA,NA,NA,NA,NA,NA,NA,-79.42,-6.67,NA,NA,NA,NA,NA,NA,"SDWS_wq"
"218","42",2014-08-13,NA,18.3,NA,1451,NA,1.143,1.036,1.145,NA,NA,0.015,NA,NA,605.165,-97.08,-9.85,169.85,NA,NA,NA,NA,NA,"SDWS_wq"
"219","45",2014-08-13,NA,17.6,NA,904,NA,0.503,0.548,0.57,NA,NA,NA,NA,NA,NA,-107.14,-11.32,95.348,NA,NA,NA,NA,NA,"SDWS_wq"
"220","46",2014-08-19,NA,17.5,NA,746,NA,2.625,2.097,2.799,0.175,NA,0.016,NA,NA,59.55,-92.97,-9.44,93.503,NA,NA,NA,NA,NA,"SDWS_wq"
"221","5",2014-08-25,NA,19,NA,1351,NA,0.193,0.099,0.127,0.499,NA,0.025,NA,NA,711.34,-102.98,-11.06,59.565,NA,NA,NA,NA,NA,"SDWS_wq"
"222","50",2014-08-13,NA,23,NA,4190,NA,0.002,0.05,0.083,NA,NA,-0.021,NA,NA,2732.335,-84.62,-8.35,18.355,NA,NA,NA,NA,NA,"SDWS_wq"
"223","50",2015-07-08,NA,NA,NA,NA,NA,0.002,NA,0.172,-5e-04,NA,-0.004,NA,NA,NA,-84.4,-7.53,24.9935,NA,NA,-13.618,2015-11-19,0.007,"SDWS_wq; SDWS_chla; Baulch"
"224","50",2016-04-20,"14:00",NA,8.37,3100,NA,0.001,NA,0.126,0.013,NA,0.014,NA,NA,1997.59,-91.3,-9.4,24.131,NA,NA,-38.601,2016-05-26,NA,"SDWS_wq; SDWS_chla"
"225","50",2016-05-13,NA,NA,NA,NA,NA,NA,NA,NA,NA,NA,NA,NA,NA,NA,-88.77,-9.68,NA,NA,NA,NA,NA,NA,"SDWS_wq"
"226","50",2016-07-19,NA,NA,8.93,3870,NA,0.0035,NA,0.248,0.016,NA,-0.002,NA,NA,2684.9595,-83.76,-7.44,99.3495,NA,NA,1.959,2016-08-09,NA,"SDWS_wq; SDWS_chla; Baulch"
"227","50",2017-07-13,NA,NA,NA,NA,NA,0.01,0.063,0.466,0.0885,NA,0.104,NA,NA,NA,NA,NA,75.176,NA,NA,-0.901,2017-10-23,NA,"SDWS_wq; SDWS_chla; Baulch"
"228","50",2017-10-16,NA,NA,NA,NA,NA,-0.0045,0.077,0.523,0.0325,NA,0.01,NA,NA,NA,NA,NA,183.186,NA,NA,-10.177,2017-10-23,NA,"SDWS_wq; SDWS_chla; Baulch"
"229","50",2018-05-15,"10:10:00.000000",14.72,8.338,2761,7.22,0.003,0.002,0.19,0.011,0.203,0.053,NA,2.691,1935.48,NA,NA,50.846,NA,NA,NA,NA,NA,"Baulch"
"230","50",2018-07-10,NA,14,8.5,5578,NA,0.003,0.362,0.099,0.011,0.354,0.122,NA,3.126,3272.425,NA,NA,NA,NA,NA,NA,NA,NA,"Baulch"
"231","50",2018-10-09,NA,10.77,8.73,5277,NA,0.01,0.085,0.536,NA,0.212,0.008,NA,4.112,3098.445,NA,NA,NA,NA,NA,NA,NA,NA,"Baulch"
"232","50",2019-05-23,NA,NA,8.82,5117,NA,0.004,0.062,0.472,2.1135,0.188,0.024,NA,3.414,1590.59,NA,NA,163,542.63,NA,NA,2019-07-18,NA,"SDWS_wq; SDWS_chla; Baulch"
"233","50",2019-07-10,NA,NA,NA,5778,NA,0.018,0.094,0.418,0.0115,0.299,0.0725,NA,4.542,4599.005,NA,NA,104.783,540.715,NA,NA,2019-07-18,NA,"SDWS_wq; SDWS_chla; Baulch"
"234","50",2020-09-09,"11:08; 11:08:00.000000",12.48,7.95,6912,11.82,0.008,0.056,0.573,0.273,0.27,0.025,4.344,3.4565,5040.67,NA,NA,122.616,NA,NA,12.697,2020-12-07,NA,"SDWS_wq; SDWS_chla; Baulch"
"235","50",2021-05-13,NA,14.9,8.62,7371,NA,0.019,0.068,0.439,0.335,0.387,0.027,4.087,4.985,3037.9875,NA,NA,98.177,NA,NA,-15.976,2021-10-21,NA,"SDWS_wq; SDWS_chla; Baulch"
"236","50",2021-07-15,NA,23.57,7.92,8451,NA,0.024,0.0375,0.1575,0.4425,0.605,0.022,7.808,9.235,4022.735,NA,NA,54.788,NA,"YSI in lab; NA",NA,2021-10-21,NA,"SDWS_wq; SDWS_chla; Baulch"
"237","50",2021-10-13,NA,NA,8.33,10552,NA,0.018,0.068,0.646,0.7405,0.453,0.038,8.21,10.61,5100.7575,NA,NA,142.129,NA,"YSI in lab following day; NA",NA,2021-10-21,NA,"SDWS_wq; SDWS_chla; Baulch"
"238","50",2022-05-27,NA,18.39,7.88,7484,NA,0.008,0.055,0.285,0.043,0.353,0.128,5.614,9.342,5932.205,NA,NA,50.404,NA,NA,50.251,2022-06-12,NA,"SDWS_wq; SDWS_chla; Baulch"
"239","50",2022-10-13,NA,8.31,7.94,13042,11.18,0.023,0.086,0.766,0.599,0.284,0.084,11.012,15.793,10470.88,NA,NA,206.269,NA,"YSI done in lab following morning, temp and O2 probably not reflect pond conditions",6.944,NA,NA,"SDWS_wq; SDWS_chla; Baulch"
"240","5338",2014-08-19,NA,24.1,NA,4700,NA,0.243,NA,NA,0.031,NA,0.023,NA,NA,3507.675,-87.78,-8.14,36.002,NA,NA,NA,NA,NA,"SDWS_wq"
"241","5340",2015-07-07,NA,NA,NA,NA,NA,0.211,NA,0.466,1.4665,NA,-0.003,NA,NA,NA,-82.01,-7.4,34.112,NA,NA,12.946,2015-11-19,0.242,"SDWS_wq; SDWS_chla; Baulch"
"242","5340",2016-04-20,"12:40",NA,8.68,3300,NA,0.062,NA,0.31,0.007,NA,0.009,NA,NA,2060.065,-85.62,-8.3,28.49,NA,NA,-15.191,2016-05-26,NA,"SDWS_wq; SDWS_chla"
"243","5340",2016-05-12,NA,NA,NA,NA,NA,NA,NA,NA,NA,NA,NA,NA,NA,NA,-81.9,-8.16,NA,NA,NA,NA,NA,NA,"SDWS_wq"
"244","5340",2016-07-19,NA,NA,8.86,4320,NA,0.1345,NA,0.41,0.0215,NA,-0.0015,NA,NA,2604.094,-78.4,-7.2,60.871,NA,NA,7.11,2016-08-09,NA,"SDWS_wq; SDWS_chla; Baulch"
"245","5340",2017-07-12,NA,NA,NA,NA,NA,0.0255,0.126,0.41,0.05,NA,0.037,NA,NA,NA,NA,NA,70.438,NA,NA,9.332,2017-10-23,NA,"SDWS_wq; SDWS_chla; Baulch"
"246","5340",2017-10-16,NA,NA,NA,NA,NA,0.0185,0.067,0.505,0.026,NA,0.126,NA,NA,NA,NA,NA,161.63,NA,NA,-37.131,2017-10-23,NA,"SDWS_wq; SDWS_chla; Baulch"
"247","5340",2018-05-15,"13:26:00.000000",19.34,8.53,3420,6.26,0.003,0.002,0.255,0.011,0.165,0.015,NA,2.862,1572.42,NA,NA,56.435,NA,NA,NA,NA,NA,"Baulch"
"248","5340",2018-07-10,NA,15.5,8.98,5815,NA,0.058,0.159,0.15,0.313,0.789,0.2,NA,3.345,3210.83,NA,NA,NA,NA,NA,NA,NA,NA,"Baulch"
"249","5340",2018-10-09,NA,11.57,8.77,5712,NA,0.027,0.114,0.508,NA,0.28,0.018,NA,4.928,3703.94,NA,NA,NA,NA,NA,NA,NA,NA,"Baulch"
"250","5340",2019-05-22,NA,NA,9.23,5543,NA,0.007,0.094,0.402,0.1415,0.165,0.077,NA,4.802,3942.0775,NA,NA,62.976,536.65,NA,NA,2019-07-18,NA,"SDWS_wq; SDWS_chla; Baulch"
"251","5340",2019-07-09,NA,NA,9.2,5761,NA,0.018,0.084,0.396,0.0095,0.451,0.102,NA,5.08,3928.16,NA,NA,67.962,503.98,NA,NA,2019-07-18,NA,"SDWS_wq; SDWS_chla; Baulch"
"252","5340",2020-09-09,"13:19; 13:19:00.000000",12.71,8.22,6822,12.43,0.009,0.082,0.475,0.36,0.5135,0.031,4.154,4.91,3772.69,NA,NA,138.48,NA,NA,3.125,2020-12-07,NA,"SDWS_wq; SDWS_chla; Baulch"
"253","5340",2021-05-14,NA,15.2,9.11,6930,NA,0.017,0.0575,0.2585,0.181,0.262,0.027,4.616,6.644,2619.74,NA,NA,75.189,NA,NA,30.215,2021-10-21,NA,"SDWS_wq; SDWS_chla; Baulch"
"254","5340",2021-07-15,NA,23.71,8.29,7801,NA,0.016,0.033,0.194,0.017,0.278,0.002,5.755,7.255,3293.3,NA,NA,106.841,NA,"YSI in lab; NA",NA,2021-10-21,NA,"SDWS_wq; SDWS_chla; Baulch"
"255","5340",2021-10-13,NA,NA,8.4,8914,NA,0.015,0.085,0.618,-0.0575,0.327,0.027,6.197,10.422,3910.5675,NA,NA,303.765,NA,"YSI in lab following day; NA",NA,2021-10-21,NA,"SDWS_wq; SDWS_chla; Baulch"
"256","5340",2022-05-27,NA,16.72,8.01,7443,NA,0.009,0.058,0.353,0.0955,0.215,0.083,5.126,6.074,5060.365,NA,NA,97.79,NA,NA,8.459,2022-06-12,NA,"SDWS_wq; SDWS_chla; Baulch"
"257","5340",2022-10-03,NA,16.79,7.87,9654,8.86,0.009,0.106,0.747,0.054,0.251,0.058,11.625,14.828,6195.86,NA,NA,246.238,NA,"YSI done in lab, temp and O2 probably not reflect pond conditions",0.927,NA,NA,"SDWS_wq; SDWS_chla; Baulch"
"258","55",2014-08-13,NA,16.2,NA,1387,NA,0.557,0.611,0.696,NA,NA,NA,NA,NA,528.015,-103.21,-10.75,222.612,NA,NA,NA,NA,NA,"SDWS_wq"
"259","56",2014-08-13,NA,18.5,NA,1386,NA,0.73,0.721,0.783,NA,NA,0.024,NA,NA,415.505,-94.95,-10.03,40.696,NA,NA,NA,NA,NA,"SDWS_wq"
"260","56",2016-05-13,NA,NA,NA,NA,NA,NA,NA,NA,NA,NA,NA,NA,NA,NA,-103.17,-11.27,NA,NA,NA,NA,NA,NA,"SDWS_wq"
"261","56",2016-07-19,NA,NA,NA,NA,NA,NA,NA,NA,NA,NA,NA,NA,NA,NA,-85.13,-7.98,NA,NA,NA,NA,NA,NA,"SDWS_wq"
"262","58",2014-08-13,NA,18.9,NA,1342,NA,0.827,0.74,1.055,NA,NA,NA,NA,NA,451.7,-93.7,-9.44,113.952,NA,NA,NA,NA,NA,"SDWS_wq"
"263","59",2016-04-20,"14:05",NA,8.34,177.4,NA,0.071,NA,0.185,0.01,NA,0.009,NA,NA,222.275,-124.96,-14.92,1.855,NA,NA,-65.736,2016-05-26,NA,"SDWS_wq; SDWS_chla"
"264","59",2016-05-13,NA,NA,NA,NA,NA,NA,NA,NA,NA,NA,NA,NA,NA,NA,-107.2,-12.02,NA,NA,NA,NA,NA,NA,"SDWS_wq"
"265","59",2017-03-31,NA,NA,NA,NA,NA,0.244,NA,NA,-5e-04,NA,NA,NA,NA,NA,-162.41,-21.078,NA,NA,NA,NA,NA,NA,"SDWS_wq; Baulch"
"266","59",2018-04-25,NA,NA,6.74,97.4,NA,0.086,0.15,0.231,NA,NA,0.009,NA,NA,NA,NA,NA,NA,NA,NA,NA,NA,NA,"Baulch"
"267","6",2014-08-25,NA,17.2,NA,422,NA,0.236,0.117,0.127,0.294,NA,NA,NA,NA,NA,-109.04,-11.35,151.395,NA,NA,NA,NA,NA,"SDWS_wq"
"268","60",2014-08-13,NA,17.1,NA,518,NA,0.934,0.943,0.985,NA,NA,NA,NA,NA,30.065,-106.53,-10.95,133.646,NA,NA,NA,NA,NA,"SDWS_wq"
"269","60",2015-07-07,NA,NA,NA,NA,NA,1.741,NA,1.366,0.0535,NA,0.017,NA,NA,NA,-101.6,-9.92,55.2895,NA,NA,-13.237,2015-11-19,2.407,"SDWS_wq; SDWS_chla; Baulch"
"270","60",2016-04-20,"14:15",NA,8.29,358,NA,0.34,NA,0.696,0,NA,0.006,NA,NA,223.47,-113.85,-13.37,78.282,NA,NA,-51.21,2016-05-26,NA,"SDWS_wq; SDWS_chla"
"271","60",2016-05-13,NA,NA,NA,NA,NA,NA,NA,NA,NA,NA,NA,NA,NA,NA,-108.87,-11.98,NA,NA,NA,NA,NA,NA,"SDWS_wq"
"272","60",2016-07-19,NA,NA,8.67,462,NA,0.955,NA,1.631,0.0155,NA,-0.0015,NA,NA,5.0195,-90.38,-8.84,237.6105,NA,NA,-11.564,2016-08-09,NA,"SDWS_wq; SDWS_chla; Baulch"
"273","60",2017-07-13,NA,NA,NA,NA,NA,0.722,0.985,1.175,0.2215,NA,0.0175,NA,NA,NA,NA,NA,65.578,NA,NA,-1.023,2017-10-23,NA,"SDWS_wq; SDWS_chla; Baulch"
"274","60",2017-10-16,NA,NA,NA,NA,NA,0.198,0.298,0.655,2.351,NA,0.0025,NA,NA,NA,NA,NA,216.858,NA,"Raw Data for NH3 value wasn't found; NA",-1.258,2017-10-23,NA,"SDWS_wq; SDWS_chla; Baulch"
"275","60",2018-05-15,"09:20:00.000000",14.79,8.16,320,10.52,0.278,0.301,0.341,0.011,0.266,0.008,NA,2.062,69.92,NA,NA,7.616,NA,NA,NA,NA,NA,"Baulch"
"276","60",2018-07-10,NA,16.2,7.26,484.4,NA,1.986,1.652,1.661,0.208,0.478,NA,NA,2.749,7.625,NA,NA,NA,NA,NA,NA,NA,NA,"Baulch"
"277","60",2018-10-09,NA,10.38,7.93,405,NA,0.07,0.206,1.402,NA,0.497,0.009,NA,7.51,12.21,NA,NA,NA,NA,NA,NA,NA,NA,"Baulch"
"278","60",2019-05-23,NA,NA,8.83,546,NA,0.594,0.769,0.81,0.66,0.423,0.013,NA,3.769,16.055,NA,NA,18.175,192.925,NA,NA,2019-07-18,NA,"SDWS_wq; SDWS_chla; Baulch"
"279","60",2019-07-10,NA,NA,8.88,368,NA,0.358,0.412,1.714,0.028,0.443,0.1165,NA,4.69,7.235,NA,NA,339.508,213.97,NA,NA,2019-07-18,NA,"SDWS_wq; SDWS_chla; Baulch"
"280","60",2021-05-13,NA,10.5,6.35,507,NA,0.034,0.084,0.117,0.0275,0.554,0.0025,2.14,2.332,80.3475,NA,NA,6.193,NA,NA,NA,2021-10-21,NA,"SDWS_wq; SDWS_chla; Baulch"
"281","60",2022-05-11,NA,20.04,7.15,297,NA,0.372,0.426,0.448,0.092,0.297,0.064,1.206,1.462,26.145,NA,NA,1.042,NA,NA,2.699,2022-05-20,NA,"SDWS_wq; SDWS_chla; Baulch"
"282","61",2014-08-13,NA,18.9,NA,726,NA,4.212,1.377,1.409,NA,NA,0.023,NA,NA,56.935,-87.24,-8.83,320.061,NA,NA,NA,NA,NA,"SDWS_wq"
"283","63",2015-07-07,NA,NA,NA,NA,NA,0.064,NA,0.417,0.05,NA,-0.0035,NA,NA,NA,-81.68,-7.11,68.1945,NA,NA,7.306,2015-11-19,0.123,"SDWS_wq; SDWS_chla; Baulch"
"284","63",2016-04-20,"12:50",NA,8.64,3210,NA,0.008,NA,0.346,0.007,NA,0.008,NA,NA,1859.115,-88.38,-9.24,66.967,NA,"fil.; NA",-2.906,2016-05-26,NA,"SDWS_wq; SDWS_chla"
"285","63",2016-05-13,NA,NA,NA,NA,NA,NA,NA,NA,NA,NA,NA,NA,NA,NA,-81.67,-8.3,NA,NA,NA,NA,NA,NA,"SDWS_wq"
"286","63",2016-07-19,NA,NA,8.92,4490,NA,0.044,NA,0.418,0.012,NA,-0.001,NA,NA,2828.4625,-79.09,-6.76,124.222,NA,NA,1.271,2016-08-09,NA,"SDWS_wq; SDWS_chla; Baulch"
"287","63",2017-07-12,NA,NA,NA,NA,NA,0.0095,0.082,0.547,0.216,NA,0.02,NA,NA,NA,NA,NA,106.188,NA,NA,70.031,2017-10-23,NA,"SDWS_wq; SDWS_chla; Baulch"
"288","63",2017-10-16,NA,NA,NA,NA,NA,0.098,0.097,0.657,0.131,NA,0.065,NA,NA,NA,NA,NA,217.991,NA,NA,17.432,2017-10-23,NA,"SDWS_wq; SDWS_chla; Baulch"
"289","63",2018-05-15,"13:00:00.000000",17.14,8.25,3880,13.12,0.003,0.051,0.3,0.011,0.234,0.004,NA,3.739,2810.075,NA,NA,72.704,NA,NA,NA,NA,NA,"Baulch"
"290","63",2018-07-10,NA,16,8.57,6652,NA,0.015,0.15,0.118,0.011,0.345,0.214,NA,3.503,4186.87,NA,NA,NA,NA,NA,NA,NA,NA,"Baulch"
"291","63",2018-10-09,NA,9.37,8.53,6580,NA,0.013,0.116,0.579,NA,0.5,0.153,NA,5.013,4347.83,NA,NA,NA,NA,NA,NA,NA,NA,"Baulch"
"292","63",2019-05-22,NA,NA,9.13,3640,NA,0.004,0.084,0.722,0.1845,0.288,0.037,NA,2.704,2266.21,NA,NA,88.094,600.975,NA,NA,2019-07-18,NA,"SDWS_wq; SDWS_chla; Baulch"
"293","63",2019-07-09,NA,NA,9.13,5962,NA,0.021,0.126,0.998,0.012,0.4875,0.1135,NA,4.939,3866.125,NA,NA,174.643,604.36,NA,NA,2019-07-18,NA,"SDWS_wq; SDWS_chla; Baulch"
"294","63",2020-09-09,"13:27; 13:27:00.000000",16.08,7.89,6962,12.75,0.06,0.141,0.154,2.058,0.8505,0.119,6.951,6.714,4430.4,NA,NA,3.224,NA,NA,48.798,2020-12-07,NA,"SDWS_wq; SDWS_chla; Baulch"
"295","63",2022-05-17,NA,13.59,7.22,2098,NA,0.008,0.046,0.048,0.102,0.215,0.059,2.202,2.458,1024.9,NA,NA,0.881,NA,NA,0.499,2022-05-20,NA,"SDWS_wq; SDWS_chla; Baulch"
"296","65",2015-07-07,NA,NA,NA,NA,NA,0.052,NA,0.382,0.0145,NA,0.0035,NA,NA,NA,-79.92,-6.66,59.3795,NA,NA,4.135,2015-11-19,0.106,"SDWS_wq; SDWS_chla; Baulch"
"297","65",2016-04-20,"13:00",NA,8.69,3060,NA,0.003,NA,0.274,0.006,NA,0.009,NA,NA,1812.715,-86.9,-8.94,47.361,NA,NA,3.966,2016-05-26,NA,"SDWS_wq; SDWS_chla"
"298","65",2016-05-13,NA,NA,NA,NA,NA,NA,NA,NA,NA,NA,NA,NA,NA,NA,-85.85,-8.31,NA,NA,NA,NA,NA,NA,"SDWS_wq"
"299","65",2016-07-19,NA,NA,8.84,4760,NA,0.02,NA,0.396,0.0215,NA,-0.002,NA,NA,2925.5465,-74.22,-6.77,104.95075,NA,NA,42.815,2016-08-09,NA,"SDWS_chla; SDWS_wq; Baulch"
"300","65",2017-07-12,NA,NA,NA,NA,NA,0.0175,0.076,0.508,0.1485,NA,0.162,NA,NA,NA,NA,NA,100.22,NA,NA,29.801,2017-10-23,NA,"SDWS_wq; SDWS_chla; Baulch"
"301","65",2017-10-17,NA,NA,NA,NA,NA,0.029,0.084,0.583,0.098,NA,0.02,NA,NA,NA,NA,NA,204.595,NA,NA,0.94,2020-07-01,NA,"SDWS_wq; SDWS_chla; Baulch"
"302","65",2018-05-15,"12:30:00.000000",16.45,8.48,3840,11.3,0.086,0.046,0.29,0.011,0.211,0.004,NA,2.95,2175.92,NA,NA,62.242,NA,NA,NA,NA,NA,"Baulch"
"303","65",2018-07-10,NA,15.1,8.61,6603,NA,0.067,0.389,0.194,0.053,0.525,0.218,NA,3.406,3889.015,NA,NA,NA,NA,NA,NA,NA,NA,"Baulch"
"304","65",2018-10-09,NA,10.91,8.78,6188,NA,0.021,0.113,0.621,0.093,0.28,0.004,NA,3.872,4259.82,NA,NA,NA,NA,NA,NA,NA,NA,"Baulch"
"305","65",2019-05-22,NA,NA,8.88,4428,NA,0.006,0.065,0.638,0.197,0.3325,0.032,NA,4.026,2922.88,NA,NA,89.295,540.41,NA,NA,2019-07-18,NA,"SDWS_wq; SDWS_chla; Baulch"
"306","65",2019-07-09,NA,NA,9.14,6491,NA,0.02,0.098,0.636,0.0105,0.4335,0.089,NA,4.543,5129.025,NA,NA,247.182,506.395,NA,NA,2019-07-18,NA,"SDWS_wq; SDWS_chla; Baulch"
"307","65",2020-09-09,"12:35; 12:35:00.000000",12.09,8.16,8113,11.41,0.01,0.112,0.755,0.294,0.3245,0.008,4.9145,4.545,5253.755,NA,NA,163.715,NA,NA,43.095,2020-12-07,NA,"SDWS_wq; SDWS_chla; Baulch"
"308","65",2021-05-14,NA,15.8,9.05,8011,NA,0.017,0.363,0.6045,0.283,0.404,0.009,5.649,6.886,3109.305,NA,NA,70.821,NA,NA,-39.087,2021-10-21,NA,"SDWS_wq; SDWS_chla; Baulch"
"309","65",2021-07-15,NA,24.02,8.28,9766,NA,0.016,0.061,0.2645,0.026,0.466,0.013,8.307,10.448,4525.425,NA,NA,211.442,NA,"YSI in lab; NA",NA,2021-10-21,NA,"SDWS_wq; SDWS_chla; Baulch"
"310","65",2021-10-13,NA,NA,8.36,12261,NA,0.022,0.1085,0.809,0.304,0.491,0.045,9.224,13.573,5440.92,NA,NA,205.218,NA,"YSI in lab following day; NA",NA,2021-10-21,NA,"SDWS_wq; SDWS_chla; Baulch"
"311","65",2022-05-17,NA,13.49,7.45,6993,NA,0.0075,0.0575,0.268,0.12,0.234,0.092,4.614,5.68,4619.235,NA,NA,37.041,NA,NA,6.075,2022-05-20,NA,"SDWS_wq; SDWS_chla; Baulch"
"312","65",2022-10-13,NA,8.43,8.02,13748,10.94,0.018,0.15,1.183,0.396,0.288,0.078,10.505,17.11,10241.72,NA,NA,137.39,NA,"YSI done in lab following morning, temp and O2 probably not reflect pond conditions",25.722,NA,NA,"SDWS_wq; SDWS_chla; Baulch"
"313","66",2014-08-19,NA,23,NA,4920,NA,0.25,0.395,0.49,NA,NA,NA,NA,NA,NA,-82.83,-7.62,NA,NA,NA,NA,NA,NA,"SDWS_wq"
"314","66S",2014-08-19,NA,21.5,NA,4810,NA,0.33,0.473,0.549,0.151,NA,NA,NA,NA,NA,-83.64,-7.4,39.489,NA,NA,NA,NA,NA,"SDWS_wq"
"315","67",2014-08-19,NA,23.8,NA,4810,NA,0.203,0.313,0.434,NA,NA,NA,NA,NA,NA,-80.14,-7.72,NA,NA,NA,NA,NA,NA,"SDWS_wq"
"316","67",2015-07-07,NA,NA,NA,NA,NA,0.045,NA,0.382,0.016,NA,0.001,NA,NA,NA,-79.67,-6.75,54.599,NA,NA,-12.946,2015-11-19,0.098,"SDWS_wq; SDWS_chla; Baulch"
"317","67",2016-04-20,"14:20",NA,8.72,2957,NA,0.002,NA,0.25,0.007,NA,0.007,NA,NA,1729.64,-87.49,-8.95,29.738,NA,NA,-54.462,2016-05-26,NA,"SDWS_wq; SDWS_chla"
"318","67",2016-05-13,NA,NA,NA,NA,NA,NA,NA,NA,NA,NA,NA,NA,NA,NA,-81.73,-8.31,NA,NA,NA,NA,NA,NA,"SDWS_wq"
"319","67",2016-07-19,NA,NA,8.88,4520,NA,0.047,NA,0.366,0.0385,NA,5e-04,NA,NA,2966.895,-79.52,-7.04,89.8575,NA,NA,-0.404,2016-08-09,NA,"SDWS_wq; SDWS_chla; Baulch"
"320","67",2017-07-11,NA,NA,NA,NA,NA,0.0145,0.091,0.422,0.0835,NA,0.114,NA,NA,NA,NA,NA,50.102,NA,NA,-31.329,2017-10-23,NA,"SDWS_wq; SDWS_chla; Baulch"
"321","67",2017-10-17,NA,NA,NA,NA,NA,0.0245,0.086,0.566,0.0885,NA,0.011,NA,NA,NA,NA,NA,242.807,NA,NA,-68.767,2017-10-23,NA,"SDWS_wq; SDWS_chla; Baulch"
"322","67",2018-05-15,"12:30:00.000000",16.45,8.48,3840,11.46,0.003,0.047,0.289,0.011,0.204,0.01,NA,2.809,2777.115,NA,NA,62.32,NA,NA,NA,NA,NA,"Baulch"
"323","67",2018-07-10,NA,15.7,8.51,6638,NA,0.061,0.181,0.193,0.08,0.864,0.171,NA,3.638,3860.78,NA,NA,NA,NA,NA,NA,NA,NA,"Baulch"
"324","67",2018-10-09,NA,9.95,8.79,6260,NA,0.014,0.117,0.681,0.076,0.271,0.004,NA,4.112,5030.825,NA,NA,NA,NA,NA,NA,NA,NA,"Baulch"
"325","67",2019-05-22,NA,NA,8.98,6180,NA,0.006,0.063,0.64,0.1855,0.232,0.019,NA,4.016,4272.03,NA,NA,70.68,552.06,NA,NA,2019-07-18,NA,"SDWS_wq; SDWS_chla; Baulch"
"326","67",2019-07-09,NA,NA,9.16,6420,NA,0.027,0.104,0.656,0.011,0.23,0.0215,NA,4.827,3718.895,NA,NA,203.75,496.005,NA,NA,2019-07-18,NA,"SDWS_wq; SDWS_chla; Baulch"
"327","67",2020-09-09,"12:27; 12:27:00.000000",13.67,8.12,8088,12.68,0.011,0.118,0.784,0.26,0.3525,0.01,5.0955,4.454,2950.555,NA,NA,125.253,NA,NA,49.521,2020-12-07,NA,"SDWS_wq; SDWS_chla; Baulch"
"328","67",2021-05-14,NA,15.1,8.77,8182,NA,0.016,0.096,0.539,0.307,0.344,0.029,5.387,6.613,3291.93,NA,NA,95.156,NA,NA,-19.808,2021-10-21,NA,"SDWS_wq; SDWS_chla; Baulch"
"329","67",2021-07-15,NA,23.89,8.22,10275,NA,0.021,0.0575,0.249,0.035,0.533,0.033,8.59,11.416,4779.3575,NA,NA,169.694,NA,"YSI in lab; NA",NA,2021-10-21,NA,"SDWS_wq; SDWS_chla; Baulch"
"330","67",2021-10-13,NA,NA,8.34,13382,NA,0.025,0.113,0.829,0.158,0.605,0.086,9.326,13.882,6065.5225,NA,NA,176.7,NA,"YSI in lab following day; NA",NA,2021-10-21,NA,"SDWS_wq; SDWS_chla; Baulch"
"331","67",2022-05-17,NA,13.37,7.46,7331,NA,0.0105,0.059,0.281,0.0655,0.309,0.077,4.048,5.97,4873.325,NA,NA,35.916,NA,NA,7.629,2022-05-20,NA,"SDWS_wq; SDWS_chla; Baulch"
"332","67",2022-10-13,NA,9.4,8.03,15874,10.04,0.02,0.178,1.603,0.502,0.322,0.118,13.544,23.548,12642.675,NA,NA,285.563,NA,"YSI done in lab following morning, temp and O2 probably not reflect pond conditions",15.639,NA,NA,"SDWS_wq; SDWS_chla; Baulch"
"333","69",2014-08-19,NA,22.5,NA,4680,NA,0.016,0.101,0.519,0.046,NA,0.015,NA,NA,3405.82,-88.21,-8.21,186.764,NA,NA,NA,NA,NA,"SDWS_wq"
"334","70/71",2014-08-19,NA,24.1,NA,4860,NA,0.186,0.332,0.439,0.037,NA,0.018,NA,NA,3538.08,-86.01,-7.67,97.515,NA,NA,NA,NA,NA,"SDWS_wq"
"335","71",2016-05-13,NA,NA,NA,NA,NA,NA,NA,NA,NA,NA,NA,NA,NA,NA,-80.73,-8.12,NA,NA,NA,NA,NA,NA,"SDWS_wq"
"336","71",2016-07-18,NA,NA,NA,NA,NA,NA,NA,NA,NA,NA,NA,NA,NA,NA,-74.78,-6.31,NA,NA,NA,NA,NA,NA,"SDWS_wq"
"337","75",2014-08-19,NA,19.8,NA,1940,NA,1.463,0.692,0.711,0.052,NA,0.023,NA,NA,-274.44,-91.51,-8.87,44.105,NA,NA,NA,NA,NA,"SDWS_wq"
"338","79",2016-05-13,NA,NA,NA,NA,NA,NA,NA,NA,NA,NA,NA,NA,NA,NA,-83.69,-8.63,NA,NA,NA,NA,NA,NA,"SDWS_wq"
"339","79",2016-07-18,NA,NA,NA,NA,NA,NA,NA,NA,NA,NA,NA,NA,NA,NA,-74.75,-6.83,NA,NA,NA,NA,NA,NA,"SDWS_wq"
"340","79E",2014-08-19,NA,25,NA,4850,NA,0.252,0.37,0.631,0.032,NA,0.02,NA,NA,3568.385,-82.52,-8.25,112.101,NA,NA,NA,NA,NA,"SDWS_wq"
"341","87",2014-08-25,NA,17.9,NA,94.3,NA,0.645,0.091,0.123,NA,NA,NA,NA,NA,NA,-93.35,-9.29,101.692,NA,NA,NA,NA,NA,"SDWS_wq"
"342","88",2014-08-25,NA,18.1,NA,941,NA,0.636,0.103,0.116,NA,NA,0.021,NA,NA,164,-95.81,-9.14,83.594,NA,NA,NA,NA,NA,"SDWS_wq"
"343","88",2015-07-07,NA,NA,NA,NA,NA,0.762,NA,1.028,0.137,NA,-5e-04,NA,NA,NA,-91.26,-7.64,167.7045,NA,NA,-43.64,2015-11-19,0.802,"SDWS_wq; SDWS_chla; Baulch"
"344","88",2016-04-20,"11:45",NA,8.15,480,NA,0.38,NA,0.728,0.003,NA,0.005,NA,NA,219.545,-110.61,-13.13,70.692,NA,NA,-0.877,2016-05-26,NA,"SDWS_wq; SDWS_chla"
"345","88",2016-05-12,NA,NA,NA,NA,NA,NA,NA,NA,NA,NA,NA,NA,NA,NA,-103.5,-11.15,NA,NA,NA,NA,NA,NA,"SDWS_wq"
"346","88",2016-07-18,NA,NA,8.8,559,NA,1.58,NA,2.007,0.402,NA,5e-04,NA,NA,79.8375,-83.29,-7.26,203.3515,NA,NA,18.052,2016-08-09,NA,"SDWS_wq; SDWS_chla; Baulch"
"347","88",2017-07-12,NA,NA,NA,NA,NA,0.3225,0.7,0.824,1.9295,NA,0.02,NA,NA,NA,NA,NA,186.231,NA,NA,-171.343,2017-10-23,NA,"SDWS_wq; SDWS_chla; Baulch"
"348","88",2017-10-16,NA,NA,NA,NA,NA,1.852,0.196,0.303,2.735,NA,0.019,NA,NA,NA,NA,NA,320.147,NA,"Raw Data for NH3 value wasn't found; NA",-12.861,2017-10-23,NA,"SDWS_wq; SDWS_chla; Baulch"
"349","88",2018-05-14,"13:20:00.000000",15.62,7.83,452,10.14,0.859,0.854,0.911,0.011,0.285,0.004,NA,2.083,121.46,NA,NA,10.796,NA,NA,NA,NA,NA,"Baulch"
"350","88",2018-07-09,NA,15.5,9.31,669,NA,0.805,0.832,0.874,0.029,0.225,NA,NA,2.194,105.505,NA,NA,NA,NA,NA,NA,NA,NA,"Baulch"
"351","88",2018-10-10,NA,9.95,8.41,682,NA,0.913,1.226,2.09,NA,0.397,0.008,NA,4.08,102.045,NA,NA,359.005,NA,NA,NA,NA,NA,"Baulch"
"352","88",2019-05-22,NA,NA,9.14,451,NA,1.44,1.625,1.602,0.16,0.263,0.046,NA,2.105,89.125,NA,NA,23.56,238.995,NA,NA,2019-07-18,NA,"SDWS_wq; SDWS_chla; Baulch"
"353","88",2019-06-03,NA,NA,NA,NA,NA,1.898,2.105,2.296,2.334,NA,NA,NA,NA,64.185,NA,NA,NA,NA,"From Amy H. Data I think? Not SDWS; NA",NA,NA,NA,"SDWS_wq"
"354","88",2019-07-10,NA,NA,8.95,404,NA,1.269,1.268,1.438,0.039,0.491,0.1465,NA,3.503,52.59,NA,NA,5.972,220.215,NA,NA,2019-07-18,NA,"SDWS_wq; SDWS_chla; Baulch"
"355","88",2020-07-21,NA,NA,NA,NA,NA,NA,NA,NA,NA,NA,NA,NA,NA,NA,NA,NA,1.226,NA,NA,NA,2021-01-20,NA,"SDWS_chla"
"356","88",2020-08-13,NA,NA,NA,NA,NA,NA,NA,NA,NA,NA,NA,NA,NA,NA,NA,NA,18.067,NA,NA,NA,2021-01-20,NA,"SDWS_chla"
"357","88",2021-05-14,NA,17.3,8.4,983,NA,0.107,0.139,0.3745,0.043,0.495,0.0065,2.252,2.539,316.53,NA,NA,11.77,NA,NA,NA,2021-10-21,NA,"SDWS_wq; SDWS_chla; Baulch"
"358","88",2022-05-27,NA,17.22,7.58,614,NA,1.3745,1.516,1.2155,0.074,0.357,0.085,1.294,1.669,32.235,NA,NA,3.311,NA,NA,12.451,2022-06-12,NA,"SDWS_wq; SDWS_chla; Baulch"
"359","90",2014-08-25,NA,21.9,NA,2620,NA,0,0.012,0.065,NA,NA,NA,NA,NA,NA,-89.63,-8.6,40.353,NA,NA,NA,NA,NA,"SDWS_wq"
"360","90",2015-07-06,NA,NA,NA,NA,NA,0.017,NA,0.253,0.192,NA,0.03,NA,NA,NA,-90.17,-8.41,124.211,NA,NA,11.718,2015-11-19,0.014,"SDWS_wq; SDWS_chla; Baulch"
"361","90",2016-04-20,"12:05",NA,8.22,2171,NA,0.001,NA,0.148,0.018,NA,0.005,NA,NA,1198.09,-94.75,-10.21,30.562,NA,NA,NA,2016-05-26,NA,"SDWS_wq; SDWS_chla"
"362","90",2016-05-12,NA,NA,NA,NA,NA,NA,NA,NA,NA,NA,NA,NA,NA,NA,-91.74,-9.58,NA,NA,NA,NA,NA,NA,"SDWS_wq"
"363","90",2016-07-18,NA,NA,8.84,2009,NA,0.065,NA,0.166,0.024,NA,-5e-04,NA,NA,1371.262,-85.67,-8.08,19.04,NA,NA,14.391,2016-08-09,NA,"SDWS_wq; SDWS_chla; Baulch"
"364","90",2017-07-11,NA,NA,NA,NA,NA,0.007,0.046,0.142,0.0415,NA,0.039,NA,NA,NA,NA,NA,31.136,NA,NA,-13.648,2017-10-23,NA,"SDWS_wq; SDWS_chla; Baulch"
"365","90",2017-10-16,NA,NA,NA,NA,NA,0.0015,0.054,0.206,0.144,NA,0.131,NA,NA,NA,NA,NA,92.547,NA,"Raw Data for NH3 value wasn't found; NA",-1.356,2017-10-23,NA,"SDWS_wq; SDWS_chla; Baulch"
"366","90",2018-05-14,"13:35:00.000000",14.4,7.78,1982,9.85,0.003,0.002,0.141,0.011,0.196,0.004,NA,2.67,984.79,NA,NA,24.561,NA,NA,NA,NA,NA,"Baulch"
"367","90",2018-07-09,NA,16.7,8.43,3242,NA,0.003,0.106,0.043,0.064,0.265,0.004,NA,3.098,1591.9,NA,NA,NA,NA,NA,NA,NA,NA,"Baulch"
"368","90",2018-10-10,NA,9.81,8.71,2984,NA,0.003,0.068,0.17,NA,0.36,0.007,NA,3.725,1619.29,NA,NA,NA,NA,NA,NA,NA,NA,"Baulch"
"369","90",2019-05-22,NA,NA,9.12,2432,NA,0.0025,0.0185,0.204,0.1685,0.164,0.026,NA,2.001,1490.96,NA,NA,41.038,416.355,NA,NA,2019-07-18,NA,"SDWS_wq; SDWS_chla; Baulch"
"370","90",2019-07-10,NA,NA,8.88,3051,NA,0.025,0.058,0.06,0.135,0.351,0.1905,NA,3.495,1733.76,NA,NA,15.615,404.05,NA,NA,2019-07-18,NA,"SDWS_wq; SDWS_chla; Baulch"
"371","90",2020-09-10,"10:54; 10:54:00.000000",13.14,7.86,3473,23.75,0.014,0.0355,0.198,-0.005,0.129,0.002,2.494,3.155,1873.025,NA,NA,34.707,NA,NA,-9.544,2020-12-07,NA,"SDWS_wq; SDWS_chla; Baulch"
"372","90",2021-05-14,NA,17.1,8.61,3748,NA,0.016,0.1105,0.199,0.066,0.235,0.023,3.006,3.387,1323.28,NA,NA,41.11,NA,NA,1.751,2021-10-21,NA,"SDWS_wq; SDWS_chla; Baulch"
"373","90",2021-07-15,NA,23.78,8.17,3941,NA,0.025,0.023,0.073,0.223,0.268,0.011,3.691,4.522,1561.78,NA,NA,58.132,NA,"YSI in lab; NA",NA,2021-10-21,NA,"SDWS_wq; SDWS_chla; Baulch"
"374","90",2021-10-13,NA,NA,8.1,4346,NA,0.015,0.052,0.203,-0.023,0.282,0.023,4.237,6.022,1710.7375,NA,NA,50.998,NA,"YSI in lab following day; NA",NA,2021-10-21,NA,"SDWS_wq; SDWS_chla; Baulch"
"375","90",2022-05-27,NA,18.14,7.93,4135,NA,0.003,0.044,0.197,0.056,0.213,0.089,3.293,3.973,2331.195,NA,NA,46.289,NA,NA,23.932,2022-06-12,NA,"SDWS_wq; SDWS_chla; Baulch"
"376","90",2022-10-03,NA,17.44,7.88,4734,8.81,0.013,0.0705,0.302,0.065,0.489,0.057,7.383,7.87,2909.73,NA,NA,131.745,NA,"YSI done in lab, temp and O2 probably not reflect pond conditions; Redo- 71% Error; YSI done in lab, temp and O2 probably not reflect pond conditions",22.081,NA,NA,"SDWS_wq; SDWS_chla; Baulch"
"377","92",2014-08-12,NA,17.9,NA,541,NA,1.197,0.571,0.766,1.076,NA,NA,NA,NA,74.085,-99.91,-10.11,118.699,NA,NA,NA,NA,NA,"SDWS_wq"
"378","92",2015-07-06,NA,NA,NA,NA,NA,1.978,NA,1.516,0.1715,NA,0.0025,NA,NA,NA,-92.05,-7.66,54.96,NA,NA,50.594,2015-11-19,2.586,"SDWS_wq; SDWS_chla; Baulch"
"379","92",2016-04-20,"12:00",NA,8.6,478,NA,0.184,NA,0.969,0.013,NA,0.009,NA,NA,243.065,-120.51,-14.4,157.555,NA,NA,58.699,2016-05-26,NA,"SDWS_wq; SDWS_chla"
"380","92",2016-05-13,NA,NA,NA,NA,NA,NA,NA,NA,NA,NA,NA,NA,NA,NA,-105.18,-10.75,NA,NA,NA,NA,NA,NA,"SDWS_wq"
"381","92",2018-05-15,"14:00:00.000000",16.73,6.65,193.7,NA,0.804,0.863,0.888,0.093,0.469,0.012,NA,1.759,9.625,NA,NA,4.098,NA,NA,NA,NA,NA,"Baulch"
"382","94",2014-08-12,NA,16.5,NA,989,NA,0.109,0.189,0.276,0.142,NA,NA,NA,NA,351.37,-104.01,-9.97,105.92,NA,NA,NA,NA,NA,"SDWS_wq"
"383","97/98",2014-08-12,NA,24.2,NA,3060,NA,0.209,0.335,0.365,0.828,NA,NA,NA,NA,1895.25,-88.06,-9.03,1.767,NA,NA,NA,NA,NA,"SDWS_wq"
"384","97/98",2020-07-21,NA,NA,NA,NA,NA,NA,NA,NA,NA,NA,NA,NA,NA,NA,NA,NA,0.883,NA,NA,NA,2021-01-20,NA,"SDWS_chla"
"385","97/98",2020-08-13,NA,NA,NA,NA,NA,NA,NA,NA,NA,NA,NA,NA,NA,NA,NA,NA,2.668,NA,NA,NA,2021-01-20,NA,"SDWS_chla"
"386","97/98",2020-09-10,NA,NA,NA,NA,NA,NA,NA,NA,NA,NA,NA,NA,NA,NA,NA,NA,2.66,NA,NA,NA,2021-01-20,NA,"SDWS_chla"
"387","97/98",2020-10-02,NA,NA,NA,NA,NA,NA,NA,NA,NA,NA,NA,NA,NA,NA,NA,NA,1.846,NA,NA,NA,2021-01-20,NA,"SDWS_chla"
"388","98",2014-08-12,NA,21.4,NA,2900,NA,0.269,0.114,0.124,0.047,NA,NA,NA,NA,NA,-91.22,-9,33.293,NA,NA,NA,NA,NA,"SDWS_wq"
"389","98",2016-05-12,NA,NA,NA,NA,NA,NA,NA,NA,NA,NA,NA,NA,NA,NA,-92.55,-10.45,NA,NA,NA,NA,NA,NA,"SDWS_wq"
"390","98",2016-07-18,NA,NA,NA,NA,NA,NA,NA,NA,NA,NA,NA,NA,NA,NA,-85.65,-7.26,NA,NA,NA,NA,NA,NA,"SDWS_wq"
