DatasetName,MonitoringLocationID,MonitoringLocationName,MonitoringLocationLatitude,MonitoringLocationLongitude,MonitoringLocationHorizontalCoordinateReferenceSystem,MonitoringLocationHorizontalAccuracyMeasure,MonitoringLocationHorizontalAccuracyUnit,MonitoringLocationType,ActivityType,ActivityMediaName,ActivityStartDate,ActivityStartTime,ActivityEndDate,ActivityEndTime,ActivityDepthHeightMeasure,ActivityDepthHeightUnit,SampleCollectionEquipmentName,CharacteristicName,MethodSpeciation,ResultSampleFraction,ResultValue,ResultUnit,ResultValueType,ResultDetectionCondition,ResultDetectionQuantitationLimitMeasure,ResultDetectionQuantitationLimitUnit,ResultDetectionQuantitationLimitType,ResultStatusID,ResultComment,ResultAnalyticalMethodID,ResultAnalyticalMethodContext,ResultAnalyticalMethodName,AnalysisStartDate,AnalysisStartTime,AnalysisStartTimeZone,LaboratoryName,LaboratorySampleID
St. Denis National Wildlife Area - Historical Water Quality Data,1,1,52.213065,-106.090051,NAD83,,,Wetland,Field Msr/Obs,Surface Water,1993-05-20,,,,,,,Depth of water column,,,,,Actual,Not Reported,,,,,,,,,,,,,
St. Denis National Wildlife Area - Historical Water Quality Data,25,25,52.21155,-106.10309,NAD83,,,Wetland,Field Msr/Obs,Surface Water,1993-05-20,,,,,,,Depth of water column,,,,,Actual,Not Reported,,,,,,,,,,,,,
St. Denis National Wildlife Area - Historical Water Quality Data,4857,4857,52.202487,-106.111066,NAD83,,,Wetland,Field Msr/Obs,Surface Water,1993-05-20,,,,,,,Depth of water column,,,,,Actual,Not Reported,,,,,,,,,,,,,
St. Denis National Wildlife Area - Historical Water Quality Data,50,50,52.205531,-106.107131,NAD83,,,Wetland,Field Msr/Obs,Surface Water,1993-05-20,,,,,,,Depth of water column,,,,,Actual,Not Reported,,,,,,,,,,,,,
St. Denis National Wildlife Area - Historical Water Quality Data,65,65,52.20543,-106.098645,NAD83,,,Wetland,Field Msr/Obs,Surface Water,1993-05-20,,,,,,,Depth of water column,,,,,Actual,Not Reported,,,,,,,,,,,,,
St. Denis National Wildlife Area - Historical Water Quality Data,66,66,52.205977,-106.096295,NAD83,,,Wetland,Field Msr/Obs,Surface Water,1993-05-20,,,,,,,Depth of water column,,,,,Actual,Not Reported,,,,,,,,,,,,,
St. Denis National Wildlife Area - Historical Water Quality Data,67,67,52.209201,-106.097397,NAD83,,,Wetland,Field Msr/Obs,Surface Water,1993-05-20,,,,,,,Depth of water column,,,,,Actual,Not Reported,,,,,,,,,,,,,
St. Denis National Wildlife Area - Historical Water Quality Data,86,86,52.202298,-106.084132,NAD83,,,Wetland,Field Msr/Obs,Surface Water,1993-05-20,,,,,,,Depth of water column,,,,,Actual,Not Reported,,,,,,,,,,,,,
St. Denis National Wildlife Area - Historical Water Quality Data,90,90,52.204775,-106.080284,NAD83,,,Wetland,Field Msr/Obs,Surface Water,1993-05-20,,,,,,,Depth of water column,,,,,Actual,Not Reported,,,,,,,,,,,,,
St. Denis National Wildlife Area - Historical Water Quality Data,1,1,52.213065,-106.090051,NAD83,,,Wetland,Field Msr/Obs,Surface Water,1993-05-27,,,,,,,Depth of water column,,,,,Actual,Not Reported,,,,,,,,,,,,,
St. Denis National Wildlife Area - Historical Water Quality Data,25,25,52.21155,-106.10309,NAD83,,,Wetland,Field Msr/Obs,Surface Water,1993-05-27,,,,,,,Depth of water column,,,,,Actual,Not Reported,,,,,,,,,,,,,
St. Denis National Wildlife Area - Historical Water Quality Data,37,37,52.208759,-106.110278,NAD83,,,Wetland,Field Msr/Obs,Surface Water,1993-05-27,,,,,,,Depth of water column,,,,,Actual,Not Reported,,,,,,,,,,,,,
St. Denis National Wildlife Area - Historical Water Quality Data,4857,4857,52.202487,-106.111066,NAD83,,,Wetland,Field Msr/Obs,Surface Water,1993-05-27,,,,,,,Depth of water column,,,,,Actual,Not Reported,,,,,,,,,,,,,
St. Denis National Wildlife Area - Historical Water Quality Data,50,50,52.205531,-106.107131,NAD83,,,Wetland,Field Msr/Obs,Surface Water,1993-05-27,,,,,,,Depth of water column,,,,,Actual,Not Reported,,,,,,,,,,,,,
St. Denis National Wildlife Area - Historical Water Quality Data,60,60,52.203206,-106.102308,NAD83,,,Wetland,Field Msr/Obs,Surface Water,1993-05-27,,,,,,,Depth of water column,,,,,Actual,Not Reported,,,,,,,,,,,,,
St. Denis National Wildlife Area - Historical Water Quality Data,65,65,52.20543,-106.098645,NAD83,,,Wetland,Field Msr/Obs,Surface Water,1993-05-27,,,,,,,Depth of water column,,,,,Actual,Not Reported,,,,,,,,,,,,,
St. Denis National Wildlife Area - Historical Water Quality Data,66,66,52.205977,-106.096295,NAD83,,,Wetland,Field Msr/Obs,Surface Water,1993-05-27,,,,,,,Depth of water column,,,,,Actual,Not Reported,,,,,,,,,,,,,
St. Denis National Wildlife Area - Historical Water Quality Data,67,67,52.209201,-106.097397,NAD83,,,Wetland,Field Msr/Obs,Surface Water,1993-05-27,,,,,,,Depth of water column,,,,,Actual,Not Reported,,,,,,,,,,,,,
St. Denis National Wildlife Area - Historical Water Quality Data,86,86,52.202298,-106.084132,NAD83,,,Wetland,Field Msr/Obs,Surface Water,1993-05-27,,,,,,,Depth of water column,,,,,Actual,Not Reported,,,,,,,,,,,,,
St. Denis National Wildlife Area - Historical Water Quality Data,90,90,52.204775,-106.080284,NAD83,,,Wetland,Field Msr/Obs,Surface Water,1993-05-27,,,,,,,Depth of water column,,,,,Actual,Not Reported,,,,,,,,,,,,,
St. Denis National Wildlife Area - Historical Water Quality Data,1,1,52.213065,-106.090051,NAD83,,,Wetland,Field Msr/Obs,Surface Water,1993-06-09,,,,,,,Depth of water column,,,,,Actual,Not Reported,,,,,,,,,,,,,
St. Denis National Wildlife Area - Historical Water Quality Data,4857,4857,52.202487,-106.111066,NAD83,,,Wetland,Field Msr/Obs,Surface Water,1993-06-09,,,,,,,Depth of water column,,,,,Actual,Not Reported,,,,,,,,,,,,,
St. Denis National Wildlife Area - Historical Water Quality Data,65,65,52.20543,-106.098645,NAD83,,,Wetland,Field Msr/Obs,Surface Water,1993-06-09,,,,,,,Depth of water column,,,,,Actual,Not Reported,,,,,,,,,,,,,
St. Denis National Wildlife Area - Historical Water Quality Data,66,66,52.205977,-106.096295,NAD83,,,Wetland,Field Msr/Obs,Surface Water,1993-06-09,,,,,,,Depth of water column,,,0.256,m,Actual,,,,,,,,,,,,,,
St. Denis National Wildlife Area - Historical Water Quality Data,67,67,52.209201,-106.097397,NAD83,,,Wetland,Field Msr/Obs,Surface Water,1993-06-09,,,,,,,Depth of water column,,,,,Actual,Not Reported,,,,,,,,,,,,,
St. Denis National Wildlife Area - Historical Water Quality Data,86,86,52.202298,-106.084132,NAD83,,,Wetland,Field Msr/Obs,Surface Water,1993-06-09,,,,,,,Depth of water column,,,,,Actual,Not Reported,,,,,,,,,,,,,
St. Denis National Wildlife Area - Historical Water Quality Data,25,25,52.21155,-106.10309,NAD83,,,Wetland,Field Msr/Obs,Surface Water,1993-06-10,,,,,,,Depth of water column,,,,,Actual,Not Reported,,,,,,,,,,,,,
St. Denis National Wildlife Area - Historical Water Quality Data,50,50,52.205531,-106.107131,NAD83,,,Wetland,Field Msr/Obs,Surface Water,1993-06-10,,,,,,,Depth of water column,,,,,Actual,Not Reported,,,,,,,,,,,,,
St. Denis National Wildlife Area - Historical Water Quality Data,90,90,52.204775,-106.080284,NAD83,,,Wetland,Field Msr/Obs,Surface Water,1993-06-10,,,,,,,Depth of water column,,,,,Actual,Not Reported,,,,,,,,,,,,,
St. Denis National Wildlife Area - Historical Water Quality Data,1,1,52.213065,-106.090051,NAD83,,,Wetland,Field Msr/Obs,Surface Water,1993-06-23,,,,,,,Depth of water column,,,,,Actual,Not Reported,,,,,,,,,,,,,
St. Denis National Wildlife Area - Historical Water Quality Data,25,25,52.21155,-106.10309,NAD83,,,Wetland,Field Msr/Obs,Surface Water,1993-06-23,,,,,,,Depth of water column,,,,,Actual,Not Reported,,,,,,,,,,,,,
St. Denis National Wildlife Area - Historical Water Quality Data,4857,4857,52.202487,-106.111066,NAD83,,,Wetland,Field Msr/Obs,Surface Water,1993-06-23,,,,,,,Depth of water column,,,,,Actual,Not Reported,,,,,,,,,,,,,
St. Denis National Wildlife Area - Historical Water Quality Data,50,50,52.205531,-106.107131,NAD83,,,Wetland,Field Msr/Obs,Surface Water,1993-06-23,,,,,,,Depth of water column,,,,,Actual,Not Reported,,,,,,,,,,,,,
St. Denis National Wildlife Area - Historical Water Quality Data,65,65,52.20543,-106.098645,NAD83,,,Wetland,Field Msr/Obs,Surface Water,1993-06-23,,,,,,,Depth of water column,,,,,Actual,Not Reported,,,,,,,,,,,,,
St. Denis National Wildlife Area - Historical Water Quality Data,66,66,52.205977,-106.096295,NAD83,,,Wetland,Field Msr/Obs,Surface Water,1993-06-23,,,,,,,Depth of water column,,,0.283,m,Actual,,,,,,,,,,,,,,
St. Denis National Wildlife Area - Historical Water Quality Data,67,67,52.209201,-106.097397,NAD83,,,Wetland,Field Msr/Obs,Surface Water,1993-06-23,,,,,,,Depth of water column,,,,,Actual,Not Reported,,,,,,,,,,,,,
St. Denis National Wildlife Area - Historical Water Quality Data,86,86,52.202298,-106.084132,NAD83,,,Wetland,Field Msr/Obs,Surface Water,1993-06-23,,,,,,,Depth of water column,,,0.922,m,Actual,,,,,,,,,,,,,,
St. Denis National Wildlife Area - Historical Water Quality Data,90,90,52.204775,-106.080284,NAD83,,,Wetland,Field Msr/Obs,Surface Water,1993-06-23,,,,,,,Depth of water column,,,,,Actual,Not Reported,,,,,,,,,,,,,
St. Denis National Wildlife Area - Historical Water Quality Data,66,66,52.205977,-106.096295,NAD83,,,Wetland,Field Msr/Obs,Surface Water,1993-06-30,,,,,,,Depth of water column,,,0.305,m,Actual,,,,,,,,,,,,,,
St. Denis National Wildlife Area - Historical Water Quality Data,1,1,52.213065,-106.090051,NAD83,,,Wetland,Field Msr/Obs,Surface Water,1993-07-08,,,,,,,Depth of water column,,,0.504,m,Actual,,,,,,,,,,,,,,
St. Denis National Wildlife Area - Historical Water Quality Data,25,25,52.21155,-106.10309,NAD83,,,Wetland,Field Msr/Obs,Surface Water,1993-07-08,,,,,,,Depth of water column,,,1.095,m,Actual,,,,,,,,,,,,,,
St. Denis National Wildlife Area - Historical Water Quality Data,4857,4857,52.202487,-106.111066,NAD83,,,Wetland,Field Msr/Obs,Surface Water,1993-07-08,,,,,,,Depth of water column,,,,,Actual,Not Reported,,,,,,,,,,,,,
St. Denis National Wildlife Area - Historical Water Quality Data,50,50,52.205531,-106.107131,NAD83,,,Wetland,Field Msr/Obs,Surface Water,1993-07-08,,,,,,,Depth of water column,,,0.792,m,Actual,,,,,,,,,,,,,,
St. Denis National Wildlife Area - Historical Water Quality Data,60,60,52.203206,-106.102308,NAD83,,,Wetland,Field Msr/Obs,Surface Water,1993-07-08,,,,,,,Depth of water column,,,1.19,m,Actual,,,,,,,,,,,,,,
St. Denis National Wildlife Area - Historical Water Quality Data,65,65,52.20543,-106.098645,NAD83,,,Wetland,Field Msr/Obs,Surface Water,1993-07-08,,,,,,,Depth of water column,,,0.41,m,Actual,,,,,,,,,,,,,,
St. Denis National Wildlife Area - Historical Water Quality Data,66,66,52.205977,-106.096295,NAD83,,,Wetland,Field Msr/Obs,Surface Water,1993-07-08,,,,,,,Depth of water column,,,0.45,m,Actual,,,,,,,,,,,,,,
St. Denis National Wildlife Area - Historical Water Quality Data,67,67,52.209201,-106.097397,NAD83,,,Wetland,Field Msr/Obs,Surface Water,1993-07-08,,,,,,,Depth of water column,,,0.634,m,Actual,,,,,,,,,,,,,,
St. Denis National Wildlife Area - Historical Water Quality Data,86,86,52.202298,-106.084132,NAD83,,,Wetland,Field Msr/Obs,Surface Water,1993-07-08,,,,,,,Depth of water column,,,0.788,m,Actual,,,,,,,,,,,,,,
St. Denis National Wildlife Area - Historical Water Quality Data,90,90,52.204775,-106.080284,NAD83,,,Wetland,Field Msr/Obs,Surface Water,1993-07-08,,,,,,,Depth of water column,,,1.015,m,Actual,,,,,,,,,,,,,,
St. Denis National Wildlife Area - Historical Water Quality Data,1,1,52.213065,-106.090051,NAD83,,,Wetland,Field Msr/Obs,Surface Water,1993-07-13,,,,,,,Depth of water column,,,0.507,m,Actual,,,,,,,,,,,,,,
St. Denis National Wildlife Area - Historical Water Quality Data,25,25,52.21155,-106.10309,NAD83,,,Wetland,Field Msr/Obs,Surface Water,1993-07-13,,,,,,,Depth of water column,,,1.095,m,Actual,,,,,,,,,,,,,,
St. Denis National Wildlife Area - Historical Water Quality Data,50,50,52.205531,-106.107131,NAD83,,,Wetland,Field Msr/Obs,Surface Water,1993-07-13,,,,,,,Depth of water column,,,0.805,m,Actual,,,,,,,,,,,,,,
St. Denis National Wildlife Area - Historical Water Quality Data,65,65,52.20543,-106.098645,NAD83,,,Wetland,Field Msr/Obs,Surface Water,1993-07-13,,,,,,,Depth of water column,,,0.399,m,Actual,,,,,,,,,,,,,,
St. Denis National Wildlife Area - Historical Water Quality Data,86,86,52.202298,-106.084132,NAD83,,,Wetland,Field Msr/Obs,Surface Water,1993-07-13,,,,,,,Depth of water column,,,0.804,m,Actual,,,,,,,,,,,,,,
St. Denis National Wildlife Area - Historical Water Quality Data,25,25,52.21155,-106.10309,NAD83,,,Wetland,Field Msr/Obs,Surface Water,1993-07-21,,,,,,,Depth of water column,,,1.068,m,Actual,,,,,,,,,,,,,,
St. Denis National Wildlife Area - Historical Water Quality Data,50,50,52.205531,-106.107131,NAD83,,,Wetland,Field Msr/Obs,Surface Water,1993-07-21,,,,,,,Depth of water column,,,0.778,m,Actual,,,,,,,,,,,,,,
St. Denis National Wildlife Area - Historical Water Quality Data,90,90,52.204775,-106.080284,NAD83,,,Wetland,Field Msr/Obs,Surface Water,1993-07-21,,,,,,,Depth of water column,,,0.998,m,Actual,,,,,,,,,,,,,,
St. Denis National Wildlife Area - Historical Water Quality Data,1,1,52.213065,-106.090051,NAD83,,,Wetland,Field Msr/Obs,Surface Water,1993-07-22,,,,,,,Depth of water column,,,0.467,m,Actual,,,,,,,,,,,,,,
St. Denis National Wildlife Area - Historical Water Quality Data,4857,4857,52.202487,-106.111066,NAD83,,,Wetland,Field Msr/Obs,Surface Water,1993-07-22,,,,,,,Depth of water column,,,,,Actual,Not Reported,,,,,,,,,,,,,
St. Denis National Wildlife Area - Historical Water Quality Data,65,65,52.20543,-106.098645,NAD83,,,Wetland,Field Msr/Obs,Surface Water,1993-07-22,,,,,,,Depth of water column,,,0.37,m,Actual,,,,,,,,,,,,,,
St. Denis National Wildlife Area - Historical Water Quality Data,66,66,52.205977,-106.096295,NAD83,,,Wetland,Field Msr/Obs,Surface Water,1993-07-22,,,,,,,Depth of water column,,,0.478,m,Actual,,,,,,,,,,,,,,
St. Denis National Wildlife Area - Historical Water Quality Data,67,67,52.209201,-106.097397,NAD83,,,Wetland,Field Msr/Obs,Surface Water,1993-07-22,,,,,,,Depth of water column,,,0.59,m,Actual,,,,,,,,,,,,,,
St. Denis National Wildlife Area - Historical Water Quality Data,86,86,52.202298,-106.084132,NAD83,,,Wetland,Field Msr/Obs,Surface Water,1993-07-22,,,,,,,Depth of water column,,,0.762,m,Actual,,,,,,,,,,,,,,
St. Denis National Wildlife Area - Historical Water Quality Data,1,1,52.213065,-106.090051,NAD83,,,Wetland,Field Msr/Obs,Surface Water,1993-08-04,,,,,,,Depth of water column,,,0.522,m,Actual,,,,,,,,,,,,,,
St. Denis National Wildlife Area - Historical Water Quality Data,25,25,52.21155,-106.10309,NAD83,,,Wetland,Field Msr/Obs,Surface Water,1993-08-04,,,,,,,Depth of water column,,,1.333,m,Actual,,,,,,,,,,,,,,
St. Denis National Wildlife Area - Historical Water Quality Data,4857,4857,52.202487,-106.111066,NAD83,,,Wetland,Field Msr/Obs,Surface Water,1993-08-04,,,,,,,Depth of water column,,,,,Actual,Not Reported,,,,,,,,,,,,,
St. Denis National Wildlife Area - Historical Water Quality Data,50,50,52.205531,-106.107131,NAD83,,,Wetland,Field Msr/Obs,Surface Water,1993-08-04,,,,,,,Depth of water column,,,0.84,m,Actual,,,,,,,,,,,,,,
St. Denis National Wildlife Area - Historical Water Quality Data,65,65,52.20543,-106.098645,NAD83,,,Wetland,Field Msr/Obs,Surface Water,1993-08-04,,,,,,,Depth of water column,,,0.423,m,Actual,,,,,,,,,,,,,,
St. Denis National Wildlife Area - Historical Water Quality Data,66,66,52.205977,-106.096295,NAD83,,,Wetland,Field Msr/Obs,Surface Water,1993-08-04,,,,,,,Depth of water column,,,0.426,m,Actual,,,,,,,,,,,,,,
St. Denis National Wildlife Area - Historical Water Quality Data,67,67,52.209201,-106.097397,NAD83,,,Wetland,Field Msr/Obs,Surface Water,1993-08-04,,,,,,,Depth of water column,,,0.63,m,Actual,,,,,,,,,,,,,,
St. Denis National Wildlife Area - Historical Water Quality Data,86,86,52.202298,-106.084132,NAD83,,,Wetland,Field Msr/Obs,Surface Water,1993-08-04,,,,,,,Depth of water column,,,0.865,m,Actual,,,,,,,,,,,,,,
St. Denis National Wildlife Area - Historical Water Quality Data,90,90,52.204775,-106.080284,NAD83,,,Wetland,Field Msr/Obs,Surface Water,1993-08-04,,,,,,,Depth of water column,,,1.04,m,Actual,,,,,,,,,,,,,,
St. Denis National Wildlife Area - Historical Water Quality Data,1,1,52.213065,-106.090051,NAD83,,,Wetland,Field Msr/Obs,Surface Water,1993-08-18,,,,,,,Depth of water column,,,0.532,m,Actual,,,,,,,,,,,,,,
St. Denis National Wildlife Area - Historical Water Quality Data,25,25,52.21155,-106.10309,NAD83,,,Wetland,Field Msr/Obs,Surface Water,1993-08-18,,,,,,,Depth of water column,,,1.156,m,Actual,,,,,,,,,,,,,,
St. Denis National Wildlife Area - Historical Water Quality Data,4857,4857,52.202487,-106.111066,NAD83,,,Wetland,Field Msr/Obs,Surface Water,1993-08-18,,,,,,,Depth of water column,,,,,Actual,Not Reported,,,,,,,,,,,,,
St. Denis National Wildlife Area - Historical Water Quality Data,50,50,52.205531,-106.107131,NAD83,,,Wetland,Field Msr/Obs,Surface Water,1993-08-18,,,,,,,Depth of water column,,,0.846,m,Actual,,,,,,,,,,,,,,
St. Denis National Wildlife Area - Historical Water Quality Data,65,65,52.20543,-106.098645,NAD83,,,Wetland,Field Msr/Obs,Surface Water,1993-08-18,,,,,,,Depth of water column,,,0.403,m,Actual,,,,,,,,,,,,,,
St. Denis National Wildlife Area - Historical Water Quality Data,66,66,52.205977,-106.096295,NAD83,,,Wetland,Field Msr/Obs,Surface Water,1993-08-18,,,,,,,Depth of water column,,,0.45,m,Actual,,,,,,,,,,,,,,
St. Denis National Wildlife Area - Historical Water Quality Data,67,67,52.209201,-106.097397,NAD83,,,Wetland,Field Msr/Obs,Surface Water,1993-08-18,,,,,,,Depth of water column,,,0.631,m,Actual,,,,,,,,,,,,,,
St. Denis National Wildlife Area - Historical Water Quality Data,86,86,52.202298,-106.084132,NAD83,,,Wetland,Field Msr/Obs,Surface Water,1993-08-18,,,,,,,Depth of water column,,,0.822,m,Actual,,,,,,,,,,,,,,
St. Denis National Wildlife Area - Historical Water Quality Data,90,90,52.204775,-106.080284,NAD83,,,Wetland,Field Msr/Obs,Surface Water,1993-08-18,,,,,,,Depth of water column,,,1.031,m,Actual,,,,,,,,,,,,,,
St. Denis National Wildlife Area - Historical Water Quality Data,1,1,52.213065,-106.090051,NAD83,,,Wetland,Field Msr/Obs,Surface Water,1993-08-27,,,,,,,Depth of water column,,,0.564,m,Actual,,,,,,,,,,,,,,
St. Denis National Wildlife Area - Historical Water Quality Data,25,25,52.21155,-106.10309,NAD83,,,Wetland,Field Msr/Obs,Surface Water,1993-08-27,,,,,,,Depth of water column,,,1.187,m,Actual,,,,,,,,,,,,,,
St. Denis National Wildlife Area - Historical Water Quality Data,4857,4857,52.202487,-106.111066,NAD83,,,Wetland,Field Msr/Obs,Surface Water,1993-08-27,,,,,,,Depth of water column,,,,,Actual,Not Reported,,,,,,,,,,,,,
St. Denis National Wildlife Area - Historical Water Quality Data,50,50,52.205531,-106.107131,NAD83,,,Wetland,Field Msr/Obs,Surface Water,1993-08-27,,,,,,,Depth of water column,,,0.866,m,Actual,,,,,,,,,,,,,,
St. Denis National Wildlife Area - Historical Water Quality Data,65,65,52.20543,-106.098645,NAD83,,,Wetland,Field Msr/Obs,Surface Water,1993-08-27,,,,,,,Depth of water column,,,0.42,m,Actual,,,,,,,,,,,,,,
St. Denis National Wildlife Area - Historical Water Quality Data,66,66,52.205977,-106.096295,NAD83,,,Wetland,Field Msr/Obs,Surface Water,1993-08-27,,,,,,,Depth of water column,,,0.428,m,Actual,,,,,,,,,,,,,,
St. Denis National Wildlife Area - Historical Water Quality Data,67,67,52.209201,-106.097397,NAD83,,,Wetland,Field Msr/Obs,Surface Water,1993-08-27,,,,,,,Depth of water column,,,0.652,m,Actual,,,,,,,,,,,,,,
St. Denis National Wildlife Area - Historical Water Quality Data,86,86,52.202298,-106.084132,NAD83,,,Wetland,Field Msr/Obs,Surface Water,1993-08-27,,,,,,,Depth of water column,,,0.957,m,Actual,,,,,,,,,,,,,,
St. Denis National Wildlife Area - Historical Water Quality Data,90,90,52.204775,-106.080284,NAD83,,,Wetland,Field Msr/Obs,Surface Water,1993-08-27,,,,,,,Depth of water column,,,1.056,m,Actual,,,,,,,,,,,,,,
St. Denis National Wildlife Area - Historical Water Quality Data,86,86,52.202298,-106.084132,NAD83,,,Wetland,Field Msr/Obs,Surface Water,1993-09-14,,,,,,,Depth of water column,,,0.925,m,Actual,,,,,,,,,,,,,,
St. Denis National Wildlife Area - Historical Water Quality Data,1,1,52.213065,-106.090051,NAD83,,,Wetland,Field Msr/Obs,Surface Water,1993-09-15,,,,,,,Depth of water column,,,0.54,m,Actual,,,,,,,,,,,,,,
St. Denis National Wildlife Area - Historical Water Quality Data,25,25,52.21155,-106.10309,NAD83,,,Wetland,Field Msr/Obs,Surface Water,1993-09-15,,,,,,,Depth of water column,,,1.16,m,Actual,,,,,,,,,,,,,,
St. Denis National Wildlife Area - Historical Water Quality Data,4857,4857,52.202487,-106.111066,NAD83,,,Wetland,Field Msr/Obs,Surface Water,1993-09-15,,,,,,,Depth of water column,,,,,Actual,Not Reported,,,,,,,,,,,,,
St. Denis National Wildlife Area - Historical Water Quality Data,50,50,52.205531,-106.107131,NAD83,,,Wetland,Field Msr/Obs,Surface Water,1993-09-15,,,,,,,Depth of water column,,,0.82,m,Actual,,,,,,,,,,,,,,
St. Denis National Wildlife Area - Historical Water Quality Data,65,65,52.20543,-106.098645,NAD83,,,Wetland,Field Msr/Obs,Surface Water,1993-09-15,,,,,,,Depth of water column,,,0.36,m,Actual,,,,,,,,,,,,,,
St. Denis National Wildlife Area - Historical Water Quality Data,66,66,52.205977,-106.096295,NAD83,,,Wetland,Field Msr/Obs,Surface Water,1993-09-15,,,,,,,Depth of water column,,,0.48,m,Actual,,,,,,,,,,,,,,
St. Denis National Wildlife Area - Historical Water Quality Data,67,67,52.209201,-106.097397,NAD83,,,Wetland,Field Msr/Obs,Surface Water,1993-09-15,,,,,,,Depth of water column,,,,,Actual,Not Reported,,,,,,,,,,,,,
St. Denis National Wildlife Area - Historical Water Quality Data,90,90,52.204775,-106.080284,NAD83,,,Wetland,Field Msr/Obs,Surface Water,1993-09-15,,,,,,,Depth of water column,,,1,m,Actual,,,,,,,,,,,,,,
St. Denis National Wildlife Area - Historical Water Quality Data,1,1,52.213065,-106.090051,NAD83,,,Wetland,Field Msr/Obs,Surface Water,1993-10-14,,,,,,,Depth of water column,,,0.59,m,Actual,,,,,,,,,,,,,,
St. Denis National Wildlife Area - Historical Water Quality Data,25,25,52.21155,-106.10309,NAD83,,,Wetland,Field Msr/Obs,Surface Water,1993-10-14,,,,,,,Depth of water column,,,1.22,m,Actual,,,,,,,,,,,,,,
St. Denis National Wildlife Area - Historical Water Quality Data,4857,4857,52.202487,-106.111066,NAD83,,,Wetland,Field Msr/Obs,Surface Water,1993-10-14,,,,,,,Depth of water column,,,,,Actual,Not Reported,,,,,,,,,,,,,
St. Denis National Wildlife Area - Historical Water Quality Data,50,50,52.205531,-106.107131,NAD83,,,Wetland,Field Msr/Obs,Surface Water,1993-10-14,,,,,,,Depth of water column,,,0.87,m,Actual,,,,,,,,,,,,,,
St. Denis National Wildlife Area - Historical Water Quality Data,65,65,52.20543,-106.098645,NAD83,,,Wetland,Field Msr/Obs,Surface Water,1993-10-14,,,,,,,Depth of water column,,,0.4,m,Actual,,,,,,,,,,,,,,
St. Denis National Wildlife Area - Historical Water Quality Data,66,66,52.205977,-106.096295,NAD83,,,Wetland,Field Msr/Obs,Surface Water,1993-10-14,,,,,,,Depth of water column,,,0.44,m,Actual,,,,,,,,,,,,,,
St. Denis National Wildlife Area - Historical Water Quality Data,67,67,52.209201,-106.097397,NAD83,,,Wetland,Field Msr/Obs,Surface Water,1993-10-14,,,,,,,Depth of water column,,,0.61,m,Actual,,,,,,,,,,,,,,
St. Denis National Wildlife Area - Historical Water Quality Data,86,86,52.202298,-106.084132,NAD83,,,Wetland,Field Msr/Obs,Surface Water,1993-10-14,,,,,,,Depth of water column,,,1.015,m,Actual,,,,,,,,,,,,,,
St. Denis National Wildlife Area - Historical Water Quality Data,90,90,52.204775,-106.080284,NAD83,,,Wetland,Field Msr/Obs,Surface Water,1993-10-14,,,,,,,Depth of water column,,,1.03,m,Actual,,,,,,,,,,,,,,
St. Denis National Wildlife Area - Historical Water Quality Data,1A,1A,52.213065,-106.090051,NAD83,25,m,Wetland,Field Msr/Obs,Surface Water,1994-05-10,,,,,,,Depth of water column,,,,,Actual,Not Reported,,,,,,,,,,,,,
St. Denis National Wildlife Area - Historical Water Quality Data,1B,1B,52.213065,-106.090051,NAD83,25,m,Wetland,Field Msr/Obs,Surface Water,1994-05-10,,,,,,,Depth of water column,,,0.34,m,Actual,,,,,,,,,,,,,,
St. Denis National Wildlife Area - Historical Water Quality Data,25,25,52.21155,-106.10309,NAD83,,,Wetland,Field Msr/Obs,Surface Water,1994-05-10,,,,,,,Depth of water column,,,0.64,m,Actual,,,,,,,,,,,,,,
St. Denis National Wildlife Area - Historical Water Quality Data,109,109,52.208774,-106.085747,NAD83,,,Wetland,Field Msr/Obs,Surface Water,1994-05-11,,,,,,,Depth of water column,,,0.54,m,Actual,,,,,,,,,,,,,,
St. Denis National Wildlife Area - Historical Water Quality Data,37,37,52.208759,-106.110278,NAD83,,,Wetland,Field Msr/Obs,Surface Water,1994-05-11,,,,,,,Depth of water column,,,0.99,m,Actual,,,,,,,,,,,,,,
St. Denis National Wildlife Area - Historical Water Quality Data,4857,4857,52.202487,-106.111066,NAD83,,,Wetland,Field Msr/Obs,Surface Water,1994-05-11,,,,,,,Depth of water column,,,0.52,m,Actual,,,,,,,,,,,,,,
St. Denis National Wildlife Area - Historical Water Quality Data,50,50,52.205531,-106.107131,NAD83,,,Wetland,Field Msr/Obs,Surface Water,1994-05-11,,,,,,,Depth of water column,,,0.59,m,Actual,,,,,,,,,,,,,,
St. Denis National Wildlife Area - Historical Water Quality Data,60,60,52.203206,-106.102308,NAD83,,,Wetland,Field Msr/Obs,Surface Water,1994-05-11,,,,,,,Depth of water column,,,0.78,m,Actual,,,,,,,,,,,,,,
St. Denis National Wildlife Area - Historical Water Quality Data,65,65,52.20543,-106.098645,NAD83,,,Wetland,Field Msr/Obs,Surface Water,1994-05-11,,,,,,,Depth of water column,,,0.32,m,Actual,,,,,,,,,,,,,,
St. Denis National Wildlife Area - Historical Water Quality Data,66,66,52.205977,-106.096295,NAD83,,,Wetland,Field Msr/Obs,Surface Water,1994-05-11,,,,,,,Depth of water column,,,1.12,m,Actual,,,,,,,,,,,,,,
St. Denis National Wildlife Area - Historical Water Quality Data,67,67,52.209201,-106.097397,NAD83,,,Wetland,Field Msr/Obs,Surface Water,1994-05-11,,,,,,,Depth of water column,,,0.14,m,Actual,,,,,,,,,,,,,,
St. Denis National Wildlife Area - Historical Water Quality Data,86,86,52.202298,-106.084132,NAD83,,,Wetland,Field Msr/Obs,Surface Water,1994-05-11,,,,,,,Depth of water column,,,0.41,m,Actual,,,,,,,,,,,,,,
St. Denis National Wildlife Area - Historical Water Quality Data,90,90,52.204775,-106.080284,NAD83,,,Wetland,Field Msr/Obs,Surface Water,1994-05-11,,,,,,,Depth of water column,,,0.96,m,Actual,,,,,,,,,,,,,,
St. Denis National Wildlife Area - Historical Water Quality Data,1A,1A,52.213065,-106.090051,NAD83,25,m,Wetland,Field Msr/Obs,Surface Water,1994-05-24,,,,,,,Depth of water column,,,,,Actual,Not Reported,,,,,,,,,,,,,
St. Denis National Wildlife Area - Historical Water Quality Data,1B,1B,52.213065,-106.090051,NAD83,25,m,Wetland,Field Msr/Obs,Surface Water,1994-05-24,,,,,,,Depth of water column,,,0.255,m,Actual,,,,,,,,,,,,,,
St. Denis National Wildlife Area - Historical Water Quality Data,25,25,52.21155,-106.10309,NAD83,,,Wetland,Field Msr/Obs,Surface Water,1994-05-24,,,,,,,Depth of water column,,,0.58,m,Actual,,,,,,,,,,,,,,
St. Denis National Wildlife Area - Historical Water Quality Data,37,37,52.208759,-106.110278,NAD83,,,Wetland,Field Msr/Obs,Surface Water,1994-05-24,,,,,,,Depth of water column,,,0.938,m,Actual,,,,,,,,,,,,,,
St. Denis National Wildlife Area - Historical Water Quality Data,50,50,52.205531,-106.107131,NAD83,,,Wetland,Field Msr/Obs,Surface Water,1994-05-24,,,,,,,Depth of water column,,,0.519,m,Actual,,,,,,,,,,,,,,
St. Denis National Wildlife Area - Historical Water Quality Data,60,60,52.203206,-106.102308,NAD83,,,Wetland,Field Msr/Obs,Surface Water,1994-05-24,,,,,,,Depth of water column,,,0.728,m,Actual,,,,,,,,,,,,,,
St. Denis National Wildlife Area - Historical Water Quality Data,109,109,52.208774,-106.085747,NAD83,,,Wetland,Field Msr/Obs,Surface Water,1994-05-25,,,,,,,Depth of water column,,,0.5,m,Actual,,,,,,,,,,,,,,
St. Denis National Wildlife Area - Historical Water Quality Data,4857,4857,52.202487,-106.111066,NAD83,,,Wetland,Field Msr/Obs,Surface Water,1994-05-25,,,,,,,Depth of water column,,,0.47,m,Actual,,,,,,,,,,,,,,
St. Denis National Wildlife Area - Historical Water Quality Data,65,65,52.20543,-106.098645,NAD83,,,Wetland,Field Msr/Obs,Surface Water,1994-05-25,,,,,,,Depth of water column,,,0.28,m,Actual,,,,,,,,,,,,,,
St. Denis National Wildlife Area - Historical Water Quality Data,66,66,52.205977,-106.096295,NAD83,,,Wetland,Field Msr/Obs,Surface Water,1994-05-25,,,,,,,Depth of water column,,,1.055,m,Actual,,,,,,,,,,,,,,
St. Denis National Wildlife Area - Historical Water Quality Data,6642,6642,52.20919,-106.107784,NAD83,,,Wetland,Field Msr/Obs,Surface Water,1994-05-25,,,,,,,Depth of water column,,,,,Actual,Not Reported,,,,,,,,,,,,,
St. Denis National Wildlife Area - Historical Water Quality Data,67,67,52.209201,-106.097397,NAD83,,,Wetland,Field Msr/Obs,Surface Water,1994-05-25,,,,,,,Depth of water column,,,0.235,m,Actual,,,,,,,,,,,,,,
St. Denis National Wildlife Area - Historical Water Quality Data,86,86,52.202298,-106.084132,NAD83,,,Wetland,Field Msr/Obs,Surface Water,1994-05-25,,,,,,,Depth of water column,,,0.369,m,Actual,,,,,,,,,,,,,,
St. Denis National Wildlife Area - Historical Water Quality Data,90,90,52.204775,-106.080284,NAD83,,,Wetland,Field Msr/Obs,Surface Water,1994-05-25,,,,,,,Depth of water column,,,0.898,m,Actual,,,,,,,,,,,,,,
St. Denis National Wildlife Area - Historical Water Quality Data,1A,1A,52.213065,-106.090051,NAD83,25,m,Wetland,Field Msr/Obs,Surface Water,1994-06-07,,,,,,,Depth of water column,,,,,Actual,Not Reported,,,,,,,,,,,,,
St. Denis National Wildlife Area - Historical Water Quality Data,1B,1B,52.213065,-106.090051,NAD83,25,m,Wetland,Field Msr/Obs,Surface Water,1994-06-07,,,,,,,Depth of water column,,,0.19,m,Actual,,,,,,,,,,,,,,
St. Denis National Wildlife Area - Historical Water Quality Data,25,25,52.21155,-106.10309,NAD83,,,Wetland,Field Msr/Obs,Surface Water,1994-06-07,,,,,,,Depth of water column,,,0.55,m,Actual,,,,,,,,,,,,,,
St. Denis National Wildlife Area - Historical Water Quality Data,50,50,52.205531,-106.107131,NAD83,,,Wetland,Field Msr/Obs,Surface Water,1994-06-07,,,,,,,Depth of water column,,,0.508,m,Actual,,,,,,,,,,,,,,
St. Denis National Wildlife Area - Historical Water Quality Data,37,37,52.208759,-106.110278,NAD83,,,Wetland,Field Msr/Obs,Surface Water,1994-06-08,,,,,,,Depth of water column,,,0.94,m,Actual,,,,,,,,,,,,,,
St. Denis National Wildlife Area - Historical Water Quality Data,4857,4857,52.202487,-106.111066,NAD83,,,Wetland,Field Msr/Obs,Surface Water,1994-06-08,,,,,,,Depth of water column,,,0.46,m,Actual,,,,,,,,,,,,,,
St. Denis National Wildlife Area - Historical Water Quality Data,60,60,52.203206,-106.102308,NAD83,,,Wetland,Field Msr/Obs,Surface Water,1994-06-08,,,,,,,Depth of water column,,,0.738,m,Actual,,,,,,,,,,,,,,
St. Denis National Wildlife Area - Historical Water Quality Data,65,65,52.20543,-106.098645,NAD83,,,Wetland,Field Msr/Obs,Surface Water,1994-06-08,,,,,,,Depth of water column,,,0.261,m,Actual,,,,,,,,,,,,,,
St. Denis National Wildlife Area - Historical Water Quality Data,66,66,52.205977,-106.096295,NAD83,,,Wetland,Field Msr/Obs,Surface Water,1994-06-08,,,,,,,Depth of water column,,,1.016,m,Actual,,,,,,,,,,,,,,
St. Denis National Wildlife Area - Historical Water Quality Data,6642,6642,52.20919,-106.107784,NAD83,,,Wetland,Field Msr/Obs,Surface Water,1994-06-08,,,,,,,Depth of water column,,,,,Actual,Not Reported,,,,,,,,,,,,,
St. Denis National Wildlife Area - Historical Water Quality Data,67,67,52.209201,-106.097397,NAD83,,,Wetland,Field Msr/Obs,Surface Water,1994-06-08,,,,,,,Depth of water column,,,0.208,m,Actual,,,,,,,,,,,,,,
St. Denis National Wildlife Area - Historical Water Quality Data,86,86,52.202298,-106.084132,NAD83,,,Wetland,Field Msr/Obs,Surface Water,1994-06-08,,,,,,,Depth of water column,,,0.356,m,Actual,,,,,,,,,,,,,,
St. Denis National Wildlife Area - Historical Water Quality Data,90,90,52.204775,-106.080284,NAD83,,,Wetland,Field Msr/Obs,Surface Water,1994-06-08,,,,,,,Depth of water column,,,0.851,m,Actual,,,,,,,,,,,,,,
St. Denis National Wildlife Area - Historical Water Quality Data,109,109,52.208774,-106.085747,NAD83,,,Wetland,Field Msr/Obs,Surface Water,1994-06-09,,,,,,,Depth of water column,,,0.483,m,Actual,,,,,,,,,,,,,,
St. Denis National Wildlife Area - Historical Water Quality Data,1A,1A,52.213065,-106.090051,NAD83,25,m,Wetland,Field Msr/Obs,Surface Water,1994-06-21,,,,,,,Depth of water column,,,,,Actual,Not Reported,,,,,,,,,,,,,
St. Denis National Wildlife Area - Historical Water Quality Data,1B,1B,52.213065,-106.090051,NAD83,25,m,Wetland,Field Msr/Obs,Surface Water,1994-06-21,,,,,,,Depth of water column,,,0.156,m,Actual,,,,,,,,,,,,,,
St. Denis National Wildlife Area - Historical Water Quality Data,25,25,52.21155,-106.10309,NAD83,,,Wetland,Field Msr/Obs,Surface Water,1994-06-21,,,,,,,Depth of water column,,,0.56,m,Actual,,,,,,,,,,,,,,
St. Denis National Wildlife Area - Historical Water Quality Data,4857,4857,52.202487,-106.111066,NAD83,,,Wetland,Field Msr/Obs,Surface Water,1994-06-21,,,,,,,Depth of water column,,,0.466,m,Actual,,,,,,,,,,,,,,
St. Denis National Wildlife Area - Historical Water Quality Data,50,50,52.205531,-106.107131,NAD83,,,Wetland,Field Msr/Obs,Surface Water,1994-06-21,,,,,,,Depth of water column,,,0.501,m,Actual,,,,,,,,,,,,,,
St. Denis National Wildlife Area - Historical Water Quality Data,109,109,52.208774,-106.085747,NAD83,,,Wetland,Field Msr/Obs,Surface Water,1994-06-22,,,,,,,Depth of water column,,,0.509,m,Actual,,,,,,,,,,,,,,
St. Denis National Wildlife Area - Historical Water Quality Data,37,37,52.208759,-106.110278,NAD83,,,Wetland,Field Msr/Obs,Surface Water,1994-06-22,,,,,,,Depth of water column,,,0.963,m,Actual,,,,,,,,,,,,,,
St. Denis National Wildlife Area - Historical Water Quality Data,60,60,52.203206,-106.102308,NAD83,,,Wetland,Field Msr/Obs,Surface Water,1994-06-22,,,,,,,Depth of water column,,,0.766,m,Actual,,,,,,,,,,,,,,
St. Denis National Wildlife Area - Historical Water Quality Data,65,65,52.20543,-106.098645,NAD83,,,Wetland,Field Msr/Obs,Surface Water,1994-06-22,,,,,,,Depth of water column,,,0.375,m,Actual,,,,,,,,,,,,,,
St. Denis National Wildlife Area - Historical Water Quality Data,66,66,52.205977,-106.096295,NAD83,,,Wetland,Field Msr/Obs,Surface Water,1994-06-22,,,,,,,Depth of water column,,,1.01,m,Actual,,,,,,,,,,,,,,
St. Denis National Wildlife Area - Historical Water Quality Data,6642,6642,52.20919,-106.107784,NAD83,,,Wetland,Field Msr/Obs,Surface Water,1994-06-22,,,,,,,Depth of water column,,,,,Actual,Not Reported,,,,,,,,,,,,,
St. Denis National Wildlife Area - Historical Water Quality Data,67,67,52.209201,-106.097397,NAD83,,,Wetland,Field Msr/Obs,Surface Water,1994-06-22,,,,,,,Depth of water column,,,0.24,m,Actual,,,,,,,,,,,,,,
St. Denis National Wildlife Area - Historical Water Quality Data,86,86,52.202298,-106.084132,NAD83,,,Wetland,Field Msr/Obs,Surface Water,1994-06-22,,,,,,,Depth of water column,,,0.38,m,Actual,,,,,,,,,,,,,,
St. Denis National Wildlife Area - Historical Water Quality Data,90,90,52.204775,-106.080284,NAD83,,,Wetland,Field Msr/Obs,Surface Water,1994-06-22,,,,,,,Depth of water column,,,0.869,m,Actual,,,,,,,,,,,,,,
St. Denis National Wildlife Area - Historical Water Quality Data,1A,1A,52.213065,-106.090051,NAD83,25,m,Wetland,Field Msr/Obs,Surface Water,1994-07-05,,,,,,,Depth of water column,,,,,Actual,Not Reported,,,,,,,,,,,,,
St. Denis National Wildlife Area - Historical Water Quality Data,1B,1B,52.213065,-106.090051,NAD83,25,m,Wetland,Field Msr/Obs,Surface Water,1994-07-05,,,,,,,Depth of water column,,,0.197,m,Actual,,,,,,,,,,,,,,
St. Denis National Wildlife Area - Historical Water Quality Data,25,25,52.21155,-106.10309,NAD83,,,Wetland,Field Msr/Obs,Surface Water,1994-07-05,,,,,,,Depth of water column,,,0.603,m,Actual,,,,,,,,,,,,,,
St. Denis National Wildlife Area - Historical Water Quality Data,4857,4857,52.202487,-106.111066,NAD83,,,Wetland,Field Msr/Obs,Surface Water,1994-07-05,,,,,,,Depth of water column,,,0.49,m,Actual,,,,,,,,,,,,,,
St. Denis National Wildlife Area - Historical Water Quality Data,50,50,52.205531,-106.107131,NAD83,,,Wetland,Field Msr/Obs,Surface Water,1994-07-05,,,,,,,Depth of water column,,,0.545,m,Actual,,,,,,,,,,,,,,
St. Denis National Wildlife Area - Historical Water Quality Data,109,109,52.208774,-106.085747,NAD83,,,Wetland,Field Msr/Obs,Surface Water,1994-07-06,,,,,,,Depth of water column,,,0.575,m,Actual,,,,,,,,,,,,,,
St. Denis National Wildlife Area - Historical Water Quality Data,37,37,52.208759,-106.110278,NAD83,,,Wetland,Field Msr/Obs,Surface Water,1994-07-06,,,,,,,Depth of water column,,,1.027,m,Actual,,,,,,,,,,,,,,
St. Denis National Wildlife Area - Historical Water Quality Data,60,60,52.203206,-106.102308,NAD83,,,Wetland,Field Msr/Obs,Surface Water,1994-07-06,,,,,,,Depth of water column,,,0.834,m,Actual,,,,,,,,,,,,,,
St. Denis National Wildlife Area - Historical Water Quality Data,65,65,52.20543,-106.098645,NAD83,,,Wetland,Field Msr/Obs,Surface Water,1994-07-06,,,,,,,Depth of water column,,,0.306,m,Actual,,,,,,,,,,,,,,
St. Denis National Wildlife Area - Historical Water Quality Data,66,66,52.205977,-106.096295,NAD83,,,Wetland,Field Msr/Obs,Surface Water,1994-07-06,,,,,,,Depth of water column,,,1.044,m,Actual,,,,,,,,,,,,,,
St. Denis National Wildlife Area - Historical Water Quality Data,6642,6642,52.20919,-106.107784,NAD83,,,Wetland,Field Msr/Obs,Surface Water,1994-07-06,,,,,,,Depth of water column,,,,,Actual,Not Reported,,,,,,,,,,,,,
St. Denis National Wildlife Area - Historical Water Quality Data,67,67,52.209201,-106.097397,NAD83,,,Wetland,Field Msr/Obs,Surface Water,1994-07-06,,,,,,,Depth of water column,,,0.233,m,Actual,,,,,,,,,,,,,,
St. Denis National Wildlife Area - Historical Water Quality Data,86,86,52.202298,-106.084132,NAD83,,,Wetland,Field Msr/Obs,Surface Water,1994-07-06,,,,,,,Depth of water column,,,0.45,m,Actual,,,,,,,,,,,,,,
St. Denis National Wildlife Area - Historical Water Quality Data,90,90,52.204775,-106.080284,NAD83,,,Wetland,Field Msr/Obs,Surface Water,1994-07-06,,,,,,,Depth of water column,,,0.884,m,Actual,,,,,,,,,,,,,,
St. Denis National Wildlife Area - Historical Water Quality Data,1A,1A,52.213065,-106.090051,NAD83,25,m,Wetland,Field Msr/Obs,Surface Water,1994-07-19,,,,,,,Depth of water column,,,,,Actual,Not Reported,,,,,,,,,,,,,
St. Denis National Wildlife Area - Historical Water Quality Data,1B,1B,52.213065,-106.090051,NAD83,25,m,Wetland,Field Msr/Obs,Surface Water,1994-07-19,,,,,,,Depth of water column,,,0.2,m,Actual,,,,,,,,,,,,,,
St. Denis National Wildlife Area - Historical Water Quality Data,25,25,52.21155,-106.10309,NAD83,,,Wetland,Field Msr/Obs,Surface Water,1994-07-19,,,,,,,Depth of water column,,,,,Actual,Not Reported,,,,,,,,,,,,,
St. Denis National Wildlife Area - Historical Water Quality Data,37,37,52.208759,-106.110278,NAD83,,,Wetland,Field Msr/Obs,Surface Water,1994-07-19,,,,,,,Depth of water column,,,1.03,m,Actual,,,,,,,,,,,,,,
St. Denis National Wildlife Area - Historical Water Quality Data,4857,4857,52.202487,-106.111066,NAD83,,,Wetland,Field Msr/Obs,Surface Water,1994-07-19,,,,,,,Depth of water column,,,0.48,m,Actual,,,,,,,,,,,,,,
St. Denis National Wildlife Area - Historical Water Quality Data,50,50,52.205531,-106.107131,NAD83,,,Wetland,Field Msr/Obs,Surface Water,1994-07-19,,,,,,,Depth of water column,,,0.53,m,Actual,,,,,,,,,,,,,,
St. Denis National Wildlife Area - Historical Water Quality Data,60,60,52.203206,-106.102308,NAD83,,,Wetland,Field Msr/Obs,Surface Water,1994-07-19,,,,,,,Depth of water column,,,0.87,m,Actual,,,,,,,,,,,,,,
St. Denis National Wildlife Area - Historical Water Quality Data,109,109,52.208774,-106.085747,NAD83,,,Wetland,Field Msr/Obs,Surface Water,1994-07-20,,,,,,,Depth of water column,,,0.59,m,Actual,,,,,,,,,,,,,,
St. Denis National Wildlife Area - Historical Water Quality Data,65,65,52.20543,-106.098645,NAD83,,,Wetland,Field Msr/Obs,Surface Water,1994-07-20,,,,,,,Depth of water column,,,0.31,m,Actual,,,,,,,,,,,,,,
St. Denis National Wildlife Area - Historical Water Quality Data,66,66,52.205977,-106.096295,NAD83,,,Wetland,Field Msr/Obs,Surface Water,1994-07-20,,,,,,,Depth of water column,,,1.02,m,Actual,,,,,,,,,,,,,,
St. Denis National Wildlife Area - Historical Water Quality Data,6642,6642,52.20919,-106.107784,NAD83,,,Wetland,Field Msr/Obs,Surface Water,1994-07-20,,,,,,,Depth of water column,,,,,Actual,Not Reported,,,,,,,,,,,,,
St. Denis National Wildlife Area - Historical Water Quality Data,67,67,52.209201,-106.097397,NAD83,,,Wetland,Field Msr/Obs,Surface Water,1994-07-20,,,,,,,Depth of water column,,,0.22,m,Actual,,,,,,,,,,,,,,
St. Denis National Wildlife Area - Historical Water Quality Data,86,86,52.202298,-106.084132,NAD83,,,Wetland,Field Msr/Obs,Surface Water,1994-07-20,,,,,,,Depth of water column,,,0.49,m,Actual,,,,,,,,,,,,,,
St. Denis National Wildlife Area - Historical Water Quality Data,90,90,52.204775,-106.080284,NAD83,,,Wetland,Field Msr/Obs,Surface Water,1994-07-20,,,,,,,Depth of water column,,,0.89,m,Actual,,,,,,,,,,,,,,
St. Denis National Wildlife Area - Historical Water Quality Data,109,109,52.208774,-106.085747,NAD83,,,Wetland,Field Msr/Obs,Surface Water,1994-08-09,,,,,,,Depth of water column,,,0.725,m,Actual,,,,,,,,,,,,,,
St. Denis National Wildlife Area - Historical Water Quality Data,1A,1A,52.213065,-106.090051,NAD83,25,m,Wetland,Field Msr/Obs,Surface Water,1994-08-09,,,,,,,Depth of water column,,,,,Actual,Not Reported,,,,,,,,,,,,,
St. Denis National Wildlife Area - Historical Water Quality Data,1B,1B,52.213065,-106.090051,NAD83,25,m,Wetland,Field Msr/Obs,Surface Water,1994-08-09,,,,,,,Depth of water column,,,0.249,m,Actual,,,,,,,,,,,,,,
St. Denis National Wildlife Area - Historical Water Quality Data,25,25,52.21155,-106.10309,NAD83,,,Wetland,Field Msr/Obs,Surface Water,1994-08-09,,,,,,,Depth of water column,,,0.273,m,Actual,,,,,,,,,,,,,,
St. Denis National Wildlife Area - Historical Water Quality Data,37,37,52.208759,-106.110278,NAD83,,,Wetland,Field Msr/Obs,Surface Water,1994-08-09,,,,,,,Depth of water column,,,1.164,m,Actual,,,,,,,,,,,,,,
St. Denis National Wildlife Area - Historical Water Quality Data,4857,4857,52.202487,-106.111066,NAD83,,,Wetland,Field Msr/Obs,Surface Water,1994-08-09,,,,,,,Depth of water column,,,0.42,m,Actual,,,,,,,,,,,,,,
St. Denis National Wildlife Area - Historical Water Quality Data,50,50,52.205531,-106.107131,NAD83,,,Wetland,Field Msr/Obs,Surface Water,1994-08-09,,,,,,,Depth of water column,,,0.603,m,Actual,,,,,,,,,,,,,,
St. Denis National Wildlife Area - Historical Water Quality Data,60,60,52.203206,-106.102308,NAD83,,,Wetland,Field Msr/Obs,Surface Water,1994-08-10,,,,,,,Depth of water column,,,1.005,m,Actual,,,,,,,,,,,,,,
St. Denis National Wildlife Area - Historical Water Quality Data,65,65,52.20543,-106.098645,NAD83,,,Wetland,Field Msr/Obs,Surface Water,1994-08-10,,,,,,,Depth of water column,,,0.373,m,Actual,,,,,,,,,,,,,,
St. Denis National Wildlife Area - Historical Water Quality Data,66,66,52.205977,-106.096295,NAD83,,,Wetland,Field Msr/Obs,Surface Water,1994-08-10,,,,,,,Depth of water column,,,1.075,m,Actual,,,,,,,,,,,,,,
St. Denis National Wildlife Area - Historical Water Quality Data,6642,6642,52.20919,-106.107784,NAD83,,,Wetland,Field Msr/Obs,Surface Water,1994-08-10,,,,,,,Depth of water column,,,,,Actual,Not Reported,,,,,,,,,,,,,
St. Denis National Wildlife Area - Historical Water Quality Data,67,67,52.209201,-106.097397,NAD83,,,Wetland,Field Msr/Obs,Surface Water,1994-08-10,,,,,,,Depth of water column,,,0.276,m,Actual,,,,,,,,,,,,,,
St. Denis National Wildlife Area - Historical Water Quality Data,86,86,52.202298,-106.084132,NAD83,,,Wetland,Field Msr/Obs,Surface Water,1994-08-10,,,,,,,Depth of water column,,,0.61,m,Actual,,,,,,,,,,,,,,
St. Denis National Wildlife Area - Historical Water Quality Data,90,90,52.204775,-106.080284,NAD83,,,Wetland,Field Msr/Obs,Surface Water,1994-08-10,,,,,,,Depth of water column,,,0.945,m,Actual,,,,,,,,,,,,,,
St. Denis National Wildlife Area - Historical Water Quality Data,1A,1A,52.213065,-106.090051,NAD83,25,m,Wetland,Field Msr/Obs,Surface Water,1994-08-23,,,,,,,Depth of water column,,,,,Actual,Not Reported,,,,,,,,,,,,,
St. Denis National Wildlife Area - Historical Water Quality Data,1B,1B,52.213065,-106.090051,NAD83,25,m,Wetland,Field Msr/Obs,Surface Water,1994-08-23,,,,,,,Depth of water column,,,0.288,m,Actual,,,,,,,,,,,,,,
St. Denis National Wildlife Area - Historical Water Quality Data,25,25,52.21155,-106.10309,NAD83,,,Wetland,Field Msr/Obs,Surface Water,1994-08-23,,,,,,,Depth of water column,,,0.312,m,Actual,,,,,,,,,,,,,,
St. Denis National Wildlife Area - Historical Water Quality Data,37,37,52.208759,-106.110278,NAD83,,,Wetland,Field Msr/Obs,Surface Water,1994-08-23,,,,,,,Depth of water column,,,1.235,m,Actual,,,,,,,,,,,,,,
St. Denis National Wildlife Area - Historical Water Quality Data,4857,4857,52.202487,-106.111066,NAD83,,,Wetland,Field Msr/Obs,Surface Water,1994-08-23,,,,,,,Depth of water column,,,0.48,m,Actual,,,,,,,,,,,,,,
St. Denis National Wildlife Area - Historical Water Quality Data,50,50,52.205531,-106.107131,NAD83,,,Wetland,Field Msr/Obs,Surface Water,1994-08-23,,,,,,,Depth of water column,,,0.63,m,Actual,,,,,,,,,,,,,,
St. Denis National Wildlife Area - Historical Water Quality Data,60,60,52.203206,-106.102308,NAD83,,,Wetland,Field Msr/Obs,Surface Water,1994-08-23,,,,,,,Depth of water column,,,1.095,m,Actual,,,,,,,,,,,,,,
St. Denis National Wildlife Area - Historical Water Quality Data,109,109,52.208774,-106.085747,NAD83,,,Wetland,Field Msr/Obs,Surface Water,1994-08-24,,,,,,,Depth of water column,,,0.862,m,Actual,,,,,,,,,,,,,,
St. Denis National Wildlife Area - Historical Water Quality Data,65,65,52.20543,-106.098645,NAD83,,,Wetland,Field Msr/Obs,Surface Water,1994-08-24,,,,,,,Depth of water column,,,0.411,m,Actual,,,,,,,,,,,,,,
St. Denis National Wildlife Area - Historical Water Quality Data,66,66,52.205977,-106.096295,NAD83,,,Wetland,Field Msr/Obs,Surface Water,1994-08-24,,,,,,,Depth of water column,,,1.102,m,Actual,,,,,,,,,,,,,,
St. Denis National Wildlife Area - Historical Water Quality Data,6642,6642,52.20919,-106.107784,NAD83,,,Wetland,Field Msr/Obs,Surface Water,1994-08-24,,,,,,,Depth of water column,,,,,Actual,Not Reported,,,,,,,,,,,,,
St. Denis National Wildlife Area - Historical Water Quality Data,67,67,52.209201,-106.097397,NAD83,,,Wetland,Field Msr/Obs,Surface Water,1994-08-24,,,,,,,Depth of water column,,,0.309,m,Actual,,,,,,,,,,,,,,
St. Denis National Wildlife Area - Historical Water Quality Data,86,86,52.202298,-106.084132,NAD83,,,Wetland,Field Msr/Obs,Surface Water,1994-08-24,,,,,,,Depth of water column,,,0.7,m,Actual,,,,,,,,,,,,,,
St. Denis National Wildlife Area - Historical Water Quality Data,90,90,52.204775,-106.080284,NAD83,,,Wetland,Field Msr/Obs,Surface Water,1994-08-24,,,,,,,Depth of water column,,,0.981,m,Actual,,,,,,,,,,,,,,
St. Denis National Wildlife Area - Historical Water Quality Data,1A,1A,52.213065,-106.090051,NAD83,25,m,Wetland,Field Msr/Obs,Surface Water,1994-09-13,,,,,,,Depth of water column,,,,,Actual,Not Reported,,,,,,,,,,,,,
St. Denis National Wildlife Area - Historical Water Quality Data,1B,1B,52.213065,-106.090051,NAD83,25,m,Wetland,Field Msr/Obs,Surface Water,1994-09-13,,,,,,,Depth of water column,,,0.345,m,Actual,,,,,,,,,,,,,,
St. Denis National Wildlife Area - Historical Water Quality Data,25,25,52.21155,-106.10309,NAD83,,,Wetland,Field Msr/Obs,Surface Water,1994-09-13,,,,,,,Depth of water column,,,0.362,m,Actual,,,,,,,,,,,,,,
St. Denis National Wildlife Area - Historical Water Quality Data,4857,4857,52.202487,-106.111066,NAD83,,,Wetland,Field Msr/Obs,Surface Water,1994-09-13,,,,,,,Depth of water column,,,0.69,m,Actual,,,,,,,,,,,,,,
St. Denis National Wildlife Area - Historical Water Quality Data,50,50,52.205531,-106.107131,NAD83,,,Wetland,Field Msr/Obs,Surface Water,1994-09-13,,,,,,,Depth of water column,,,0.677,m,Actual,,,,,,,,,,,,,,
St. Denis National Wildlife Area - Historical Water Quality Data,109,109,52.208774,-106.085747,NAD83,,,Wetland,Field Msr/Obs,Surface Water,1994-09-14,,,,,,,Depth of water column,,,1.019,m,Actual,,,,,,,,,,,,,,
St. Denis National Wildlife Area - Historical Water Quality Data,37,37,52.208759,-106.110278,NAD83,,,Wetland,Field Msr/Obs,Surface Water,1994-09-14,,,,,,,Depth of water column,,,1.31,m,Actual,,,,,,,,,,,,,,
St. Denis National Wildlife Area - Historical Water Quality Data,65,65,52.20543,-106.098645,NAD83,,,Wetland,Field Msr/Obs,Surface Water,1994-09-14,,,,,,,Depth of water column,,,0.467,m,Actual,,,,,,,,,,,,,,
St. Denis National Wildlife Area - Historical Water Quality Data,66,66,52.205977,-106.096295,NAD83,,,Wetland,Field Msr/Obs,Surface Water,1994-09-14,,,,,,,Depth of water column,,,1.138,m,Actual,,,,,,,,,,,,,,
St. Denis National Wildlife Area - Historical Water Quality Data,6642,6642,52.20919,-106.107784,NAD83,,,Wetland,Field Msr/Obs,Surface Water,1994-09-14,,,,,,,Depth of water column,,,,,Actual,Not Reported,,,,,,,,,,,,,
St. Denis National Wildlife Area - Historical Water Quality Data,67,67,52.209201,-106.097397,NAD83,,,Wetland,Field Msr/Obs,Surface Water,1994-09-14,,,,,,,Depth of water column,,,0.354,m,Actual,,,,,,,,,,,,,,
St. Denis National Wildlife Area - Historical Water Quality Data,86,86,52.202298,-106.084132,NAD83,,,Wetland,Field Msr/Obs,Surface Water,1994-09-14,,,,,,,Depth of water column,,,0.832,m,Actual,,,,,,,,,,,,,,
St. Denis National Wildlife Area - Historical Water Quality Data,90,90,52.204775,-106.080284,NAD83,,,Wetland,Field Msr/Obs,Surface Water,1994-09-14,,,,,,,Depth of water column,,,1.01,m,Actual,,,,,,,,,,,,,,
St. Denis National Wildlife Area - Historical Water Quality Data,109,109,52.208774,-106.085747,NAD83,,,Wetland,Field Msr/Obs,Surface Water,1994-10-11,,,,,,,Depth of water column,,,1.22,m,Actual,,,,,,,,,,,,,,
St. Denis National Wildlife Area - Historical Water Quality Data,25,25,52.21155,-106.10309,NAD83,,,Wetland,Field Msr/Obs,Surface Water,1994-10-11,,,,,,,Depth of water column,,,0.446,m,Actual,,,,,,,,,,,,,,
St. Denis National Wildlife Area - Historical Water Quality Data,37,37,52.208759,-106.110278,NAD83,,,Wetland,Field Msr/Obs,Surface Water,1994-10-11,,,,,,,Depth of water column,,,1.31,m,Actual,,,,,,,,,,,,,,
St. Denis National Wildlife Area - Historical Water Quality Data,4857,4857,52.202487,-106.111066,NAD83,,,Wetland,Field Msr/Obs,Surface Water,1994-10-11,,,,,,,Depth of water column,,,0.71,m,Actual,,,,,,,,,,,,,,
St. Denis National Wildlife Area - Historical Water Quality Data,50,50,52.205531,-106.107131,NAD83,,,Wetland,Field Msr/Obs,Surface Water,1994-10-11,,,,,,,Depth of water column,,,0.735,m,Actual,,,,,,,,,,,,,,
St. Denis National Wildlife Area - Historical Water Quality Data,60,60,52.203206,-106.102308,NAD83,,,Wetland,Field Msr/Obs,Surface Water,1994-10-11,,,,,,,Depth of water column,,,1.316,m,Actual,,,,,,,,,,,,,,
St. Denis National Wildlife Area - Historical Water Quality Data,6642,6642,52.20919,-106.107784,NAD83,,,Wetland,Field Msr/Obs,Surface Water,1994-10-11,,,,,,,Depth of water column,,,,,Actual,Not Reported,,,,,,,,,,,,,
St. Denis National Wildlife Area - Historical Water Quality Data,1A,1A,52.213065,-106.090051,NAD83,25,m,Wetland,Field Msr/Obs,Surface Water,1994-10-12,,,,,,,Depth of water column,,,,,Actual,Not Reported,,,,,,,,,,,,,
St. Denis National Wildlife Area - Historical Water Quality Data,1B,1B,52.213065,-106.090051,NAD83,25,m,Wetland,Field Msr/Obs,Surface Water,1994-10-12,,,,,,,Depth of water column,,,0.41,m,Actual,,,,,,,,,,,,,,
St. Denis National Wildlife Area - Historical Water Quality Data,65,65,52.20543,-106.098645,NAD83,,,Wetland,Field Msr/Obs,Surface Water,1994-10-12,,,,,,,Depth of water column,,,0.55,m,Actual,,,,,,,,,,,,,,
St. Denis National Wildlife Area - Historical Water Quality Data,66,66,52.205977,-106.096295,NAD83,,,Wetland,Field Msr/Obs,Surface Water,1994-10-12,,,,,,,Depth of water column,,,,,Actual,Not Reported,,,,,,,,,,,,,
St. Denis National Wildlife Area - Historical Water Quality Data,67,67,52.209201,-106.097397,NAD83,,,Wetland,Field Msr/Obs,Surface Water,1994-10-12,,,,,,,Depth of water column,,,0.42,m,Actual,,,,,,,,,,,,,,
St. Denis National Wildlife Area - Historical Water Quality Data,86,86,52.202298,-106.084132,NAD83,,,Wetland,Field Msr/Obs,Surface Water,1994-10-12,,,,,,,Depth of water column,,,1.05,m,Actual,,,,,,,,,,,,,,
St. Denis National Wildlife Area - Historical Water Quality Data,90,90,52.204775,-106.080284,NAD83,,,Wetland,Field Msr/Obs,Surface Water,1994-10-12,,,,,,,Depth of water column,,,1.04,m,Actual,,,,,,,,,,,,,,
St. Denis National Wildlife Area - Historical Water Quality Data,1B,1B,52.213065,-106.090051,NAD83,25,m,Wetland,Field Msr/Obs,Surface Water,1995-05-30,,,,,,,Depth of water column,,,0.202,m,Actual,,,,,,,,,,,,,,
St. Denis National Wildlife Area - Historical Water Quality Data,25,25,52.21155,-106.10309,NAD83,,,Wetland,Field Msr/Obs,Surface Water,1995-05-30,,,,,,,Depth of water column,,,0.34,m,Actual,,,,,,,,,,,,,,
St. Denis National Wildlife Area - Historical Water Quality Data,4857,4857,52.202487,-106.111066,NAD83,,,Wetland,Field Msr/Obs,Surface Water,1995-05-30,,,,,,,Depth of water column,,,0.55,m,Actual,,,,,,,,,,,,,,
St. Denis National Wildlife Area - Historical Water Quality Data,50,50,52.205531,-106.107131,NAD83,,,Wetland,Field Msr/Obs,Surface Water,1995-05-30,,,,,,,Depth of water column,,,0.784,m,Actual,,,,,,,,,,,,,,
St. Denis National Wildlife Area - Historical Water Quality Data,65,65,52.20543,-106.098645,NAD83,,,Wetland,Field Msr/Obs,Surface Water,1995-05-30,,,,,,,Depth of water column,,,0.52,m,Actual,,,,,,,,,,,,,,
St. Denis National Wildlife Area - Historical Water Quality Data,66,66,52.205977,-106.096295,NAD83,,,Wetland,Field Msr/Obs,Surface Water,1995-05-30,,,,,,,Depth of water column,,,1.12,m,Actual,,,,,,,,,,,,,,
St. Denis National Wildlife Area - Historical Water Quality Data,67,67,52.209201,-106.097397,NAD83,,,Wetland,Field Msr/Obs,Surface Water,1995-05-30,,,,,,,Depth of water column,,,0.225,m,Actual,,,,,,,,,,,,,,
St. Denis National Wildlife Area - Historical Water Quality Data,109,109,52.208774,-106.085747,NAD83,,,Wetland,Field Msr/Obs,Surface Water,1995-05-31,,,,,,,Depth of water column,,,0.894,m,Actual,,,,,,,,,,,,,,
St. Denis National Wildlife Area - Historical Water Quality Data,37,37,52.208759,-106.110278,NAD83,,,Wetland,Field Msr/Obs,Surface Water,1995-05-31,,,,,,,Depth of water column,,,1.08,m,Actual,,,,,,,,,,,,,,
St. Denis National Wildlife Area - Historical Water Quality Data,6642,6642,52.20919,-106.107784,NAD83,,,Wetland,Field Msr/Obs,Surface Water,1995-05-31,,,,,,,Depth of water column,,,,,Actual,Not Reported,,,,,,,,,,,,,
St. Denis National Wildlife Area - Historical Water Quality Data,86,86,52.202298,-106.084132,NAD83,,,Wetland,Field Msr/Obs,Surface Water,1995-05-31,,,,,,,Depth of water column,,,1.02,m,Actual,,,,,,,,,,,,,,
St. Denis National Wildlife Area - Historical Water Quality Data,90,90,52.204775,-106.080284,NAD83,,,Wetland,Field Msr/Obs,Surface Water,1995-05-31,,,,,,,Depth of water column,,,0.96,m,Actual,,,,,,,,,,,,,,
St. Denis National Wildlife Area - Historical Water Quality Data,109,109,52.208774,-106.085747,NAD83,,,Wetland,Field Msr/Obs,Surface Water,1995-06-20,,,,,,,Depth of water column,,,1.05,m,Actual,,,,,,,,,,,,,,
St. Denis National Wildlife Area - Historical Water Quality Data,1A,1A,52.213065,-106.090051,NAD83,25,m,Wetland,Field Msr/Obs,Surface Water,1995-06-20,,,,,,,Depth of water column,,,,,Actual,Not Reported,,,,,,,,,,,,,
St. Denis National Wildlife Area - Historical Water Quality Data,1B,1B,52.213065,-106.090051,NAD83,25,m,Wetland,Field Msr/Obs,Surface Water,1995-06-20,,,,,,,Depth of water column,,,0.285,m,Actual,,,,,,,,,,,,,,
St. Denis National Wildlife Area - Historical Water Quality Data,25,25,52.21155,-106.10309,NAD83,,,Wetland,Field Msr/Obs,Surface Water,1995-06-20,,,,,,,Depth of water column,,,0.42,m,Actual,,,,,,,,,,,,,,
St. Denis National Wildlife Area - Historical Water Quality Data,37,37,52.208759,-106.110278,NAD83,,,Wetland,Field Msr/Obs,Surface Water,1995-06-20,,,,,,,Depth of water column,,,1.26,m,Actual,,,,,,,,,,,,,,
St. Denis National Wildlife Area - Historical Water Quality Data,4857,4857,52.202487,-106.111066,NAD83,,,Wetland,Field Msr/Obs,Surface Water,1995-06-20,,,,,,,Depth of water column,,,0.625,m,Actual,,,,,,,,,,,,,,
St. Denis National Wildlife Area - Historical Water Quality Data,50,50,52.205531,-106.107131,NAD83,,,Wetland,Field Msr/Obs,Surface Water,1995-06-20,,,,,,,Depth of water column,,,0.85,m,Actual,,,,,,,,,,,,,,
St. Denis National Wildlife Area - Historical Water Quality Data,65,65,52.20543,-106.098645,NAD83,,,Wetland,Field Msr/Obs,Surface Water,1995-06-20,,,,,,,Depth of water column,,,0.57,m,Actual,,,,,,,,,,,,,,
St. Denis National Wildlife Area - Historical Water Quality Data,66,66,52.205977,-106.096295,NAD83,,,Wetland,Field Msr/Obs,Surface Water,1995-06-20,,,,,,,Depth of water column,,,1.165,m,Actual,,,,,,,,,,,,,,
St. Denis National Wildlife Area - Historical Water Quality Data,6642,6642,52.20919,-106.107784,NAD83,,,Wetland,Field Msr/Obs,Surface Water,1995-06-20,,,,,,,Depth of water column,,,,,Actual,Not Reported,,,,,,,,,,,,,
St. Denis National Wildlife Area - Historical Water Quality Data,67,67,52.209201,-106.097397,NAD83,,,Wetland,Field Msr/Obs,Surface Water,1995-06-20,,,,,,,Depth of water column,,,0.39,m,Actual,,,,,,,,,,,,,,
St. Denis National Wildlife Area - Historical Water Quality Data,86,86,52.202298,-106.084132,NAD83,,,Wetland,Field Msr/Obs,Surface Water,1995-06-20,,,,,,,Depth of water column,,,1.15,m,Actual,,,,,,,,,,,,,,
St. Denis National Wildlife Area - Historical Water Quality Data,90,90,52.204775,-106.080284,NAD83,,,Wetland,Field Msr/Obs,Surface Water,1995-06-20,,,,,,,Depth of water column,,,1.02,m,Actual,,,,,,,,,,,,,,
St. Denis National Wildlife Area - Historical Water Quality Data,109,109,52.208774,-106.085747,NAD83,,,Wetland,Field Msr/Obs,Surface Water,1995-07-12,,,,,,,Depth of water column,,,1.26,m,Actual,,,,,,,,,,,,,,
St. Denis National Wildlife Area - Historical Water Quality Data,1A,1A,52.213065,-106.090051,NAD83,25,m,Wetland,Field Msr/Obs,Surface Water,1995-07-12,,,,,,,Depth of water column,,,,,Actual,Not Reported,,,,,,,,,,,,,
St. Denis National Wildlife Area - Historical Water Quality Data,1B,1B,52.213065,-106.090051,NAD83,25,m,Wetland,Field Msr/Obs,Surface Water,1995-07-12,,,,,,,Depth of water column,,,0.335,m,Actual,,,,,,,,,,,,,,
St. Denis National Wildlife Area - Historical Water Quality Data,25,25,52.21155,-106.10309,NAD83,,,Wetland,Field Msr/Obs,Surface Water,1995-07-12,,,,,,,Depth of water column,,,0.46,m,Actual,,,,,,,,,,,,,,
St. Denis National Wildlife Area - Historical Water Quality Data,4857,4857,52.202487,-106.111066,NAD83,,,Wetland,Field Msr/Obs,Surface Water,1995-07-12,,,,,,,Depth of water column,,,0.68,m,Actual,,,,,,,,,,,,,,
St. Denis National Wildlife Area - Historical Water Quality Data,50,50,52.205531,-106.107131,NAD83,,,Wetland,Field Msr/Obs,Surface Water,1995-07-12,,,,,,,Depth of water column,,,0.9,m,Actual,,,,,,,,,,,,,,
St. Denis National Wildlife Area - Historical Water Quality Data,65,65,52.20543,-106.098645,NAD83,,,Wetland,Field Msr/Obs,Surface Water,1995-07-12,,,,,,,Depth of water column,,,0.615,m,Actual,,,,,,,,,,,,,,
St. Denis National Wildlife Area - Historical Water Quality Data,66,66,52.205977,-106.096295,NAD83,,,Wetland,Field Msr/Obs,Surface Water,1995-07-12,,,,,,,Depth of water column,,,1.21,m,Actual,,,,,,,,,,,,,,
St. Denis National Wildlife Area - Historical Water Quality Data,6642,6642,52.20919,-106.107784,NAD83,,,Wetland,Field Msr/Obs,Surface Water,1995-07-12,,,,,,,Depth of water column,,,,,Actual,Not Reported,,,,,,,,,,,,,
St. Denis National Wildlife Area - Historical Water Quality Data,67,67,52.209201,-106.097397,NAD83,,,Wetland,Field Msr/Obs,Surface Water,1995-07-12,,,,,,,Depth of water column,,,0.43,m,Actual,,,,,,,,,,,,,,
St. Denis National Wildlife Area - Historical Water Quality Data,90,90,52.204775,-106.080284,NAD83,,,Wetland,Field Msr/Obs,Surface Water,1995-07-12,,,,,,,Depth of water column,,,1.065,m,Actual,,,,,,,,,,,,,,
St. Denis National Wildlife Area - Historical Water Quality Data,109,109,52.208774,-106.085747,NAD83,,,Wetland,Field Msr/Obs,Surface Water,1995-07-25,,,,,,,Depth of water column,,,1.35,m,Actual,,,,,,,,,,,,,,
St. Denis National Wildlife Area - Historical Water Quality Data,1A,1A,52.213065,-106.090051,NAD83,25,m,Wetland,Field Msr/Obs,Surface Water,1995-07-25,,,,,,,Depth of water column,,,,,Actual,Not Reported,,,,,,,,,,,,,
St. Denis National Wildlife Area - Historical Water Quality Data,1B,1B,52.213065,-106.090051,NAD83,25,m,Wetland,Field Msr/Obs,Surface Water,1995-07-25,,,,,,,Depth of water column,,,0.365,m,Actual,,,,,,,,,,,,,,
St. Denis National Wildlife Area - Historical Water Quality Data,25,25,52.21155,-106.10309,NAD83,,,Wetland,Field Msr/Obs,Surface Water,1995-07-25,,,,,,,Depth of water column,,,0.47,m,Actual,,,,,,,,,,,,,,
St. Denis National Wildlife Area - Historical Water Quality Data,4857,4857,52.202487,-106.111066,NAD83,,,Wetland,Field Msr/Obs,Surface Water,1995-07-25,,,,,,,Depth of water column,,,0.35,m,Actual,,,,,,,,,,,,,,
St. Denis National Wildlife Area - Historical Water Quality Data,50,50,52.205531,-106.107131,NAD83,,,Wetland,Field Msr/Obs,Surface Water,1995-07-25,,,,,,,Depth of water column,,,0.93,m,Actual,,,,,,,,,,,,,,
St. Denis National Wildlife Area - Historical Water Quality Data,65,65,52.20543,-106.098645,NAD83,,,Wetland,Field Msr/Obs,Surface Water,1995-07-25,,,,,,,Depth of water column,,,0.65,m,Actual,,,,,,,,,,,,,,
St. Denis National Wildlife Area - Historical Water Quality Data,66,66,52.205977,-106.096295,NAD83,,,Wetland,Field Msr/Obs,Surface Water,1995-07-25,,,,,,,Depth of water column,,,1.23,m,Actual,,,,,,,,,,,,,,
St. Denis National Wildlife Area - Historical Water Quality Data,6642,6642,52.20919,-106.107784,NAD83,,,Wetland,Field Msr/Obs,Surface Water,1995-07-25,,,,,,,Depth of water column,,,,,Actual,Not Reported,,,,,,,,,,,,,
St. Denis National Wildlife Area - Historical Water Quality Data,67,67,52.209201,-106.097397,NAD83,,,Wetland,Field Msr/Obs,Surface Water,1995-07-25,,,,,,,Depth of water column,,,0.46,m,Actual,,,,,,,,,,,,,,
St. Denis National Wildlife Area - Historical Water Quality Data,90,90,52.204775,-106.080284,NAD83,,,Wetland,Field Msr/Obs,Surface Water,1995-07-25,,,,,,,Depth of water column,,,1.075,m,Actual,,,,,,,,,,,,,,
St. Denis National Wildlife Area - Historical Water Quality Data,1A,1A,52.213065,-106.090051,NAD83,25,m,Wetland,Field Msr/Obs,Surface Water,1995-08-14,,,,,,,Depth of water column,,,,,Actual,Not Reported,,,,,,,,,,,,,
St. Denis National Wildlife Area - Historical Water Quality Data,1B,1B,52.213065,-106.090051,NAD83,25,m,Wetland,Field Msr/Obs,Surface Water,1995-08-14,,,,,,,Depth of water column,,,0.35,m,Actual,,,,,,,,,,,,,,
St. Denis National Wildlife Area - Historical Water Quality Data,25,25,52.21155,-106.10309,NAD83,,,Wetland,Field Msr/Obs,Surface Water,1995-08-14,,,,,,,Depth of water column,,,0.455,m,Actual,,,,,,,,,,,,,,
St. Denis National Wildlife Area - Historical Water Quality Data,4857,4857,52.202487,-106.111066,NAD83,,,Wetland,Field Msr/Obs,Surface Water,1995-08-14,,,,,,,Depth of water column,,,0.89,m,Actual,,,,,,,,,,,,,,
St. Denis National Wildlife Area - Historical Water Quality Data,50,50,52.205531,-106.107131,NAD83,,,Wetland,Field Msr/Obs,Surface Water,1995-08-14,,,,,,,Depth of water column,,,0.86,m,Actual,,,,,,,,,,,,,,
St. Denis National Wildlife Area - Historical Water Quality Data,65,65,52.20543,-106.098645,NAD83,,,Wetland,Field Msr/Obs,Surface Water,1995-08-14,,,,,,,Depth of water column,,,0.61,m,Actual,,,,,,,,,,,,,,
St. Denis National Wildlife Area - Historical Water Quality Data,66,66,52.205977,-106.096295,NAD83,,,Wetland,Field Msr/Obs,Surface Water,1995-08-14,,,,,,,Depth of water column,,,1.1,m,Actual,,,,,,,,,,,,,,
St. Denis National Wildlife Area - Historical Water Quality Data,6642,6642,52.20919,-106.107784,NAD83,,,Wetland,Field Msr/Obs,Surface Water,1995-08-14,,,,,,,Depth of water column,,,,,Actual,Not Reported,,,,,,,,,,,,,
St. Denis National Wildlife Area - Historical Water Quality Data,67,67,52.209201,-106.097397,NAD83,,,Wetland,Field Msr/Obs,Surface Water,1995-08-14,,,,,,,Depth of water column,,,0.48,m,Actual,,,,,,,,,,,,,,
St. Denis National Wildlife Area - Historical Water Quality Data,90,90,52.204775,-106.080284,NAD83,,,Wetland,Field Msr/Obs,Surface Water,1995-08-14,,,,,,,Depth of water column,,,0.97,m,Actual,,,,,,,,,,,,,,
St. Denis National Wildlife Area - Historical Water Quality Data,1A,1A,52.213065,-106.090051,NAD83,25,m,Wetland,Field Msr/Obs,Surface Water,1995-08-28,,,,,,,Depth of water column,,,,,Actual,Not Reported,,,,,,,,,,,,,
St. Denis National Wildlife Area - Historical Water Quality Data,1B,1B,52.213065,-106.090051,NAD83,25,m,Wetland,Field Msr/Obs,Surface Water,1995-08-28,,,,,,,Depth of water column,,,0.34,m,Actual,,,,,,,,,,,,,,
St. Denis National Wildlife Area - Historical Water Quality Data,25,25,52.21155,-106.10309,NAD83,,,Wetland,Field Msr/Obs,Surface Water,1995-08-28,,,,,,,Depth of water column,,,0.502,m,Actual,,,,,,,,,,,,,,
St. Denis National Wildlife Area - Historical Water Quality Data,4857,4857,52.202487,-106.111066,NAD83,,,Wetland,Field Msr/Obs,Surface Water,1995-08-28,,,,,,,Depth of water column,,,0.72,m,Actual,,,,,,,,,,,,,,
St. Denis National Wildlife Area - Historical Water Quality Data,50,50,52.205531,-106.107131,NAD83,,,Wetland,Field Msr/Obs,Surface Water,1995-08-28,,,,,,,Depth of water column,,,,,Actual,Not Reported,,,,,,,,,,,,,
St. Denis National Wildlife Area - Historical Water Quality Data,65,65,52.20543,-106.098645,NAD83,,,Wetland,Field Msr/Obs,Surface Water,1995-08-28,,,,,,,Depth of water column,,,0.65,m,Actual,,,,,,,,,,,,,,
St. Denis National Wildlife Area - Historical Water Quality Data,66,66,52.205977,-106.096295,NAD83,,,Wetland,Field Msr/Obs,Surface Water,1995-08-28,,,,,,,Depth of water column,,,1.187,m,Actual,,,,,,,,,,,,,,
St. Denis National Wildlife Area - Historical Water Quality Data,6642,6642,52.20919,-106.107784,NAD83,,,Wetland,Field Msr/Obs,Surface Water,1995-08-28,,,,,,,Depth of water column,,,,,Actual,Not Reported,,,,,,,,,,,,,
St. Denis National Wildlife Area - Historical Water Quality Data,67,67,52.209201,-106.097397,NAD83,,,Wetland,Field Msr/Obs,Surface Water,1995-08-28,,,,,,,Depth of water column,,,0.47,m,Actual,,,,,,,,,,,,,,
St. Denis National Wildlife Area - Historical Water Quality Data,90,90,52.204775,-106.080284,NAD83,,,Wetland,Field Msr/Obs,Surface Water,1995-08-28,,,,,,,Depth of water column,,,,,Actual,Not Reported,,,,,,,,,,,,,
St. Denis National Wildlife Area - Historical Water Quality Data,1A,1A,52.213065,-106.090051,NAD83,25,m,Wetland,Field Msr/Obs,Surface Water,1995-09-12,,,,,,,Depth of water column,,,,,Actual,Not Reported,,,,,,,,,,,,,
St. Denis National Wildlife Area - Historical Water Quality Data,1B,1B,52.213065,-106.090051,NAD83,25,m,Wetland,Field Msr/Obs,Surface Water,1995-09-12,,,,,,,Depth of water column,,,0.43,m,Actual,,,,,,,,,,,,,,
St. Denis National Wildlife Area - Historical Water Quality Data,25,25,52.21155,-106.10309,NAD83,,,Wetland,Field Msr/Obs,Surface Water,1995-09-12,,,,,,,Depth of water column,,,0.54,m,Actual,,,,,,,,,,,,,,
St. Denis National Wildlife Area - Historical Water Quality Data,4857,4857,52.202487,-106.111066,NAD83,,,Wetland,Field Msr/Obs,Surface Water,1995-09-12,,,,,,,Depth of water column,,,0.78,m,Actual,,,,,,,,,,,,,,
St. Denis National Wildlife Area - Historical Water Quality Data,50,50,52.205531,-106.107131,NAD83,,,Wetland,Field Msr/Obs,Surface Water,1995-09-12,,,,,,,Depth of water column,,,,,Actual,Not Reported,,,,,,,,,,,,,
St. Denis National Wildlife Area - Historical Water Quality Data,65,65,52.20543,-106.098645,NAD83,,,Wetland,Field Msr/Obs,Surface Water,1995-09-12,,,,,,,Depth of water column,,,0.7,m,Actual,,,,,,,,,,,,,,
St. Denis National Wildlife Area - Historical Water Quality Data,66,66,52.205977,-106.096295,NAD83,,,Wetland,Field Msr/Obs,Surface Water,1995-09-12,,,,,,,Depth of water column,,,1.24,m,Actual,,,,,,,,,,,,,,
St. Denis National Wildlife Area - Historical Water Quality Data,6642,6642,52.20919,-106.107784,NAD83,,,Wetland,Field Msr/Obs,Surface Water,1995-09-12,,,,,,,Depth of water column,,,,,Actual,Not Reported,,,,,,,,,,,,,
St. Denis National Wildlife Area - Historical Water Quality Data,67,67,52.209201,-106.097397,NAD83,,,Wetland,Field Msr/Obs,Surface Water,1995-09-12,,,,,,,Depth of water column,,,0.52,m,Actual,,,,,,,,,,,,,,
St. Denis National Wildlife Area - Historical Water Quality Data,90,90,52.204775,-106.080284,NAD83,,,Wetland,Field Msr/Obs,Surface Water,1995-09-12,,,,,,,Depth of water column,,,,,Actual,Not Reported,,,,,,,,,,,,,
St. Denis National Wildlife Area - Historical Water Quality Data,1A,1A,52.213065,-106.090051,NAD83,25,m,Wetland,Field Msr/Obs,Surface Water,1995-10-17,,,,,,,Depth of water column,,,,,Actual,Not Reported,,,,,,,,,,,,,
St. Denis National Wildlife Area - Historical Water Quality Data,1B,1B,52.213065,-106.090051,NAD83,25,m,Wetland,Field Msr/Obs,Surface Water,1995-10-17,,,,,,,Depth of water column,,,0.46,m,Actual,,,,,,,,,,,,,,
St. Denis National Wildlife Area - Historical Water Quality Data,25,25,52.21155,-106.10309,NAD83,,,Wetland,Field Msr/Obs,Surface Water,1995-10-17,,,,,,,Depth of water column,,,0.58,m,Actual,,,,,,,,,,,,,,
St. Denis National Wildlife Area - Historical Water Quality Data,4857,4857,52.202487,-106.111066,NAD83,,,Wetland,Field Msr/Obs,Surface Water,1995-10-17,,,,,,,Depth of water column,,,0.81,m,Actual,,,,,,,,,,,,,,
St. Denis National Wildlife Area - Historical Water Quality Data,50,50,52.205531,-106.107131,NAD83,,,Wetland,Field Msr/Obs,Surface Water,1995-10-17,,,,,,,Depth of water column,,,,,Actual,Not Reported,,,,,,,,,,,,,
St. Denis National Wildlife Area - Historical Water Quality Data,65,65,52.20543,-106.098645,NAD83,,,Wetland,Field Msr/Obs,Surface Water,1995-10-17,,,,,,,Depth of water column,,,0.73,m,Actual,,,,,,,,,,,,,,
St. Denis National Wildlife Area - Historical Water Quality Data,66,66,52.205977,-106.096295,NAD83,,,Wetland,Field Msr/Obs,Surface Water,1995-10-17,,,,,,,Depth of water column,,,1.24,m,Actual,,,,,,,,,,,,,,
St. Denis National Wildlife Area - Historical Water Quality Data,6642,6642,52.20919,-106.107784,NAD83,,,Wetland,Field Msr/Obs,Surface Water,1995-10-17,,,,,,,Depth of water column,,,,,Actual,Not Reported,,,,,,,,,,,,,
St. Denis National Wildlife Area - Historical Water Quality Data,67,67,52.209201,-106.097397,NAD83,,,Wetland,Field Msr/Obs,Surface Water,1995-10-17,,,,,,,Depth of water column,,,0.54,m,Actual,,,,,,,,,,,,,,
St. Denis National Wildlife Area - Historical Water Quality Data,90,90,52.204775,-106.080284,NAD83,,,Wetland,Field Msr/Obs,Surface Water,1995-10-17,,,,,,,Depth of water column,,,,,Actual,Not Reported,,,,,,,,,,,,,
St. Denis National Wildlife Area - Historical Water Quality Data,25,25,52.21155,-106.10309,NAD83,,,Wetland,Field Msr/Obs,Surface Water,1996-05-08,,,,,,,Depth of water column,,,0.527,m,Actual,,,,,,,,,,,,,,
St. Denis National Wildlife Area - Historical Water Quality Data,4857,4857,52.202487,-106.111066,NAD83,,,Wetland,Field Msr/Obs,Surface Water,1996-05-08,,,,,,,Depth of water column,,,0.375,m,Actual,,,,,,,,,,,,,,
St. Denis National Wildlife Area - Historical Water Quality Data,65,65,52.20543,-106.098645,NAD83,,,Wetland,Field Msr/Obs,Surface Water,1996-05-08,,,,,,,Depth of water column,,,0.375,m,Actual,,,,,,,,,,,,,,
St. Denis National Wildlife Area - Historical Water Quality Data,66,66,52.205977,-106.096295,NAD83,,,Wetland,Field Msr/Obs,Surface Water,1996-05-08,,,,,,,Depth of water column,,,0.93,m,Actual,,,,,,,,,,,,,,
St. Denis National Wildlife Area - Historical Water Quality Data,67,67,52.209201,-106.097397,NAD83,,,Wetland,Field Msr/Obs,Surface Water,1996-05-08,,,,,,,Depth of water column,,,0.775,m,Actual,,,,,,,,,,,,,,
St. Denis National Wildlife Area - Historical Water Quality Data,109,109,52.208774,-106.085747,NAD83,,,Wetland,Field Msr/Obs,Surface Water,1996-05-09,,,,,,,Depth of water column,,,0.655,m,Actual,,,,,,,,,,,,,,
St. Denis National Wildlife Area - Historical Water Quality Data,1A,1A,52.213065,-106.090051,NAD83,25,m,Wetland,Field Msr/Obs,Surface Water,1996-05-09,,,,,,,Depth of water column,,,,,Actual,Not Reported,,,,,,,,,,,,,
St. Denis National Wildlife Area - Historical Water Quality Data,1B,1B,52.213065,-106.090051,NAD83,25,m,Wetland,Field Msr/Obs,Surface Water,1996-05-09,,,,,,,Depth of water column,,,0.21,m,Actual,,,,,,,,,,,,,,
St. Denis National Wildlife Area - Historical Water Quality Data,37,37,52.208759,-106.110278,NAD83,,,Wetland,Field Msr/Obs,Surface Water,1996-05-09,,,,,,,Depth of water column,,,0.31,m,Actual,,,,,,,,,,,,,,
St. Denis National Wildlife Area - Historical Water Quality Data,50,50,52.205531,-106.107131,NAD83,,,Wetland,Field Msr/Obs,Surface Water,1996-05-09,,,,,,,Depth of water column,,,0.27,m,Actual,,,,,,,,,,,,,,
St. Denis National Wildlife Area - Historical Water Quality Data,60,60,52.203206,-106.102308,NAD83,,,Wetland,Field Msr/Obs,Surface Water,1996-05-09,,,,,,,Depth of water column,,,0.56,m,Actual,,,,,,,,,,,,,,
St. Denis National Wildlife Area - Historical Water Quality Data,6642,6642,52.20919,-106.107784,NAD83,,,Wetland,Field Msr/Obs,Surface Water,1996-05-09,,,,,,,Depth of water column,,,,,Actual,Not Reported,,,,,,,,,,,,,
St. Denis National Wildlife Area - Historical Water Quality Data,86,86,52.202298,-106.084132,NAD83,,,Wetland,Field Msr/Obs,Surface Water,1996-05-09,,,,,,,Depth of water column,,,0.53,m,Actual,,,,,,,,,,,,,,
St. Denis National Wildlife Area - Historical Water Quality Data,90,90,52.204775,-106.080284,NAD83,,,Wetland,Field Msr/Obs,Surface Water,1996-05-09,,,,,,,Depth of water column,,,0.78,m,Actual,,,,,,,,,,,,,,
St. Denis National Wildlife Area - Historical Water Quality Data,1A,1A,52.213065,-106.090051,NAD83,25,m,Wetland,Field Msr/Obs,Surface Water,1996-06-10,,,,,,,Depth of water column,,,,,Actual,Not Reported,,,,,,,,,,,,,
St. Denis National Wildlife Area - Historical Water Quality Data,1B,1B,52.213065,-106.090051,NAD83,25,m,Wetland,Field Msr/Obs,Surface Water,1996-06-10,,,,,,,Depth of water column,,,0.175,m,Actual,,,,,,,,,,,,,,
St. Denis National Wildlife Area - Historical Water Quality Data,25,25,52.21155,-106.10309,NAD83,,,Wetland,Field Msr/Obs,Surface Water,1996-06-10,,,,,,,Depth of water column,,,0.375,m,Actual,,,,,,,,,,,,,,
St. Denis National Wildlife Area - Historical Water Quality Data,37,37,52.208759,-106.110278,NAD83,,,Wetland,Field Msr/Obs,Surface Water,1996-06-10,,,,,,,Depth of water column,,,0.65,m,Actual,,,,,,,,,,,,,,
St. Denis National Wildlife Area - Historical Water Quality Data,4857,4857,52.202487,-106.111066,NAD83,,,Wetland,Field Msr/Obs,Surface Water,1996-06-10,,,,,,,Depth of water column,,,0.38,m,Actual,,,,,,,,,,,,,,
St. Denis National Wildlife Area - Historical Water Quality Data,50,50,52.205531,-106.107131,NAD83,,,Wetland,Field Msr/Obs,Surface Water,1996-06-10,,,,,,,Depth of water column,,,0.235,m,Actual,,,,,,,,,,,,,,
St. Denis National Wildlife Area - Historical Water Quality Data,109,109,52.208774,-106.085747,NAD83,,,Wetland,Field Msr/Obs,Surface Water,1996-06-11,,,,,,,Depth of water column,,,0.67,m,Actual,,,,,,,,,,,,,,
St. Denis National Wildlife Area - Historical Water Quality Data,60,60,52.203206,-106.102308,NAD83,,,Wetland,Field Msr/Obs,Surface Water,1996-06-11,,,,,,,Depth of water column,,,0.61,m,Actual,,,,,,,,,,,,,,
St. Denis National Wildlife Area - Historical Water Quality Data,65,65,52.20543,-106.098645,NAD83,,,Wetland,Field Msr/Obs,Surface Water,1996-06-11,,,,,,,Depth of water column,,,0.35,m,Actual,,,,,,,,,,,,,,
St. Denis National Wildlife Area - Historical Water Quality Data,66,66,52.205977,-106.096295,NAD83,,,Wetland,Field Msr/Obs,Surface Water,1996-06-11,,,,,,,Depth of water column,,,0.88,m,Actual,,,,,,,,,,,,,,
St. Denis National Wildlife Area - Historical Water Quality Data,6642,6642,52.20919,-106.107784,NAD83,,,Wetland,Field Msr/Obs,Surface Water,1996-06-11,,,,,,,Depth of water column,,,,,Actual,Not Reported,,,,,,,,,,,,,
St. Denis National Wildlife Area - Historical Water Quality Data,67,67,52.209201,-106.097397,NAD83,,,Wetland,Field Msr/Obs,Surface Water,1996-06-11,,,,,,,Depth of water column,,,0.725,m,Actual,,,,,,,,,,,,,,
St. Denis National Wildlife Area - Historical Water Quality Data,86,86,52.202298,-106.084132,NAD83,,,Wetland,Field Msr/Obs,Surface Water,1996-06-11,,,,,,,Depth of water column,,,0.55,m,Actual,,,,,,,,,,,,,,
St. Denis National Wildlife Area - Historical Water Quality Data,90,90,52.204775,-106.080284,NAD83,,,Wetland,Field Msr/Obs,Surface Water,1996-06-11,,,,,,,Depth of water column,,,0.72,m,Actual,,,,,,,,,,,,,,
St. Denis National Wildlife Area - Historical Water Quality Data,1A,1A,52.213065,-106.090051,NAD83,25,m,Wetland,Field Msr/Obs,Surface Water,1996-07-09,,,,,,,Depth of water column,,,,,Actual,Not Reported,,,,,,,,,,,,,
St. Denis National Wildlife Area - Historical Water Quality Data,1B,1B,52.213065,-106.090051,NAD83,25,m,Wetland,Field Msr/Obs,Surface Water,1996-07-09,,,,,,,Depth of water column,,,0.66,m,Actual,,,,,,,,,,,,,,
St. Denis National Wildlife Area - Historical Water Quality Data,25,25,52.21155,-106.10309,NAD83,,,Wetland,Field Msr/Obs,Surface Water,1996-07-09,,,,,,,Depth of water column,,,0.38,m,Actual,,,,,,,,,,,,,,
St. Denis National Wildlife Area - Historical Water Quality Data,37,37,52.208759,-106.110278,NAD83,,,Wetland,Field Msr/Obs,Surface Water,1996-07-09,,,,,,,Depth of water column,,,0.675,m,Actual,,,,,,,,,,,,,,
St. Denis National Wildlife Area - Historical Water Quality Data,4857,4857,52.202487,-106.111066,NAD83,,,Wetland,Field Msr/Obs,Surface Water,1996-07-09,,,,,,,Depth of water column,,,0.36,m,Actual,,,,,,,,,,,,,,
St. Denis National Wildlife Area - Historical Water Quality Data,50,50,52.205531,-106.107131,NAD83,,,Wetland,Field Msr/Obs,Surface Water,1996-07-09,,,,,,,Depth of water column,,,0.15,m,Actual,,,,,,,,,,,,,,
St. Denis National Wildlife Area - Historical Water Quality Data,60,60,52.203206,-106.102308,NAD83,,,Wetland,Field Msr/Obs,Surface Water,1996-07-09,,,,,,,Depth of water column,,,0.6,m,Actual,,,,,,,,,,,,,,
St. Denis National Wildlife Area - Historical Water Quality Data,109,109,52.208774,-106.085747,NAD83,,,Wetland,Field Msr/Obs,Surface Water,1996-07-10,,,,,,,Depth of water column,,,0.575,m,Actual,,,,,,,,,,,,,,
St. Denis National Wildlife Area - Historical Water Quality Data,65,65,52.20543,-106.098645,NAD83,,,Wetland,Field Msr/Obs,Surface Water,1996-07-10,,,,,,,Depth of water column,,,0.235,m,Actual,,,,,,,,,,,,,,
St. Denis National Wildlife Area - Historical Water Quality Data,66,66,52.205977,-106.096295,NAD83,,,Wetland,Field Msr/Obs,Surface Water,1996-07-10,,,,,,,Depth of water column,,,0.83,m,Actual,,,,,,,,,,,,,,
St. Denis National Wildlife Area - Historical Water Quality Data,6642,6642,52.20919,-106.107784,NAD83,,,Wetland,Field Msr/Obs,Surface Water,1996-07-10,,,,,,,Depth of water column,,,,,Actual,Not Reported,,,,,,,,,,,,,
St. Denis National Wildlife Area - Historical Water Quality Data,67,67,52.209201,-106.097397,NAD83,,,Wetland,Field Msr/Obs,Surface Water,1996-07-10,,,,,,,Depth of water column,,,0.605,m,Actual,,,,,,,,,,,,,,
St. Denis National Wildlife Area - Historical Water Quality Data,86,86,52.202298,-106.084132,NAD83,,,Wetland,Field Msr/Obs,Surface Water,1996-07-10,,,,,,,Depth of water column,,,0.46,m,Actual,,,,,,,,,,,,,,
St. Denis National Wildlife Area - Historical Water Quality Data,90,90,52.204775,-106.080284,NAD83,,,Wetland,Field Msr/Obs,Surface Water,1996-07-10,,,,,,,Depth of water column,,,0.72,m,Actual,,,,,,,,,,,,,,
St. Denis National Wildlife Area - Historical Water Quality Data,1A,1A,52.213065,-106.090051,NAD83,25,m,Wetland,Field Msr/Obs,Surface Water,1996-08-13,,,,,,,Depth of water column,,,,,Actual,Not Reported,,,,,,,,,,,,,
St. Denis National Wildlife Area - Historical Water Quality Data,1B,1B,52.213065,-106.090051,NAD83,25,m,Wetland,Field Msr/Obs,Surface Water,1996-08-13,,,,,,,Depth of water column,,,0.745,m,Actual,,,,,,,,,,,,,,
St. Denis National Wildlife Area - Historical Water Quality Data,25,25,52.21155,-106.10309,NAD83,,,Wetland,Field Msr/Obs,Surface Water,1996-08-13,,,,,,,Depth of water column,,,0.6,m,Actual,,,,,,,,,,,,,,
St. Denis National Wildlife Area - Historical Water Quality Data,37,37,52.208759,-106.110278,NAD83,,,Wetland,Field Msr/Obs,Surface Water,1996-08-13,,,,,,,Depth of water column,,,0.44,m,Actual,,,,,,,,,,,,,,
St. Denis National Wildlife Area - Historical Water Quality Data,4857,4857,52.202487,-106.111066,NAD83,,,Wetland,Field Msr/Obs,Surface Water,1996-08-13,,,,,,,Depth of water column,,,0.53,m,Actual,,,,,,,,,,,,,,
St. Denis National Wildlife Area - Historical Water Quality Data,50,50,52.205531,-106.107131,NAD83,,,Wetland,Field Msr/Obs,Surface Water,1996-08-13,,,,,,,Depth of water column,,,0.32,m,Actual,,,,,,,,,,,,,,
St. Denis National Wildlife Area - Historical Water Quality Data,60,60,52.203206,-106.102308,NAD83,,,Wetland,Field Msr/Obs,Surface Water,1996-08-13,,,,,,,Depth of water column,,,0.785,m,Actual,,,,,,,,,,,,,,
St. Denis National Wildlife Area - Historical Water Quality Data,109,109,52.208774,-106.085747,NAD83,,,Wetland,Field Msr/Obs,Surface Water,1996-08-14,,,,,,,Depth of water column,,,0.795,m,Actual,,,,,,,,,,,,,,
St. Denis National Wildlife Area - Historical Water Quality Data,65,65,52.20543,-106.098645,NAD83,,,Wetland,Field Msr/Obs,Surface Water,1996-08-14,,,,,,,Depth of water column,,,0.32,m,Actual,,,,,,,,,,,,,,
St. Denis National Wildlife Area - Historical Water Quality Data,66,66,52.205977,-106.096295,NAD83,,,Wetland,Field Msr/Obs,Surface Water,1996-08-14,,,,,,,Depth of water column,,,0.92,m,Actual,,,,,,,,,,,,,,
St. Denis National Wildlife Area - Historical Water Quality Data,6642,6642,52.20919,-106.107784,NAD83,,,Wetland,Field Msr/Obs,Surface Water,1996-08-14,,,,,,,Depth of water column,,,,,Actual,Not Reported,,,,,,,,,,,,,
St. Denis National Wildlife Area - Historical Water Quality Data,67,67,52.209201,-106.097397,NAD83,,,Wetland,Field Msr/Obs,Surface Water,1996-08-14,,,,,,,Depth of water column,,,0.7,m,Actual,,,,,,,,,,,,,,
St. Denis National Wildlife Area - Historical Water Quality Data,86,86,52.202298,-106.084132,NAD83,,,Wetland,Field Msr/Obs,Surface Water,1996-08-14,,,,,,,Depth of water column,,,0.685,m,Actual,,,,,,,,,,,,,,
St. Denis National Wildlife Area - Historical Water Quality Data,90,90,52.204775,-106.080284,NAD83,,,Wetland,Field Msr/Obs,Surface Water,1996-08-14,,,,,,,Depth of water column,,,0.75,m,Actual,,,,,,,,,,,,,,
St. Denis National Wildlife Area - Historical Water Quality Data,109,109,52.208774,-106.085747,NAD83,,,Wetland,Field Msr/Obs,Surface Water,1996-09-18,,,,,,,Depth of water column,,,1.07,m,Actual,,,,,,,,,,,,,,
St. Denis National Wildlife Area - Historical Water Quality Data,1A,1A,52.213065,-106.090051,NAD83,25,m,Wetland,Field Msr/Obs,Surface Water,1996-09-18,,,,,,,Depth of water column,,,,,Actual,Not Reported,,,,,,,,,,,,,
St. Denis National Wildlife Area - Historical Water Quality Data,1B,1B,52.213065,-106.090051,NAD83,25,m,Wetland,Field Msr/Obs,Surface Water,1996-09-18,,,,,,,Depth of water column,,,0.845,m,Actual,,,,,,,,,,,,,,
St. Denis National Wildlife Area - Historical Water Quality Data,25,25,52.21155,-106.10309,NAD83,,,Wetland,Field Msr/Obs,Surface Water,1996-09-18,,,,,,,Depth of water column,,,0.72,m,Actual,,,,,,,,,,,,,,
St. Denis National Wildlife Area - Historical Water Quality Data,37,37,52.208759,-106.110278,NAD83,,,Wetland,Field Msr/Obs,Surface Water,1996-09-18,,,,,,,Depth of water column,,,0.62,m,Actual,,,,,,,,,,,,,,
St. Denis National Wildlife Area - Historical Water Quality Data,4857,4857,52.202487,-106.111066,NAD83,,,Wetland,Field Msr/Obs,Surface Water,1996-09-18,,,,,,,Depth of water column,,,0.5,m,Actual,,,,,,,,,,,,,,
St. Denis National Wildlife Area - Historical Water Quality Data,50,50,52.205531,-106.107131,NAD83,,,Wetland,Field Msr/Obs,Surface Water,1996-09-18,,,,,,,Depth of water column,,,0.41,m,Actual,,,,,,,,,,,,,,
St. Denis National Wildlife Area - Historical Water Quality Data,90,90,52.204775,-106.080284,NAD83,,,Wetland,Field Msr/Obs,Surface Water,1996-09-18,,,,,,,Depth of water column,,,0.81,m,Actual,,,,,,,,,,,,,,
St. Denis National Wildlife Area - Historical Water Quality Data,65,65,52.20543,-106.098645,NAD83,,,Wetland,Field Msr/Obs,Surface Water,1996-09-19,,,,,,,Depth of water column,,,0.4,m,Actual,,,,,,,,,,,,,,
St. Denis National Wildlife Area - Historical Water Quality Data,66,66,52.205977,-106.096295,NAD83,,,Wetland,Field Msr/Obs,Surface Water,1996-09-19,,,,,,,Depth of water column,,,1,m,Actual,,,,,,,,,,,,,,
St. Denis National Wildlife Area - Historical Water Quality Data,6642,6642,52.20919,-106.107784,NAD83,,,Wetland,Field Msr/Obs,Surface Water,1996-09-19,,,,,,,Depth of water column,,,,,Actual,Not Reported,,,,,,,,,,,,,
St. Denis National Wildlife Area - Historical Water Quality Data,67,67,52.209201,-106.097397,NAD83,,,Wetland,Field Msr/Obs,Surface Water,1996-09-19,,,,,,,Depth of water column,,,0.78,m,Actual,,,,,,,,,,,,,,
St. Denis National Wildlife Area - Historical Water Quality Data,86,86,52.202298,-106.084132,NAD83,,,Wetland,Field Msr/Obs,Surface Water,1996-09-19,,,,,,,Depth of water column,,,0.93,m,Actual,,,,,,,,,,,,,,
St. Denis National Wildlife Area - Historical Water Quality Data,1A,1A,52.213065,-106.090051,NAD83,25,m,Wetland,Field Msr/Obs,Surface Water,1996-10-15,,,,,,,Depth of water column,,,,,Actual,Not Reported,,,,,,,,,,,,,
St. Denis National Wildlife Area - Historical Water Quality Data,1B,1B,52.213065,-106.090051,NAD83,25,m,Wetland,Field Msr/Obs,Surface Water,1996-10-15,,,,,,,Depth of water column,,,0.89,m,Actual,,,,,,,,,,,,,,
St. Denis National Wildlife Area - Historical Water Quality Data,25,25,52.21155,-106.10309,NAD83,,,Wetland,Field Msr/Obs,Surface Water,1996-10-15,,,,,,,Depth of water column,,,0.75,m,Actual,,,,,,,,,,,,,,
St. Denis National Wildlife Area - Historical Water Quality Data,37,37,52.208759,-106.110278,NAD83,,,Wetland,Field Msr/Obs,Surface Water,1996-10-15,,,,,,,Depth of water column,,,0.66,m,Actual,,,,,,,,,,,,,,
St. Denis National Wildlife Area - Historical Water Quality Data,4857,4857,52.202487,-106.111066,NAD83,,,Wetland,Field Msr/Obs,Surface Water,1996-10-15,,,,,,,Depth of water column,,,,,Actual,Not Reported,,,,,,,,,,,,,
St. Denis National Wildlife Area - Historical Water Quality Data,50,50,52.205531,-106.107131,NAD83,,,Wetland,Field Msr/Obs,Surface Water,1996-10-15,,,,,,,Depth of water column,,,0.44,m,Actual,,,,,,,,,,,,,,
St. Denis National Wildlife Area - Historical Water Quality Data,65,65,52.20543,-106.098645,NAD83,,,Wetland,Field Msr/Obs,Surface Water,1996-10-15,,,,,,,Depth of water column,,,0.4,m,Actual,,,,,,,,,,,,,,
St. Denis National Wildlife Area - Historical Water Quality Data,66,66,52.205977,-106.096295,NAD83,,,Wetland,Field Msr/Obs,Surface Water,1996-10-15,,,,,,,Depth of water column,,,1.01,m,Actual,,,,,,,,,,,,,,
St. Denis National Wildlife Area - Historical Water Quality Data,67,67,52.209201,-106.097397,NAD83,,,Wetland,Field Msr/Obs,Surface Water,1996-10-15,,,,,,,Depth of water column,,,0.79,m,Actual,,,,,,,,,,,,,,
St. Denis National Wildlife Area - Historical Water Quality Data,109,109,52.208774,-106.085747,NAD83,,,Wetland,Field Msr/Obs,Surface Water,1996-10-16,,,,,,,Depth of water column,,,1.18,m,Actual,,,,,,,,,,,,,,
St. Denis National Wildlife Area - Historical Water Quality Data,6642,6642,52.20919,-106.107784,NAD83,,,Wetland,Field Msr/Obs,Surface Water,1996-10-16,,,,,,,Depth of water column,,,,,Actual,Not Reported,,,,,,,,,,,,,
St. Denis National Wildlife Area - Historical Water Quality Data,86,86,52.202298,-106.084132,NAD83,,,Wetland,Field Msr/Obs,Surface Water,1996-10-16,,,,,,,Depth of water column,,,1.03,m,Actual,,,,,,,,,,,,,,
St. Denis National Wildlife Area - Historical Water Quality Data,90,90,52.204775,-106.080284,NAD83,,,Wetland,Field Msr/Obs,Surface Water,1996-10-16,,,,,,,Depth of water column,,,0.83,m,Actual,,,,,,,,,,,,,,
